transition,nonchurn_n,churn_n,churn_rate,nonchurn_rate,lift
purchase → cs_contact,154,3,0.00375,0.037081627738983866,-0.8988717532467532
cs_contact → purchase,147,3,0.00375,0.03539609920539369,-0.8940561224489795
review → review,194,4,0.005,0.04671321935949916,-0.8929639175257733
review → purchase,204,5,0.00625,0.04912111726462798,-0.8727634803921569
review → coupon_use,280,8,0.01,0.06742114134360704,-0.8516785714285714
