customer_id,predicted_clv,clv_percentile,is_high_value
C000000,0.0,7.0,0
C000001,141174.74793930224,29.1,0
C000002,339176.57073085284,64.5,0
C000003,276381.60279634764,54.3,0
C000004,4535618.005822578,98.9,1
C000005,302597.4745095973,59.1,0
C000006,0.0,7.0,0
C000007,64257.828874970626,17.9,0
C000008,747951.2948644063,82.8,1
C000009,263488.57785413275,51.7,0
C000010,216525.2888940201,42.0,0
C000011,0.0,7.0,0
C000012,121308.29686935898,26.0,0
C000013,104710.73446687908,23.4,0
C000014,277108.9797394457,54.4,0
C000015,782052.4440988721,84.3,1
C000016,310323.31449720776,60.4,0
C000017,3285307.9653661083,91.5,1
C000018,0.0,7.0,0
C000019,291163.10987564846,57.0,0
C000020,251414.9302162972,49.0,0
C000021,285393.82674964145,56.0,0
C000022,264212.3690737923,51.9,0
C000023,12469.85090170505,14.5,0
C000024,0.0,7.0,0
C000025,668211.0305416889,79.2,0
C000026,168613.90002729336,33.5,0
C000027,4104794.7175223147,96.2,1
C000028,826100.1491896363,86.2,1
C000029,53986.39025073656,16.9,0
C000030,91728.997167664,21.6,0
C000031,213931.9116308074,41.5,0
C000032,152972.2874654906,31.0,0
C000033,285030.4371234173,55.9,0
C000034,182430.73880799935,35.6,0
C000035,864420.6898228972,87.5,1
C000036,654583.9719304002,78.5,0
C000037,170270.30192282042,33.7,0
C000038,706967.4690177784,81.1,1
C000039,421895.05616603605,71.0,0
C000040,249094.46444529734,48.5,0
C000041,0.0,7.0,0
C000042,146888.52016856777,30.1,0
C000043,376016.46552573954,68.1,0
C000044,93732.29307682299,21.8,0
C000045,0.0,7.0,0
C000046,236772.73747520347,46.1,0
C000047,704724.2406211908,81.0,1
C000048,326576.50207983155,62.9,0
C000049,618881.8839263491,77.2,0
C000050,610373.65152737,76.9,0
C000051,4340613.612207021,97.9,1
C000052,66681.66132680712,18.2,0
C000053,73597.16154978407,19.1,0
C000054,0.0,7.0,0
C000055,0.0,7.0,0
C000056,276203.24641287915,54.3,0
C000057,0.0,7.0,0
C000058,1070538.3410542211,90.6,1
C000059,514471.18353032996,74.0,0
C000060,0.0,7.0,0
C000061,249693.32737872592,48.7,0
C000062,289620.9803734873,56.7,0
C000063,142466.06263880184,29.4,0
C000064,235663.34201484596,45.7,0
C000065,353340.74994639255,66.1,0
C000066,126344.97465599462,26.8,0
C000067,267859.3154472641,52.6,0
C000068,4020547.631029046,95.6,1
C000069,201031.65659872087,39.0,0
C000070,731443.177805759,82.1,1
C000071,347356.4792702365,65.4,0
C000072,0.0,7.0,0
C000073,353511.27049772115,66.1,0
C000074,2984953.451581356,91.0,1
C000075,871316.6829962576,87.8,1
C000076,693220.0599255154,80.4,1
C000077,200254.73570822555,38.9,0
C000078,266665.2769633068,52.4,0
C000079,0.0,7.0,0
C000080,302487.3387205491,59.0,0
C000081,243575.685964805,47.4,0
C000082,0.0,7.0,0
C000083,689523.8134435066,80.2,1
C000084,4652337.791961388,99.3,1
C000085,3566175.826443519,92.6,1
C000086,171374.4450054962,33.8,0
C000087,112468.06178572043,24.6,0
C000088,0.0,7.0,0
C000089,187988.62688168517,36.7,0
C000090,650068.5828187416,78.3,0
C000091,280542.5367320924,55.1,0
C000092,151973.7450885574,30.8,0
C000093,212257.8348487939,41.2,0
C000094,255791.48945979457,49.9,0
C000095,0.0,7.0,0
C000096,0.0,7.0,0
C000097,4054958.1184655624,95.8,1
C000098,504802.2159349832,73.7,0
C000099,292769.61361377465,57.2,0
C000100,245950.92305330967,47.8,0
C000101,292855.04012491053,57.3,0
C000102,889111.4176461461,88.3,1
C000103,345256.234461762,65.2,0
C000104,171100.5175112813,33.8,0
C000105,35792.017701117795,15.4,0
C000106,253141.75884003175,49.4,0
C000107,653055.1183234195,78.5,0
C000108,4539784.16170983,98.9,1
C000109,0.0,7.0,0
C000110,152065.64004755174,30.8,0
C000111,279065.3942132485,54.8,0
C000112,31994.847387673115,15.3,0
C000113,233779.9491817507,45.4,0
C000114,582411.6539745545,75.9,0
C000115,0.0,7.0,0
C000116,0.0,7.0,0
C000117,127512.75741452516,27.1,0
C000118,353136.96782992606,66.1,0
C000119,408926.6640711316,70.3,0
C000120,139089.72738124168,28.7,0
C000121,259620.534993485,50.8,0
C000122,4186922.8705290337,96.7,1
C000123,252452.11029697265,49.3,0
C000124,4610328.35374869,99.2,1
C000125,149797.00870585706,30.5,0
C000126,215146.0113619069,41.8,0
C000127,775497.8329151889,84.0,1
C000128,827869.7372349113,86.2,1
C000129,241790.61576350618,47.0,0
C000130,797677.4996710238,85.0,1
C000131,368427.75846545625,67.4,0
C000132,196742.97453250532,38.3,0
C000133,254408.14909370802,49.7,0
C000134,471761.999077974,72.8,0
C000135,3486390.9630369106,92.2,1
C000136,122633.29241582431,26.3,0
C000137,58233.611414345985,17.3,0
C000138,0.0,7.0,0
C000139,4277214.049568051,97.5,1
C000140,284002.1214531852,55.7,0
C000141,217556.53289351647,42.2,0
C000142,168064.8829241641,33.4,0
C000143,482715.73692982417,73.1,0
C000144,85618.5513610104,20.7,0
C000145,686521.6621360002,80.0,1
C000146,231047.22257591406,44.8,0
C000147,423686.60655566206,71.0,0
C000148,141357.34662172836,29.2,0
C000149,40305.433943130214,15.8,0
C000150,94210.17866059845,21.9,0
C000151,74070.97212988151,19.1,0
C000152,910870.029449847,88.8,1
C000153,280384.74335519265,55.1,0
C000154,561936.7526495279,75.3,0
C000155,104559.81778768192,23.4,0
C000156,520651.6261749359,74.1,0
C000157,0.0,7.0,0
C000158,0.0,7.0,0
C000159,41208.41134188051,15.8,0
C000160,392915.6450578924,69.3,0
C000161,182913.97745147403,35.7,0
C000162,774775.6199992306,84.0,1
C000163,4541005.562934402,98.9,1
C000164,0.0,7.0,0
C000165,0.0,7.0,0
C000166,76310.81104264798,19.4,0
C000167,0.0,7.0,0
C000168,403624.1150443459,70.1,0
C000169,246900.88677571138,48.0,0
C000170,606782.3285176619,76.7,0
C000171,316764.7148274658,61.4,0
C000172,450487.7561545768,72.1,0
C000173,123904.35948284336,26.4,0
C000174,663555.0785809746,78.9,0
C000175,3909870.931822099,94.8,1
C000176,252453.86806289878,49.3,0
C000177,291320.06310697616,57.0,0
C000178,339033.5751331756,64.4,0
C000179,19386.0857853474,14.7,0
C000180,49607.659865194226,16.5,0
C000181,232350.5242965632,45.0,0
C000182,373697.2009163344,67.9,0
C000183,300025.3213530969,58.5,0
C000184,8.525794139576272,14.1,0
C000185,325248.5089642755,62.7,0
C000186,156925.8170197949,31.6,0
C000187,4390506.304131822,98.2,1
C000188,0.0,7.0,0
C000189,455256.2125824505,72.3,0
C000190,310554.4012263695,60.5,0
C000191,400218.36460953235,69.9,0
C000192,967320.7925885604,89.9,1
C000193,0.0,7.0,0
C000194,764712.7373884419,83.6,1
C000195,841990.2116538192,86.8,1
C000196,283898.5562540879,55.7,0
C000197,138305.64548304974,28.6,0
C000198,316409.66649910156,61.4,0
C000199,314718.77942978265,61.1,0
C000200,0.0,7.0,0
C000201,166612.98648741737,33.1,0
C000202,64143.189376865106,17.9,0
C000203,467996.6127571019,72.7,0
C000204,5165825.759420563,100.0,1
C000205,666597.5636324844,79.1,0
C000206,743007.2764550011,82.6,1
C000207,370516.86608366907,67.6,0
C000208,383672.6653026967,68.7,0
C000209,347368.3759759394,65.4,0
C000210,246374.73427859685,47.9,0
C000211,318037.6599012419,61.6,0
C000212,677512.5606165755,79.6,0
C000213,65222.455310720536,18.1,0
C000214,0.0,7.0,0
C000215,173961.10675532254,34.2,0
C000216,945928.9300473669,89.5,1
C000217,897031.93813269,88.5,1
C000218,251616.2633719894,49.0,0
C000219,275884.2249306016,54.2,0
C000220,265834.76325547416,52.2,0
C000221,0.0,7.0,0
C000222,249844.735098981,48.7,0
C000223,157406.27353181766,31.7,0
C000224,887065.6413316228,88.2,1
C000225,279451.1216242942,54.9,0
C000226,3947350.5113862995,95.0,1
C000227,190823.4309876541,37.2,0
C000228,228903.58163329342,44.5,0
C000229,705060.7684103181,81.0,1
C000230,568565.2238525047,75.5,0
C000231,186683.29755253874,36.4,0
C000232,377482.3891259921,68.2,0
C000233,235117.51009195216,45.6,0
C000234,235808.76832501357,45.8,0
C000235,0.0,7.0,0
C000236,251043.5271712291,48.9,0
C000237,0.0,7.0,0
C000238,3423412.8420599727,91.9,1
C000239,620779.8263382872,77.3,0
C000240,90389.04345051931,21.3,0
C000241,0.0,7.0,0
C000242,704886.2543709709,81.0,1
C000243,234617.18286366548,45.6,0
C000244,5.991167941914468,14.1,0
C000245,307799.3788841252,59.9,0
C000246,0.0,7.0,0
C000247,204173.28052661428,39.6,0
C000248,166888.65759833678,33.2,0
C000249,317989.75221904856,61.6,0
C000250,230975.9367937953,44.8,0
C000251,312535.4012727543,60.8,0
C000252,326500.0760501926,62.8,0
C000253,403324.8747701363,70.0,0
C000254,770762.2473941552,83.9,1
C000255,0.0,7.0,0
C000256,9498.051112182673,14.4,0
C000257,544194.5616913164,74.8,0
C000258,4226089.503726136,97.0,1
C000259,136967.71660024073,28.4,0
C000260,747800.9812028878,82.8,1
C000261,101205.98417961042,22.9,0
C000262,246576.33466577256,48.0,0
C000263,762965.301196276,83.5,1
C000264,145529.17523175804,29.9,0
C000265,502234.9504681644,73.6,0
C000266,711617.3826527962,81.3,1
C000267,874861.5839578336,87.9,1
C000268,521559.63878025237,74.1,0
C000269,3293105.9057729756,91.5,1
C000270,3983906.084661071,95.3,1
C000271,684456.2324787864,80.0,1
C000272,3131248.0290968018,91.2,1
C000273,207869.0294386721,40.4,0
C000274,207081.34687452615,40.2,0
C000275,267426.1479898468,52.6,0
C000276,249261.95601035445,48.6,0
C000277,146609.0631041623,30.1,0
C000278,274293.86625423515,53.9,0
C000279,176334.04360081058,34.6,0
C000280,3454149.757526912,92.0,1
C000281,832179.6590770587,86.4,1
C000282,873685.761236187,87.8,1
C000283,48423.81857709936,16.5,0
C000284,222665.2157494972,43.2,0
C000285,243052.01178991454,47.3,0
C000286,4028553.37858395,95.6,1
C000287,393406.9391963502,69.4,0
C000288,92174.61081878722,21.6,0
C000289,872603.8687581235,87.8,1
C000290,71631.89938765569,18.9,0
C000291,4209857.9796719225,96.9,1
C000292,254466.98826191816,49.7,0
C000293,4264516.635061768,97.4,1
C000294,0.0,7.0,0
C000295,197388.70848855266,38.4,0
C000296,0.0,7.0,0
C000297,174937.6141073521,34.4,0
C000298,0.0,7.0,0
C000299,303612.25525809405,59.2,0
C000300,171650.19426908667,33.9,0
C000301,790441.472586812,84.7,1
C000302,118933.56149915713,25.7,0
C000303,158230.73132202055,31.8,0
C000304,174113.37790647458,34.2,0
C000305,194375.57710248217,37.8,0
C000306,108611.50840488961,24.0,0
C000307,284404.41852195194,55.8,0
C000308,616342.2053676145,77.1,0
C000309,467951.41073027585,72.7,0
C000310,139131.35979548577,28.7,0
C000311,259781.74532640557,50.8,0
C000312,674086.655970468,79.4,0
C000313,154134.01195601062,31.1,0
C000314,301596.78936264967,58.8,0
C000315,181388.11961946424,35.5,0
C000316,259544.20954857083,50.7,0
C000317,266459.1261410657,52.4,0
C000318,811779.1285069119,85.5,1
C000319,189382.9400051055,37.0,0
C000320,0.0,7.0,0
C000321,172899.60450868797,34.1,0
C000322,172770.1122736241,34.1,0
C000323,269710.8272414098,53.0,0
C000324,69183.95045600978,18.5,0
C000325,198021.28106429538,38.5,0
C000326,0.0,7.0,0
C000327,383876.37982753816,68.7,0
C000328,301706.17292483675,58.8,0
C000329,736522.0237350387,82.3,1
C000330,0.0,7.0,0
C000331,542968.4501967423,74.7,0
C000332,191363.21329558545,37.3,0
C000333,0.0,7.0,0
C000334,441724.2303849477,71.7,0
C000335,396280.49425130035,69.6,0
C000336,3770725.8188997717,93.9,1
C000337,76428.64883246498,19.4,0
C000338,4439714.674022584,98.5,1
C000339,0.0,7.0,0
C000340,508269.45103679644,73.8,0
C000341,336381.38380800694,64.2,0
C000342,0.0,7.0,0
C000343,298304.98591963155,58.2,0
C000344,0.0,7.0,0
C000345,9453.514492111906,14.4,0
C000346,224087.85952615633,43.5,0
C000347,630239.3542618132,77.6,0
C000348,412798.5390128165,70.5,0
C000349,3204052.976335224,91.3,1
C000350,126708.73490619876,26.9,0
C000351,583911.3314361266,75.9,0
C000352,149376.04724992727,30.4,0
C000353,409012.8501997466,70.3,0
C000354,259375.48534628752,50.7,0
C000355,250118.21279575274,48.7,0
C000356,0.0,7.0,0
C000357,113467.11928145039,24.9,0
C000358,207348.28515001351,40.3,0
C000359,335755.9727224884,64.1,0
C000360,183433.86380944992,35.8,0
C000361,768081.697345035,83.8,1
C000362,968844.8027774382,89.9,1
C000363,4702732.652954838,99.4,1
C000364,204130.87296095662,39.6,0
C000365,223697.9769595267,43.4,0
C000366,92777.05077756633,21.7,0
C000367,198134.5601779781,38.5,0
C000368,61470.726750249276,17.6,0
C000369,219439.57441630468,42.6,0
C000370,44193.131719321216,16.1,0
C000371,683362.9140507745,79.9,0
C000372,178160.4578213179,34.9,0
C000373,195883.2263070601,38.1,0
C000374,485598.9795729462,73.2,0
C000375,873018.0274669568,87.8,1
C000376,237977.88856163004,46.3,0
C000377,224112.90254587313,43.5,0
C000378,0.0,7.0,0
C000379,113295.222977945,24.8,0
C000380,250286.61416910763,48.8,0
C000381,120566.11239484015,25.9,0
C000382,0.0,7.0,0
C000383,0.0,7.0,0
C000384,255768.0275352559,49.9,0
C000385,346385.23601554567,65.4,0
C000386,0.0,7.0,0
C000387,334346.2640072463,64.0,0
C000388,787864.0424206618,84.6,1
C000389,351269.98414730525,65.9,0
C000390,314933.682389091,61.1,0
C000391,394227.67896319786,69.4,0
C000392,277296.0940701871,54.5,0
C000393,200795.82992859834,39.0,0
C000394,4221145.817319251,97.0,1
C000395,196619.32281594706,38.2,0
C000396,0.0,7.0,0
C000397,761156.2867183532,83.4,1
C000398,271884.25645825925,53.4,0
C000399,0.0,7.0,0
C000400,0.0,7.0,0
C000401,232419.43398045195,45.0,0
C000402,0.0,7.0,0
C000403,668369.9696659395,79.2,0
C000404,0.0,7.0,0
C000405,108686.74010857198,24.0,0
C000406,809161.0166406917,85.4,1
C000407,0.0,7.0,0
C000408,675890.1131851162,79.5,0
C000409,0.0,7.0,0
C000410,143546.22598469807,29.6,0
C000411,258511.47772700744,50.5,0
C000412,4126298.6171978693,96.3,1
C000413,153339.02249559018,31.0,0
C000414,3300055.962218956,91.5,1
C000415,836338.5314616978,86.6,1
C000416,729865.9509583403,82.0,1
C000417,0.0,7.0,0
C000418,601404.4889343276,76.5,0
C000419,0.0,7.0,0
C000420,282143.21491264354,55.3,0
C000421,4484609.895808478,98.7,1
C000422,3207374.145650017,91.3,1
C000423,4666911.377863942,99.3,1
C000424,384655.11157171946,68.8,0
C000425,134870.87113799847,28.1,0
C000426,800728.808209618,85.1,1
C000427,0.0,7.0,0
C000428,4514655.793554879,98.8,1
C000429,0.0,7.0,0
C000430,0.0,7.0,0
C000431,0.0,7.0,0
C000432,423916.8191917538,71.1,0
C000433,69478.57537588976,18.6,0
C000434,4348004.0013537025,98.0,1
C000435,602173.7374615587,76.5,0
C000436,851412.9637386771,87.1,1
C000437,179380.742336985,35.2,0
C000438,124776.11398181193,26.6,0
C000439,188827.42595777355,36.9,0
C000440,450373.18911186326,72.1,0
C000441,464423.6733136228,72.6,0
C000442,115900.22095338245,25.2,0
C000443,792461.461855407,84.8,1
C000444,772546.711789474,83.9,1
C000445,111788.8713055791,24.5,0
C000446,384622.9845649162,68.8,0
C000447,274600.2016621377,54.0,0
C000448,2989986.091945649,91.0,1
C000449,345109.94847972906,65.2,0
C000450,4099574.985674657,96.1,1
C000451,197520.62466638727,38.4,0
C000452,0.0,7.0,0
C000453,754427.3920826109,83.1,1
C000454,4322718.467054674,97.8,1
C000455,971283.7759907162,90.0,1
C000456,383816.5243579488,68.7,0
C000457,178182.14249410573,34.9,0
C000458,0.0,7.0,0
C000459,0.0,7.0,0
C000460,342580.1697478277,64.9,0
C000461,513665.79643480683,73.9,0
C000462,40554.554804058054,15.8,0
C000463,0.0,7.0,0
C000464,308483.78742973896,60.1,0
C000465,295470.83853450324,57.8,0
C000466,64292.96738436886,17.9,0
C000467,232068.80207508296,45.0,0
C000468,776978.7210555691,84.1,1
C000469,418897.31338165223,70.9,0
C000470,232728.12956234504,45.1,0
C000471,138304.06984421585,28.6,0
C000472,682103.424527235,79.8,0
C000473,409710.9788704031,70.4,0
C000474,920704.6710631696,89.1,1
C000475,256005.81085224752,50.0,0
C000476,175326.4830769396,34.4,0
C000477,347500.17214391043,65.5,0
C000478,308313.9489488187,60.0,0
C000479,324089.21591980266,62.5,0
C000480,290350.66916144505,56.8,0
C000481,781599.2326925321,84.3,1
C000482,388685.97411449446,69.1,0
C000483,189046.00230860195,36.9,0
C000484,4199760.624576841,96.8,1
C000485,167973.37723364573,33.4,0
C000486,81486.65573263753,20.1,0
C000487,625205.085009749,77.4,0
C000488,270849.75986610295,53.2,0
C000489,351648.3963990267,65.9,0
C000490,67544.53586847836,18.3,0
C000491,209104.4262903948,40.6,0
C000492,258159.44182144327,50.5,0
C000493,165803.28827321657,33.0,0
C000494,76163.62080599682,19.4,0
C000495,156027.96447903526,31.4,0
C000496,236078.563007679,45.9,0
C000497,340694.1189921386,64.6,0
C000498,251943.406797031,49.1,0
C000499,186700.19439701867,36.4,0
C000500,62793.97245494273,17.8,0
C000501,225663.49161548974,43.8,0
C000502,321000.721213607,62.0,0
C000503,343808.82618786534,65.0,0
C000504,291821.1183625875,57.1,0
C000505,116947.55627236307,25.4,0
C000506,162046.46189733854,32.4,0
C000507,0.0,7.0,0
C000508,274636.4534359869,54.0,0
C000509,566057.4858159752,75.4,0
C000510,3856494.0483723436,94.4,1
C000511,124637.59741831337,26.6,0
C000512,3618466.6874181875,92.8,1
C000513,680642.1037686665,79.8,0
C000514,232363.49621281953,45.0,0
C000515,411094.5504050754,70.4,0
C000516,189639.07234687693,37.0,0
C000517,73870.06355622267,19.1,0
C000518,3206979.737716718,91.3,1
C000519,86482.43220830109,20.8,0
C000520,0.0,7.0,0
C000521,257354.21269407473,50.3,0
C000522,847955.6770160764,87.1,1
C000523,125308.35803033481,26.7,0
C000524,604028.5656425554,76.6,0
C000525,141565.49149375007,29.2,0
C000526,0.0,7.0,0
C000527,359605.635088274,66.7,0
C000528,184911.22749292548,36.1,0
C000529,121823.71427062081,26.1,0
C000530,272846.5722702788,53.6,0
C000531,98085.49065500696,22.4,0
C000532,0.0,7.0,0
C000533,236632.28504206805,46.0,0
C000534,0.0,7.0,0
C000535,681204.3572544898,79.8,0
C000536,191090.19137778156,37.3,0
C000537,709641.8686848686,81.2,1
C000538,867880.7667970913,87.6,1
C000539,0.0,7.0,0
C000540,267123.47927875526,52.5,0
C000541,133266.05864657072,27.9,0
C000542,64840.78783657546,18.0,0
C000543,252599.73563781983,49.3,0
C000544,914070.6121234974,88.9,1
C000545,0.0,7.0,0
C000546,264248.19546268205,51.9,0
C000547,3455243.9092892874,92.0,1
C000548,28388.12968881487,15.0,0
C000549,63060.489973616626,17.8,0
C000550,0.0,7.0,0
C000551,96622.43599865027,22.2,0
C000552,802939.0748639237,85.2,1
C000553,59615.79553135159,17.4,0
C000554,3639162.0895900126,93.0,1
C000555,735009.9066536548,82.2,1
C000556,840894.9378322291,86.7,1
C000557,60800.818003240696,17.6,0
C000558,210043.17079670768,40.8,0
C000559,321211.0915117874,62.0,0
C000560,4353794.030292684,98.0,1
C000561,506497.3072225781,73.7,0
C000562,0.0,7.0,0
C000563,258941.3636634335,50.6,0
C000564,188080.9877889658,36.7,0
C000565,193250.35550769002,37.6,0
C000566,0.0,7.0,0
C000567,4038932.0342547838,95.7,1
C000568,292319.8486199621,57.2,0
C000569,197021.92700418198,38.3,0
C000570,267292.43537036417,52.5,0
C000571,95682.97256741142,22.1,0
C000572,212811.87965522803,41.3,0
C000573,67721.42494468983,18.3,0
C000574,147094.54036903032,30.2,0
C000575,0.0,7.0,0
C000576,209407.18048221903,40.7,0
C000577,266841.72268832696,52.5,0
C000578,262058.03013335762,51.4,0
C000579,268021.8007160148,52.6,0
C000580,124308.5378295898,26.5,0
C000581,194217.57724384594,37.8,0
C000582,524440.8699042893,74.2,0
C000583,362281.9965984949,66.9,0
C000584,268065.8620217364,52.7,0
C000585,288100.32849259634,56.4,0
C000586,611849.9861878331,76.9,0
C000587,0.0,7.0,0
C000588,786634.781316116,84.5,1
C000589,4152484.4109286265,96.5,1
C000590,320184.4562034857,61.9,0
C000591,256810.23072882713,50.1,0
C000592,195948.21784102978,38.1,0
C000593,377557.62785184855,68.3,0
C000594,3286240.6253759875,91.5,1
C000595,684785.3241792386,80.0,1
C000596,0.0,7.0,0
C000597,240292.909403362,46.8,0
C000598,260361.10336415484,51.0,0
C000599,286288.39037221216,56.1,0
C000600,258793.80106352633,50.6,0
C000601,0.0,7.0,0
C000602,298888.9149987823,58.3,0
C000603,107227.86723650609,23.8,0
C000604,379016.14945442305,68.3,0
C000605,109860.90523605168,24.2,0
C000606,261806.55541571966,51.3,0
C000607,240623.2552796837,46.8,0
C000608,0.0,7.0,0
C000609,354381.08180795866,66.2,0
C000610,354074.21279322077,66.2,0
C000611,171195.54513753112,33.8,0
C000612,214454.95866709136,41.6,0
C000613,0.0,7.0,0
C000614,904833.3642743509,88.6,1
C000615,45876.98156789368,16.2,0
C000616,80174.3040407186,20.0,0
C000617,330959.38647851784,63.5,0
C000618,511110.517191984,73.9,0
C000619,37599.09141328561,15.6,0
C000620,82013.55551305333,20.2,0
C000621,276175.4637282053,54.3,0
C000622,0.0,7.0,0
C000623,154584.02720718115,31.2,0
C000624,0.0,7.0,0
C000625,370607.1176506661,67.7,0
C000626,0.0,7.0,0
C000627,3925970.0773448804,94.9,1
C000628,118108.13260728511,25.5,0
C000629,0.0,7.0,0
C000630,300136.8353045995,58.5,0
C000631,18.033659866484914,14.2,0
C000632,3490051.573263855,92.2,1
C000633,207202.41852854515,40.2,0
C000634,4583837.606135951,99.1,1
C000635,646427.738953803,78.2,0
C000636,110108.09567062222,24.2,0
C000637,100181.41233944328,22.7,0
C000638,0.0,7.0,0
C000639,234416.7599628723,45.5,0
C000640,79992.53794032581,20.0,0
C000641,98605.47292328667,22.5,0
C000642,3958191.2231700025,95.1,1
C000643,722656.0435753727,81.8,1
C000644,130245.3160041498,27.5,0
C000645,126671.34543161944,26.9,0
C000646,3445016.421285442,92.0,1
C000647,58283.18704989216,17.3,0
C000648,360860.46626901807,66.8,0
C000649,3984191.984015758,95.3,1
C000650,0.0,7.0,0
C000651,351364.2799225225,65.9,0
C000652,407679.05113772134,70.2,0
C000653,925870.9486465005,89.2,1
C000654,0.0,7.0,0
C000655,261001.9587300416,51.1,0
C000656,247156.16046556723,48.1,0
C000657,641017.0946694892,78.0,0
C000658,33210.66967870767,15.4,0
C000659,279397.8688847176,54.8,0
C000660,694636.237596084,80.5,1
C000661,322534.96587566735,62.2,0
C000662,446378.35584142274,71.9,0
C000663,3487614.7891797405,92.2,1
C000664,240338.1257018751,46.8,0
C000665,0.0,7.0,0
C000666,0.0,7.0,0
C000667,0.0,7.0,0
C000668,727764.7807763668,81.9,1
C000669,102895.14307492833,23.2,0
C000670,605818.6685633573,76.7,0
C000671,438672.2750902426,71.6,0
C000672,291720.77437340777,57.1,0
C000673,38499.73727013239,15.7,0
C000674,297841.591836827,58.2,0
C000675,177712.81678326736,34.8,0
C000676,295808.2812973205,57.8,0
C000677,47087.54557675932,16.3,0
C000678,618335.2847386989,77.2,0
C000679,236144.7132071113,45.9,0
C000680,3514684.2000226676,92.3,1
C000681,815886.3548524949,85.7,1
C000682,3651812.1742139626,93.1,1
C000683,263311.61969679384,51.7,0
C000684,408234.90604987385,70.3,0
C000685,200917.91205831678,39.0,0
C000686,0.0,7.0,0
C000687,104273.54713385037,23.4,0
C000688,9428.902281548875,14.4,0
C000689,302437.41461637494,59.0,0
C000690,546148.4507728453,74.9,0
C000691,291109.0039163129,56.9,0
C000692,1064909.6536205388,90.5,1
C000693,333621.19765885646,63.9,0
C000694,226359.60211757082,43.9,0
C000695,376290.9616707672,68.1,0
C000696,0.0,7.0,0
C000697,390593.7050905779,69.2,0
C000698,276048.03266274836,54.3,0
C000699,1002399.1621361906,90.3,1
C000700,974022.1959027908,90.0,1
C000701,233946.61349195987,45.4,0
C000702,83292.55763604597,20.4,0
C000703,131356.04410313373,27.6,0
C000704,919888.042377951,89.1,1
C000705,201939.7398978995,39.2,0
C000706,136745.80191499798,28.4,0
C000707,0.0,7.0,0
C000708,0.0,7.0,0
C000709,0.0,7.0,0
C000710,426205.83451587247,71.2,0
C000711,379791.5391201177,68.4,0
C000712,0.0,7.0,0
C000713,339566.54277370195,64.5,0
C000714,0.0,7.0,0
C000715,776686.2452618576,84.1,1
C000716,235393.28035329696,45.7,0
C000717,561473.685159689,75.3,0
C000718,170134.36805638796,33.7,0
C000719,253129.8657628062,49.4,0
C000720,310173.55926939694,60.4,0
C000721,158260.90967151755,31.8,0
C000722,0.0,7.0,0
C000723,344701.5524870509,65.2,0
C000724,664279.6184845023,78.9,0
C000725,3579204.627079017,92.6,1
C000726,625050.7341428956,77.4,0
C000727,3212178.4412815743,91.4,1
C000728,98843.19462628603,22.6,0
C000729,287615.84820243384,56.3,0
C000730,0.0,7.0,0
C000731,24717.415456338167,14.9,0
C000732,673601.7079616678,79.4,0
C000733,238801.7304263559,46.5,0
C000734,4394975.890086825,98.3,1
C000735,257146.83268316655,50.2,0
C000736,805788.2483180338,85.3,1
C000737,180837.48333531988,35.4,0
C000738,286710.57766009687,56.2,0
C000739,264498.3331413935,52.0,0
C000740,3941972.5934898825,95.0,1
C000741,871183.460553089,87.7,1
C000742,0.0,7.0,0
C000743,3212434.743566479,91.4,1
C000744,253363.86348118214,49.5,0
C000745,155295.1842729897,31.3,0
C000746,323071.6103984299,62.3,0
C000747,290864.7200491762,56.9,0
C000748,0.0,7.0,0
C000749,111613.27296489036,24.5,0
C000750,535273.310653817,74.5,0
C000751,307687.0502693022,59.9,0
C000752,892734.3823597215,88.4,1
C000753,256523.29231503213,50.1,0
C000754,439266.79738776624,71.7,0
C000755,101695.70010635784,23.0,0
C000756,0.0,7.0,0
C000757,196539.510843938,38.2,0
C000758,4171917.310992113,96.6,1
C000759,135016.40844483004,28.1,0
C000760,154724.45849429525,31.2,0
C000761,571970.5653214548,75.6,0
C000762,3613488.4871297213,92.8,1
C000763,775091.4413033276,84.0,1
C000764,420141.6427983633,70.9,0
C000765,3792930.1695925337,94.0,1
C000766,962760.2018950181,89.8,1
C000767,4436684.101701136,98.5,1
C000768,208349.43887979497,40.4,0
C000769,256184.52134127647,50.0,0
C000770,462567.6358525649,72.5,0
C000771,285217.02274432767,55.9,0
C000772,313245.18528952764,60.9,0
C000773,0.0,7.0,0
C000774,4543155.612963611,98.9,1
C000775,482179.41456192,73.1,0
C000776,301771.63379116723,58.8,0
C000777,889872.2888303744,88.3,1
C000778,89978.67122460452,21.2,0
C000779,91318.9184866769,21.5,0
C000780,703228.15352056,80.9,1
C000781,0.0,7.0,0
C000782,290735.4641653601,56.9,0
C000783,330854.946556485,63.5,0
C000784,340243.64551372343,64.6,0
C000785,196456.80888235735,38.2,0
C000786,2167.994236729096,14.2,0
C000787,259927.74501513224,50.8,0
C000788,0.0,7.0,0
C000789,216986.48882447273,42.1,0
C000790,513243.5897960977,73.9,0
C000791,291668.1276043361,57.0,0
C000792,264184.63887763413,51.9,0
C000793,2845466.0946839033,90.9,1
C000794,4110669.2509503737,96.2,1
C000795,236712.87550025765,46.0,0
C000796,4420877.425585769,98.4,1
C000797,823102.3529430046,86.0,1
C000798,0.0,7.0,0
C000799,0.0,7.0,0
C000800,0.0,7.0,0
C000801,251890.68044027215,49.1,0
C000802,142280.00883720902,29.4,0
C000803,399934.92679043964,69.8,0
C000804,702017.7050242386,80.8,1
C000805,814690.8785934531,85.7,1
C000806,311332.75068970595,60.6,0
C000807,769933.8876857344,83.9,1
C000808,326448.25627369765,62.8,0
C000809,0.0,7.0,0
C000810,4518485.355004087,98.8,1
C000811,3607492.1980052735,92.8,1
C000812,0.0,7.0,0
C000813,293340.0069515537,57.4,0
C000814,763258.7282398547,83.5,1
C000815,0.0,7.0,0
C000816,166650.64937382189,33.1,0
C000817,431163.07150616957,71.3,0
C000818,294238.2513981279,57.5,0
C000819,296626.2830753628,57.9,0
C000820,2854515.0970248412,90.9,1
C000821,236543.3561399154,46.0,0
C000822,219474.96969432305,42.6,0
C000823,292716.5850629446,57.2,0
C000824,152551.5114287263,30.9,0
C000825,3826721.8268438,94.2,1
C000826,186749.22004061984,36.4,0
C000827,895826.9199297418,88.4,1
C000828,547762.9087004272,74.9,0
C000829,512199.1523709549,73.9,0
C000830,141735.63247803476,29.3,0
C000831,285797.9153168336,56.0,0
C000832,303925.3060980501,59.3,0
C000833,281546.1255004733,55.3,0
C000834,0.0,7.0,0
C000835,326579.429353221,62.9,0
C000836,40600.77225588469,15.8,0
C000837,267020.1951575582,52.5,0
C000838,97664.15208750311,22.4,0
C000839,197223.6392348102,38.4,0
C000840,4297837.223558435,97.6,1
C000841,0.0,7.0,0
C000842,349725.15825796174,65.7,0
C000843,0.0,7.0,0
C000844,3713572.468233192,93.5,1
C000845,173162.63145645865,34.1,0
C000846,261950.2427084762,51.3,0
C000847,136226.17406234297,28.3,0
C000848,630693.0407201617,77.6,0
C000849,0.0,7.0,0
C000850,539615.3809433448,74.6,0
C000851,737542.3308326202,82.4,1
C000852,106569.8322178123,23.7,0
C000853,153007.96240067168,31.0,0
C000854,1031011.6516706365,90.4,1
C000855,343448.02412728796,65.0,0
C000856,36110.29442999131,15.5,0
C000857,317154.42503531754,61.5,0
C000858,58805.40531035817,17.3,0
C000859,123969.31857834729,26.5,0
C000860,176268.41853614897,34.6,0
C000861,0.0,7.0,0
C000862,0.0,7.0,0
C000863,262349.1130483387,51.4,0
C000864,704604.8676227041,81.0,1
C000865,194262.99203642792,37.8,0
C000866,238361.0042142921,46.4,0
C000867,132629.4935325778,27.8,0
C000868,4963889.373326913,99.9,1
C000869,611087.8398746763,76.9,0
C000870,79668.0794310366,19.9,0
C000871,4095857.432071759,96.1,1
C000872,361250.94472772174,66.8,0
C000873,142455.63604621176,29.4,0
C000874,0.0,7.0,0
C000875,291546.90654525213,57.0,0
C000876,194240.4619269624,37.8,0
C000877,301243.53923448,58.7,0
C000878,0.0,7.0,0
C000879,237569.55473304406,46.2,0
C000880,247991.20313858916,48.3,0
C000881,389583.58926561056,69.1,0
C000882,160862.43787547183,32.2,0
C000883,0.0,7.0,0
C000884,638708.0264599844,77.9,0
C000885,108539.73492327584,24.0,0
C000886,277431.45501789765,54.5,0
C000887,449957.5912676428,72.0,0
C000888,571626.2818638519,75.6,0
C000889,140157.9889207421,29.0,0
C000890,219356.98795408677,42.6,0
C000891,163267.34317800542,32.6,0
C000892,609777.9420628084,76.8,0
C000893,4031287.77879306,95.7,1
C000894,49026.83238455784,16.5,0
C000895,47079.37894173936,16.3,0
C000896,532796.4630109797,74.4,0
C000897,513716.88374855963,73.9,0
C000898,906566.8336809234,88.7,1
C000899,205827.86307651136,39.9,0
C000900,286248.63326253917,56.1,0
C000901,714520.4367211058,81.5,1
C000902,3951622.3740751776,95.1,1
C000903,153106.7628805661,31.0,0
C000904,291907.00237871957,57.1,0
C000905,442786.5739105964,71.8,0
C000906,129267.03517301606,27.4,0
C000907,647338.566859909,78.2,0
C000908,499465.86177363293,73.6,0
C000909,707483.8553580722,81.1,1
C000910,119735.26101635522,25.8,0
C000911,34644.32834093274,15.4,0
C000912,263141.7437275027,51.7,0
C000913,273170.44783154386,53.7,0
C000914,93553.65576663849,21.8,0
C000915,311518.96161312755,60.6,0
C000916,4252718.990199948,97.3,1
C000917,856931.3247660821,87.3,1
C000918,0.0,7.0,0
C000919,277007.0717111218,54.4,0
C000920,4790137.286980254,99.6,1
C000921,0.0,7.0,0
C000922,502321.6218140868,73.6,0
C000923,271693.13352483814,53.4,0
C000924,603303.2270395749,76.6,0
C000925,742450.6874141557,82.6,1
C000926,449143.6219752908,72.0,0
C000927,161573.6170402048,32.4,0
C000928,340124.67676999804,64.6,0
C000929,83213.36385723854,20.4,0
C000930,342944.92632420524,64.9,0
C000931,274387.7229747197,53.9,0
C000932,136946.79599492345,28.4,0
C000933,77003.32193581428,19.5,0
C000934,0.0,7.0,0
C000935,743734.1018721975,82.6,1
C000936,0.0,7.0,0
C000937,637986.9565111446,77.9,0
C000938,251661.30844952047,49.0,0
C000939,601434.3169805632,76.5,0
C000940,63311.39626289843,17.8,0
C000941,0.0,7.0,0
C000942,712847.0086437245,81.4,1
C000943,174246.37637035592,34.3,0
C000944,33498.41466005219,15.4,0
C000945,93618.8620757087,21.8,0
C000946,102380.21558032033,23.1,0
C000947,441164.8373323504,71.7,0
C000948,0.0,7.0,0
C000949,307829.1606989906,60.0,0
C000950,187645.12487919227,36.6,0
C000951,883228.3126911077,88.1,1
C000952,872731.2072553308,87.8,1
C000953,400784.13624482043,69.9,0
C000954,248115.30068188452,48.4,0
C000955,386124.52475774963,68.9,0
C000956,86330.44368280136,20.7,0
C000957,405137.0913762908,70.1,0
C000958,179642.55338970423,35.2,0
C000959,222022.04218146292,43.0,0
C000960,167629.68660266037,33.3,0
C000961,128693.32905672527,27.2,0
C000962,700903.9221049729,80.8,1
C000963,760098.8567700307,83.4,1
C000964,302428.5810030493,59.0,0
C000965,186665.43282260967,36.4,0
C000966,156479.18524664355,31.5,0
C000967,827458.0460134099,86.2,1
C000968,146999.88492399233,30.1,0
C000969,601428.8539883355,76.5,0
C000970,632927.839911718,77.7,0
C000971,4374177.6606384255,98.1,1
C000972,932529.5615657029,89.3,1
C000973,209567.6246410454,40.7,0
C000974,203007.76753919272,39.3,0
C000975,283694.36101529247,55.6,0
C000976,74930.99751680695,19.2,0
C000977,211735.8611648745,41.1,0
C000978,268410.867246346,52.8,0
C000979,532150.718112819,74.4,0
C000980,198413.86569683574,38.6,0
C000981,0.0,7.0,0
C000982,110225.93001223497,24.3,0
C000983,131654.54280303625,27.7,0
C000984,539887.8109363834,74.6,0
C000985,83939.61300696348,20.4,0
C000986,262936.62700573367,51.6,0
C000987,3730282.6624031016,93.7,1
C000988,154343.84727114922,31.2,0
C000989,138810.40758814255,28.7,0
C000990,319492.75561758067,61.8,0
C000991,0.0,7.0,0
C000992,0.0,7.0,0
C000993,944300.4669115596,89.5,1
C000994,190329.46863725604,37.1,0
C000995,220069.0091418221,42.7,0
C000996,102334.16756088981,23.1,0
C000997,3666945.0429020333,93.2,1
C000998,341871.15127771883,64.8,0
C000999,707252.2762583055,81.1,1
C001000,4393240.409542918,98.2,1
C001001,178611.2883672634,35.0,0
C001002,854209.7704654865,87.2,1
C001003,567956.9045849018,75.4,0
C001004,324920.70060843136,62.6,0
C001005,281142.27328530897,55.2,0
C001006,189842.91247681365,37.1,0
C001007,144753.72314029676,29.7,0
C001008,113603.15256499482,24.9,0
C001009,162304.7342223352,32.4,0
C001010,226048.4229594013,43.9,0
C001011,466769.6324391513,72.6,0
C001012,261953.18621030904,51.3,0
C001013,161150.038287933,32.3,0
C001014,194724.29259320436,37.9,0
C001015,599893.2396714875,76.4,0
C001016,359259.96860033483,66.7,0
C001017,131545.25223099167,27.7,0
C001018,3890714.6941947467,94.6,1
C001019,232742.18173801305,45.1,0
C001020,252401.87029898967,49.2,0
C001021,0.0,7.0,0
C001022,351161.84688391816,65.9,0
C001023,0.0,7.0,0
C001024,209249.99318905687,40.6,0
C001025,266584.1013454544,52.4,0
C001026,0.0,7.0,0
C001027,273194.6207465269,53.7,0
C001028,60934.32946364779,17.6,0
C001029,260260.35175387957,50.9,0
C001030,291454.29856793594,57.0,0
C001031,112680.64610492329,24.7,0
C001032,340299.7869071563,64.6,0
C001033,187803.0541363014,36.6,0
C001034,250666.62807080298,48.9,0
C001035,367168.42036384955,67.4,0
C001036,105219.47826546022,23.5,0
C001037,308718.24156917597,60.1,0
C001038,154762.6978987395,31.2,0
C001039,601235.695350218,76.5,0
C001040,4369703.240907207,98.1,1
C001041,216479.03198786417,42.0,0
C001042,246942.14690938967,48.1,0
C001043,243232.7375339509,47.3,0
C001044,39260.90288896737,15.7,0
C001045,230822.885305664,44.8,0
C001046,662126.1163584825,78.8,0
C001047,208735.3011080609,40.5,0
C001048,260048.62866049723,50.9,0
C001049,332151.18367674464,63.7,0
C001050,341286.56821714976,64.7,0
C001051,955302.0476077326,89.7,1
C001052,745810.4919986833,82.8,1
C001053,557631.8568171583,75.2,0
C001054,571078.4487611151,75.5,0
C001055,453891.3362801725,72.2,0
C001056,170159.66818181745,33.7,0
C001057,916702.0030663932,89.0,1
C001058,101962.26323969978,23.0,0
C001059,52328.086673739235,16.7,0
C001060,122810.92247408803,26.3,0
C001061,132250.45490903157,27.8,0
C001062,580116.3569675523,75.8,0
C001063,304626.70116680465,59.4,0
C001064,87680.934362784,21.0,0
C001065,271541.05576772033,53.4,0
C001066,227150.80708993634,44.1,0
C001067,308425.9722564742,60.1,0
C001068,4059286.265337619,95.9,1
C001069,245897.91463597244,47.8,0
C001070,371381.0137149878,67.7,0
C001071,306799.3586734614,59.8,0
C001072,146058.49671749453,30.0,0
C001073,25380.932060364765,14.9,0
C001074,0.0,7.0,0
C001075,210966.7266463837,41.0,0
C001076,263831.95916200284,51.8,0
C001077,304383.2314039637,59.4,0
C001078,314402.7840214648,61.1,0
C001079,344959.67271264934,65.2,0
C001080,91669.79876972846,21.6,0
C001081,297906.43586016673,58.2,0
C001082,160870.8141504776,32.3,0
C001083,83144.00653447586,20.4,0
C001084,221123.6860785289,42.9,0
C001085,0.0,7.0,0
C001086,0.0,7.0,0
C001087,89271.53015120662,21.2,0
C001088,149572.58946549246,30.5,0
C001089,267301.9002138108,52.5,0
C001090,693817.4221901932,80.4,1
C001091,471527.5704556075,72.8,0
C001092,634528.1700214222,77.8,0
C001093,817630.8730595828,85.8,1
C001094,371267.43179952574,67.7,0
C001095,293123.33406087564,57.3,0
C001096,662112.1609960434,78.8,0
C001097,0.0,7.0,0
C001098,272532.37663377926,53.6,0
C001099,536535.1458814379,74.6,0
C001100,3906658.288300863,94.7,1
C001101,183233.21940547024,35.8,0
C001102,85354.78064246455,20.6,0
C001103,0.0,7.0,0
C001104,905367.9581598399,88.7,1
C001105,0.0,7.0,0
C001106,701046.0205344866,80.8,1
C001107,86972.46641098472,20.9,0
C001108,253149.0935195965,49.4,0
C001109,685677.1391191728,80.0,1
C001110,762691.2934022069,83.5,1
C001111,181166.723811685,35.5,0
C001112,525185.4801570406,74.2,0
C001113,87513.71598763228,21.0,0
C001114,389768.73686394957,69.1,0
C001115,3716175.210582942,93.5,1
C001116,978519.4318900891,90.0,1
C001117,97301.75315102094,22.3,0
C001118,632405.4143602536,77.7,0
C001119,166631.2413260254,33.1,0
C001120,186094.5031325294,36.2,0
C001121,789010.9652178003,84.6,1
C001122,159685.75236247006,32.0,0
C001123,600696.2706585472,76.5,0
C001124,250649.2318317112,48.9,0
C001125,261265.14414799088,51.2,0
C001126,129263.10847413263,27.3,0
C001127,328279.84506222885,63.1,0
C001128,237050.34008184035,46.1,0
C001129,0.0,7.0,0
C001130,119952.67809697508,25.8,0
C001131,0.0,7.0,0
C001132,3715489.786099346,93.5,1
C001133,64529.63057134984,18.0,0
C001134,250820.83691683222,48.9,0
C001135,253398.620282562,49.5,0
C001136,203214.97202859164,39.4,0
C001137,114716.19699072524,25.1,0
C001138,3521454.568369662,92.3,1
C001139,165662.97510680012,33.0,0
C001140,219574.7065359008,42.6,0
C001141,86947.15452041969,20.9,0
C001142,0.0,7.0,0
C001143,0.0,7.0,0
C001144,0.0,7.0,0
C001145,123078.11197354965,26.3,0
C001146,0.0,7.0,0
C001147,84415.45614074748,20.5,0
C001148,130550.20945860844,27.5,0
C001149,260190.45145646227,50.9,0
C001150,750040.1593668059,82.9,1
C001151,200887.01919481572,39.0,0
C001152,4241194.39862312,97.2,1
C001153,751056.3315474248,83.0,1
C001154,0.0,7.0,0
C001155,3897995.8551104222,94.7,1
C001156,3478993.331208618,92.2,1
C001157,4330020.996515254,97.8,1
C001158,0.0,7.0,0
C001159,66571.35696646439,18.2,0
C001160,3584235.5876971735,92.7,1
C001161,0.0,7.0,0
C001162,150083.98527459276,30.5,0
C001163,627460.6911883311,77.5,0
C001164,760323.6202288612,83.4,1
C001165,476017.36695264024,72.9,0
C001166,47644.15495002385,16.4,0
C001167,529893.0018209001,74.4,0
C001168,20465.15177120593,14.7,0
C001169,4716869.0648583425,99.4,1
C001170,165744.83057386585,33.0,0
C001171,0.0,7.0,0
C001172,693947.8727034435,80.5,1
C001173,102400.96127686552,23.1,0
C001174,290744.1385155248,56.9,0
C001175,111433.18993411824,24.4,0
C001176,318388.4908725045,61.7,0
C001177,337139.3263851621,64.2,0
C001178,902172.0914514576,88.6,1
C001179,692341.7283038977,80.4,1
C001180,88062.20368124107,21.0,0
C001181,709321.3575895921,81.2,1
C001182,4298757.909970284,97.6,1
C001183,568596.2163350511,75.5,0
C001184,831491.7736581401,86.4,1
C001185,59717.19804385011,17.4,0
C001186,286866.90230189334,56.2,0
C001187,111008.40712324815,24.4,0
C001188,729333.9094066139,82.0,1
C001189,364403.884392378,67.1,0
C001190,209863.96111818883,40.8,0
C001191,175558.5316925802,34.5,0
C001192,0.0,7.0,0
C001193,157680.02639366768,31.7,0
C001194,317993.63406083896,61.6,0
C001195,461747.8180935903,72.5,0
C001196,957272.1892315701,89.8,1
C001197,251776.47777733498,49.1,0
C001198,1096756.7020783932,90.6,1
C001199,75461.22078207323,19.3,0
C001200,274880.3033590962,54.0,0
C001201,268986.49101946666,52.9,0
C001202,0.0,7.0,0
C001203,111382.19453103628,24.4,0
C001204,4204704.844435809,96.9,1
C001205,4602836.433655246,99.1,1
C001206,290795.59984993376,56.9,0
C001207,211060.98237227506,41.0,0
C001208,510812.8871403825,73.9,0
C001209,322444.6565824585,62.2,0
C001210,0.0,7.0,0
C001211,163085.49838700626,32.6,0
C001212,409955.44356761285,70.4,0
C001213,122458.58694823169,26.2,0
C001214,473591.9457866649,72.8,0
C001215,217477.28654743155,42.2,0
C001216,323702.8876755828,62.4,0
C001217,221447.62794455726,42.9,0
C001218,188104.24166289234,36.7,0
C001219,4096421.151716638,96.1,1
C001220,5325531.00446436,100.0,1
C001221,706890.9112331648,81.1,1
C001222,179644.60236427322,35.2,0
C001223,354458.2629910386,66.2,0
C001224,731310.4685708411,82.1,1
C001225,0.0,7.0,0
C001226,140004.03078873063,28.9,0
C001227,0.0,7.0,0
C001228,162079.76376578852,32.4,0
C001229,4397847.316615866,98.3,1
C001230,834370.0753044579,86.5,1
C001231,295492.6664994667,57.8,0
C001232,760695.1319830392,83.4,1
C001233,157440.7492831759,31.7,0
C001234,606150.7793436894,76.7,0
C001235,3990858.4955850462,95.4,1
C001236,818479.4832209606,85.8,1
C001237,251214.87975530658,49.0,0
C001238,896595.5374140746,88.4,1
C001239,378982.42241785716,68.3,0
C001240,113331.65726918384,24.8,0
C001241,223384.07846066268,43.3,0
C001242,0.0,7.0,0
C001243,4619762.779951993,99.2,1
C001244,197696.3350552995,38.4,0
C001245,652497.3387359725,78.4,0
C001246,330614.2326283502,63.5,0
C001247,542845.1095551981,74.7,0
C001248,301889.6310518322,58.9,0
C001249,160838.12279290706,32.2,0
C001250,3581240.5840818794,92.6,1
C001251,666423.5580315656,79.1,0
C001252,946005.8377767825,89.5,1
C001253,228121.29418558278,44.3,0
C001254,663673.7349992739,78.9,0
C001255,301187.9473134369,58.7,0
C001256,0.0,7.0,0
C001257,0.0,7.0,0
C001258,255233.00128668436,49.8,0
C001259,173124.68000447704,34.1,0
C001260,3697773.020342686,93.4,1
C001261,0.0,7.0,0
C001262,196065.26485751703,38.1,0
C001263,184575.29339165654,36.0,0
C001264,187686.686707897,36.6,0
C001265,69665.64967234299,18.6,0
C001266,862535.5675208194,87.4,1
C001267,135146.98830591704,28.1,0
C001268,0.0,7.0,0
C001269,296821.7070410504,58.0,0
C001270,287033.2797981489,56.3,0
C001271,301424.464168213,58.8,0
C001272,0.0,7.0,0
C001273,328176.19921739027,63.1,0
C001274,311089.3661779047,60.6,0
C001275,114685.78175864815,25.1,0
C001276,819436.9574490887,85.9,1
C001277,783243.2848690224,84.4,1
C001278,0.0,7.0,0
C001279,214182.99229216302,41.6,0
C001280,126208.98598716319,26.8,0
C001281,190459.07912411398,37.2,0
C001282,129238.6047864286,27.3,0
C001283,285275.56117634964,55.9,0
C001284,30328.25163067291,15.1,0
C001285,173960.42510222326,34.2,0
C001286,260483.90396381472,51.0,0
C001287,0.0,7.0,0
C001288,293637.7438273439,57.4,0
C001289,379372.6432257508,68.4,0
C001290,194905.21384094495,37.9,0
C001291,243954.01879742258,47.5,0
C001292,357177.431453012,66.5,0
C001293,143645.16508187182,29.6,0
C001294,200519.45604559654,39.0,0
C001295,283786.192387789,55.6,0
C001296,4236965.382992557,97.1,1
C001297,494976.0155442568,73.4,0
C001298,91374.93988234895,21.5,0
C001299,256596.31040022656,50.1,0
C001300,545287.5127921214,74.8,0
C001301,167561.37594665826,33.3,0
C001302,80373.34768729034,20.0,0
C001303,728414.9227800475,82.0,1
C001304,37974.51896400523,15.6,0
C001305,250222.50522307225,48.8,0
C001306,179642.92441862862,35.2,0
C001307,292266.42138496344,57.2,0
C001308,167143.89597772196,33.2,0
C001309,263581.39765929047,51.7,0
C001310,146925.3648650662,30.1,0
C001311,0.0,7.0,0
C001312,233632.06441473533,45.4,0
C001313,3361486.9244640283,91.7,1
C001314,3586102.6335512674,92.7,1
C001315,170206.35769653754,33.7,0
C001316,303735.08140109177,59.3,0
C001317,4278303.524279706,97.5,1
C001318,102515.95020305084,23.1,0
C001319,255014.63856004892,49.8,0
C001320,262016.47176439562,51.3,0
C001321,217850.28851382044,42.3,0
C001322,4346586.627600354,98.0,1
C001323,194589.60327907733,37.9,0
C001324,0.0,7.0,0
C001325,0.0,7.0,0
C001326,303824.99346686015,59.3,0
C001327,123848.89819189813,26.4,0
C001328,528014.8251236416,74.3,0
C001329,756249.9297309825,83.2,1
C001330,0.0,7.0,0
C001331,86515.44222040639,20.8,0
C001332,106657.89029547691,23.7,0
C001333,37869.866699058664,15.6,0
C001334,323617.62449696637,62.4,0
C001335,226938.7901254138,44.0,0
C001336,486533.52668530535,73.2,0
C001337,183495.44403016512,35.8,0
C001338,363547.766174842,67.0,0
C001339,307244.137909993,59.8,0
C001340,537134.1536331008,74.6,0
C001341,110141.1164990659,24.2,0
C001342,236145.0032284157,45.9,0
C001343,0.0,7.0,0
C001344,214093.26936806986,41.5,0
C001345,391065.95499856176,69.2,0
C001346,0.0,7.0,0
C001347,186693.2003026015,36.4,0
C001348,201927.35404056267,39.2,0
C001349,872127.4933022244,87.8,1
C001350,0.0,7.0,0
C001351,72350.89896960482,18.9,0
C001352,946634.6239794674,89.6,1
C001353,22657.618659998778,14.8,0
C001354,462427.3096394825,72.5,0
C001355,3639593.7940379917,93.0,1
C001356,220132.33854153327,42.7,0
C001357,151826.77461769315,30.8,0
C001358,218620.10996542894,42.4,0
C001359,606589.0421717969,76.7,0
C001360,0.0,7.0,0
C001361,329151.49709162704,63.2,0
C001362,252815.63182784713,49.4,0
C001363,4076060.044377244,96.0,1
C001364,269027.52350589045,52.9,0
C001365,114988.60302663357,25.1,0
C001366,704657.3447867399,81.0,1
C001367,754960.9522624278,83.2,1
C001368,726921.7300113995,81.9,1
C001369,0.0,7.0,0
C001370,3944062.2883872055,95.0,1
C001371,377032.8734597203,68.2,0
C001372,147901.95965866922,30.2,0
C001373,78383.84062201856,19.7,0
C001374,172265.46516949628,34.0,0
C001375,4043384.3928282643,95.8,1
C001376,424011.7006222304,71.1,0
C001377,296449.55246986053,57.9,0
C001378,348068.39824494737,65.5,0
C001379,173819.01339268088,34.2,0
C001380,243783.95478086657,47.4,0
C001381,4378821.942011586,98.2,1
C001382,207499.758164625,40.3,0
C001383,165454.2379794607,32.9,0
C001384,123795.50113175414,26.4,0
C001385,4760832.181615004,99.5,1
C001386,0.0,7.0,0
C001387,265729.6586539634,52.2,0
C001388,253491.39067800943,49.5,0
C001389,3563472.961375009,92.5,1
C001390,0.0,7.0,0
C001391,0.0,7.0,0
C001392,520874.2179300174,74.1,0
C001393,4427112.133957529,98.4,1
C001394,0.0,7.0,0
C001395,586640.5218992324,76.0,0
C001396,462396.5122819798,72.5,0
C001397,282734.47973384475,55.4,0
C001398,305807.9625364287,59.6,0
C001399,206827.82112503512,40.2,0
C001400,262774.4580543261,51.6,0
C001401,3942467.9982983,95.0,1
C001402,274735.4421244862,54.0,0
C001403,0.0,7.0,0
C001404,577502.5183062647,75.7,0
C001405,795521.0096932049,84.9,1
C001406,365065.86408916855,67.2,0
C001407,3595267.5024981797,92.7,1
C001408,252632.5189751229,49.3,0
C001409,169805.05856777236,33.6,0
C001410,0.0,7.0,0
C001411,0.0,7.0,0
C001412,0.0,7.0,0
C001413,0.0,7.0,0
C001414,694939.1117085495,80.5,1
C001415,114423.52357960492,25.0,0
C001416,111279.7081500103,24.4,0
C001417,332839.94654933974,63.8,0
C001418,0.0,7.0,0
C001419,392221.1815902631,69.3,0
C001420,0.0,7.0,0
C001421,178349.17351004088,34.9,0
C001422,108841.0704490047,24.0,0
C001423,122774.53116994194,26.3,0
C001424,336233.9174304931,64.1,0
C001425,115506.04978359106,25.2,0
C001426,4726218.767694169,99.5,1
C001427,2804371.5289568277,90.8,1
C001428,43249.55736566908,16.0,0
C001429,0.0,7.0,0
C001430,411063.30536659947,70.4,0
C001431,228088.7148096537,44.3,0
C001432,4321402.453555263,97.8,1
C001433,651745.0924742052,78.4,0
C001434,790471.2874069365,84.7,1
C001435,226617.35323382646,44.0,0
C001436,592646.4695928523,76.2,0
C001437,300775.2842881014,58.7,0
C001438,201395.013330321,39.1,0
C001439,0.0,7.0,0
C001440,962772.1380722108,89.8,1
C001441,3874975.377717173,94.5,1
C001442,928423.8170256824,89.2,1
C001443,3473700.970062268,92.1,1
C001444,989999.8685779142,90.1,1
C001445,426099.6241088063,71.2,0
C001446,242624.05758989113,47.2,0
C001447,303268.3506475596,59.2,0
C001448,0.0,7.0,0
C001449,736399.5579928523,82.3,1
C001450,53345.923101224194,16.8,0
C001451,442214.9518744765,71.8,0
C001452,84820.01473196642,20.5,0
C001453,273699.5424197455,53.8,0
C001454,153031.71022422856,31.0,0
C001455,2996066.7683416125,91.0,1
C001456,870403.8797129143,87.7,1
C001457,0.0,7.0,0
C001458,0.0,7.0,0
C001459,39517.52533016164,15.7,0
C001460,0.0,7.0,0
C001461,246573.62444210323,48.0,0
C001462,710508.2820091874,81.3,1
C001463,257169.6660227319,50.2,0
C001464,125407.50183053501,26.7,0
C001465,343724.8485135312,65.0,0
C001466,240933.77451461257,46.9,0
C001467,840446.0554345181,86.7,1
C001468,85170.93498562281,20.6,0
C001469,361616.034460078,66.8,0
C001470,122089.57031561343,26.1,0
C001471,935357.9593188076,89.3,1
C001472,739196.4666585451,82.4,1
C001473,272391.8819053445,53.5,0
C001474,309177.1369262828,60.2,0
C001475,182058.44289781078,35.6,0
C001476,228882.1452738845,44.4,0
C001477,156629.85129934782,31.6,0
C001478,147731.95658688573,30.2,0
C001479,296251.27247697336,57.9,0
C001480,280930.71894752234,55.2,0
C001481,3202578.7014247347,91.3,1
C001482,281251.5580999812,55.2,0
C001483,642215.3603277911,78.0,0
C001484,187761.0541702635,36.6,0
C001485,3843.655386185893,14.3,0
C001486,218824.98226079415,42.5,0
C001487,218893.3914583778,42.5,0
C001488,199270.2455157571,38.8,0
C001489,248549.42255294742,48.4,0
C001490,3720716.573636272,93.6,1
C001491,129711.47888877544,27.4,0
C001492,342242.41484713386,64.8,0
C001493,0.0,7.0,0
C001494,246543.74459439254,48.0,0
C001495,255127.4856542376,49.8,0
C001496,362988.9189529955,67.0,0
C001497,118204.88277848894,25.6,0
C001498,129660.20198825133,27.4,0
C001499,275811.4482830941,54.2,0
C001500,289244.6714732279,56.6,0
C001501,108280.21350432141,23.9,0
C001502,0.0,7.0,0
C001503,36490.60034557609,15.5,0
C001504,65449.163267222,18.1,0
C001505,239453.54201400222,46.6,0
C001506,0.0,7.0,0
C001507,202848.44433248462,39.3,0
C001508,596587.6847927424,76.3,0
C001509,0.0,7.0,0
C001510,640394.9242126475,78.0,0
C001511,449616.55354284536,72.0,0
C001512,0.0,7.0,0
C001513,135113.1335528979,28.1,0
C001514,306293.14814336505,59.7,0
C001515,0.0,7.0,0
C001516,675302.1083453763,79.5,0
C001517,0.0,7.0,0
C001518,834079.5134830732,86.5,1
C001519,754589.1915629742,83.2,1
C001520,231198.10990713257,44.8,0
C001521,204191.71131857578,39.6,0
C001522,270933.40244714706,53.2,0
C001523,73208.50864383337,19.0,0
C001524,0.0,7.0,0
C001525,435586.68388552533,71.5,0
C001526,121063.36687633311,26.0,0
C001527,179024.44676029187,35.1,0
C001528,145094.17215856208,29.8,0
C001529,817272.5566639556,85.8,1
C001530,257733.8651692978,50.4,0
C001531,599399.8652230604,76.4,0
C001532,348469.7064591589,65.6,0
C001533,0.0,7.0,0
C001534,4355481.296002511,98.0,1
C001535,199335.1063408088,38.8,0
C001536,0.0,7.0,0
C001537,0.0,7.0,0
C001538,85527.79458224136,20.6,0
C001539,142347.973031309,29.4,0
C001540,0.0,7.0,0
C001541,712570.7817203625,81.4,1
C001542,68323.65617827476,18.4,0
C001543,798857.9784804183,85.0,1
C001544,228919.14148772167,44.5,0
C001545,317525.4853985925,61.6,0
C001546,84891.08517892,20.6,0
C001547,0.0,7.0,0
C001548,65580.51786114434,18.1,0
C001549,724237.5996820097,81.8,1
C001550,485969.3161558414,73.2,0
C001551,245659.255116902,47.8,0
C001552,252863.97147633234,49.4,0
C001553,261412.5635894405,51.2,0
C001554,591472.2925737947,76.1,0
C001555,65934.62906422873,18.2,0
C001556,200148.6475669667,38.9,0
C001557,122204.99582932115,26.2,0
C001558,204370.74085624417,39.6,0
C001559,391386.9463845154,69.2,0
C001560,114305.45064727205,25.0,0
C001561,361937.3642846491,66.9,0
C001562,0.0,7.0,0
C001563,275121.92216200946,54.1,0
C001564,25582.702667318426,14.9,0
C001565,215970.75784287148,41.9,0
C001566,2351796.049433866,90.8,1
C001567,3099912.121818464,91.1,1
C001568,260197.00745196184,50.9,0
C001569,174038.0780488421,34.2,0
C001570,299489.930930783,58.4,0
C001571,461740.24203670723,72.5,0
C001572,0.0,7.0,0
C001573,0.0,7.0,0
C001574,813136.5443857684,85.6,1
C001575,349261.9495091973,65.6,0
C001576,0.0,7.0,0
C001577,60896.90065750019,17.6,0
C001578,163915.1355176432,32.6,0
C001579,174736.5963497704,34.4,0
C001580,182646.47812972142,35.7,0
C001581,138636.45809836715,28.7,0
C001582,241339.9494560656,46.9,0
C001583,297574.35647688794,58.1,0
C001584,199396.65204751585,38.8,0
C001585,0.0,7.0,0
C001586,211039.16978936637,41.0,0
C001587,414190.49015184614,70.6,0
C001588,834563.0962780756,86.5,1
C001589,778206.7861136431,84.2,1
C001590,830907.6199973751,86.4,1
C001591,4242170.666985037,97.2,1
C001592,266464.3680470144,52.4,0
C001593,187043.95270407226,36.5,0
C001594,0.0,7.0,0
C001595,154130.10378043505,31.1,0
C001596,291813.03613071924,57.1,0
C001597,914858.3757680301,88.9,1
C001598,140032.24230615137,28.9,0
C001599,693532.560361971,80.4,1
C001600,453753.7376148086,72.2,0
C001601,810358.2773720681,85.5,1
C001602,227134.66042507696,44.1,0
C001603,115175.78470605816,25.2,0
C001604,878607.5907431187,88.0,1
C001605,647308.207428287,78.2,0
C001606,178473.89911920056,35.0,0
C001607,235159.46468206422,45.6,0
C001608,305556.8885801486,59.6,0
C001609,187495.21804557386,36.6,0
C001610,510189.17177625,73.8,0
C001611,56929.651276185235,17.2,0
C001612,52997.89196261755,16.8,0
C001613,156881.0099063512,31.6,0
C001614,0.0,7.0,0
C001615,560462.0568344534,75.2,0
C001616,3529679.8295422853,92.4,1
C001617,366855.2780696387,67.3,0
C001618,135985.9606792411,28.3,0
C001619,1883.210056362307,14.2,0
C001620,537819.7972300322,74.6,0
C001621,0.0,7.0,0
C001622,0.0,7.0,0
C001623,4262019.7517548995,97.3,1
C001624,253432.20839303866,49.5,0
C001625,0.0,7.0,0
C001626,268031.70985550963,52.7,0
C001627,419763.4112972701,70.9,0
C001628,592605.6598528563,76.2,0
C001629,314540.78660824534,61.1,0
C001630,140051.48419996988,28.9,0
C001631,0.0,7.0,0
C001632,262887.348313216,51.6,0
C001633,214878.42983025496,41.7,0
C001634,176116.36577108045,34.6,0
C001635,214095.84220026797,41.5,0
C001636,195384.66388915642,38.0,0
C001637,0.0,7.0,0
C001638,160965.6125494956,32.3,0
C001639,0.0,7.0,0
C001640,0.0,7.0,0
C001641,3139028.7479156903,91.2,1
C001642,271856.0206397347,53.4,0
C001643,911501.4104732699,88.8,1
C001644,973146.1033078734,90.0,1
C001645,210481.1138422109,40.9,0
C001646,674666.0952903276,79.5,0
C001647,0.0,7.0,0
C001648,307666.6102225685,59.9,0
C001649,140120.05458268855,28.9,0
C001650,717962.0190073537,81.6,1
C001651,586718.448171533,76.0,0
C001652,857568.729244062,87.3,1
C001653,1021940.3816072549,90.4,1
C001654,0.0,7.0,0
C001655,134418.39076252494,28.0,0
C001656,703907.318816238,80.9,1
C001657,0.0,7.0,0
C001658,0.0,7.0,0
C001659,3596890.2757017314,92.7,1
C001660,730040.3806529609,82.0,1
C001661,334766.0563788206,64.0,0
C001662,0.0,7.0,0
C001663,612420.5929316061,76.9,0
C001664,64703.76035120958,18.0,0
C001665,227012.7881790979,44.0,0
C001666,0.0,7.0,0
C001667,890020.9264383244,88.3,1
C001668,3669332.953438541,93.2,1
C001669,279785.6297381133,54.9,0
C001670,164599.24138694693,32.8,0
C001671,164293.89159403113,32.7,0
C001672,0.0,7.0,0
C001673,310644.8183220071,60.5,0
C001674,0.0,7.0,0
C001675,245196.82563220582,47.7,0
C001676,58982.51268852476,17.3,0
C001677,100128.30649195603,22.7,0
C001678,527729.5543511908,74.3,0
C001679,371769.94248002034,67.7,0
C001680,79652.5601539881,19.9,0
C001681,83023.67429948092,20.3,0
C001682,0.0,7.0,0
C001683,742733.6612780594,82.6,1
C001684,685310.3142742526,80.0,1
C001685,957733.9283930527,89.8,1
C001686,330337.5686660418,63.4,0
C001687,343844.364470841,65.0,0
C001688,330419.97362120746,63.4,0
C001689,146305.40472607408,30.0,0
C001690,0.0,7.0,0
C001691,134015.9753729594,28.0,0
C001692,922714.6917430708,89.1,1
C001693,97020.45573963749,22.3,0
C001694,416517.89607689675,70.8,0
C001695,306216.4597072416,59.7,0
C001696,812599.9599849973,85.6,1
C001697,0.0,7.0,0
C001698,225675.36115406995,43.8,0
C001699,0.0,7.0,0
C001700,156689.77251378374,31.6,0
C001701,324273.3564079685,62.5,0
C001702,153821.1132097446,31.1,0
C001703,401440.0706557846,69.9,0
C001704,171813.4500816308,33.9,0
C001705,0.0,7.0,0
C001706,3788105.3464960763,94.0,1
C001707,185660.78622880435,36.2,0
C001708,264452.7973879392,52.0,0
C001709,587467.9235367872,76.0,0
C001710,125915.26605033188,26.8,0
C001711,160765.57989379077,32.2,0
C001712,140122.7696652919,29.0,0
C001713,215741.74070221084,41.9,0
C001714,202411.46357248744,39.2,0
C001715,0.0,7.0,0
C001716,206599.2717043568,40.1,0
C001717,366510.5907478862,67.3,0
C001718,339783.19135655806,64.5,0
C001719,235535.6632685725,45.7,0
C001720,4351123.596838536,98.0,1
C001721,686585.4960399608,80.1,1
C001722,0.0,7.0,0
C001723,414637.5074218368,70.7,0
C001724,158358.86477165006,31.8,0
C001725,3464118.1412550597,92.1,1
C001726,86207.85011879102,20.7,0
C001727,237181.91509317944,46.1,0
C001728,5324235.82660987,100.0,1
C001729,212252.93624052661,41.2,0
C001730,158011.98688193058,31.8,0
C001731,4673909.076201697,99.3,1
C001732,213065.74053575625,41.4,0
C001733,390657.143068058,69.2,0
C001734,178506.3959105438,35.0,0
C001735,77516.0204611411,19.6,0
C001736,198630.20864518537,38.6,0
C001737,750281.3227228991,82.9,1
C001738,135667.00761987944,28.2,0
C001739,51127.086839664604,16.6,0
C001740,651366.5936769986,78.4,0
C001741,593070.6387370205,76.2,0
C001742,4013620.785294199,95.5,1
C001743,205625.48915933393,39.9,0
C001744,0.0,7.0,0
C001745,224628.00208957723,43.6,0
C001746,57593.00661098005,17.2,0
C001747,402122.11420594336,70.0,0
C001748,50011.05027470345,16.6,0
C001749,264445.25399766193,52.0,0
C001750,272896.7953141733,53.6,0
C001751,362417.6134951782,66.9,0
C001752,285526.84940604074,56.0,0
C001753,177288.98946616982,34.7,0
C001754,0.0,7.0,0
C001755,0.0,7.0,0
C001756,667602.8247211952,79.1,0
C001757,200304.1502445372,38.9,0
C001758,135257.06903062883,28.1,0
C001759,263583.2429717175,51.7,0
C001760,0.0,7.0,0
C001761,855817.5996859946,87.3,1
C001762,797613.1173905032,84.9,1
C001763,5125456.1092928,99.9,1
C001764,537469.7518416155,74.6,0
C001765,3483520.286161929,92.2,1
C001766,272142.50267114484,53.5,0
C001767,4949077.470545014,99.9,1
C001768,819266.5106641377,85.8,1
C001769,67180.43084175435,18.2,0
C001770,346210.0867135288,65.3,0
C001771,0.0,7.0,0
C001772,376970.83820053714,68.2,0
C001773,218774.68441180993,42.4,0
C001774,257313.9318048066,50.3,0
C001775,111872.8606316993,24.6,0
C001776,0.0,7.0,0
C001777,213598.5143555957,41.4,0
C001778,236262.84085633035,45.9,0
C001779,358028.6878532783,66.6,0
C001780,582414.8029198814,75.9,0
C001781,70938.71817610678,18.8,0
C001782,642693.9466273439,78.1,0
C001783,846017.174632174,87.0,1
C001784,254945.43569278123,49.8,0
C001785,0.0,7.0,0
C001786,286770.7069217091,56.2,0
C001787,523071.6910790239,74.2,0
C001788,239556.74096263948,46.6,0
C001789,3983163.0183714163,95.3,1
C001790,47214.853399289146,16.3,0
C001791,125334.59419480177,26.7,0
C001792,724139.095664407,81.8,1
C001793,339903.213975663,64.5,0
C001794,400246.2833651426,69.9,0
C001795,969671.0172738136,90.0,1
C001796,328719.29476222495,63.2,0
C001797,1052054.5536019902,90.5,1
C001798,242859.07028684684,47.2,0
C001799,229847.77205385326,44.6,0
C001800,478400.1330833341,73.0,0
C001801,329047.7089646896,63.2,0
C001802,711440.5947446121,81.3,1
C001803,354691.1787113862,66.3,0
C001804,271535.7885869232,53.4,0
C001805,401303.14070775895,69.9,0
C001806,3042928.8211701727,91.1,1
C001807,339832.1487942604,64.5,0
C001808,268691.7901441177,52.8,0
C001809,3304916.0559698553,91.6,1
C001810,729769.5095010743,82.0,1
C001811,334287.1074998845,63.9,0
C001812,45201.369954487476,16.2,0
C001813,1064883.2124098036,90.5,1
C001814,99345.68018181014,22.6,0
C001815,41048.726676155326,15.8,0
C001816,0.0,7.0,0
C001817,124086.46884770418,26.5,0
C001818,227849.52664627758,44.2,0
C001819,201919.9856999052,39.2,0
C001820,245724.17368584205,47.8,0
C001821,215330.41265551184,41.8,0
C001822,352246.04444840393,66.0,0
C001823,146693.9871090712,30.1,0
C001824,0.0,7.0,0
C001825,3984532.3713296507,95.3,1
C001826,314577.45236019325,61.1,0
C001827,211179.79121996628,41.0,0
C001828,0.0,7.0,0
C001829,239901.76436515126,46.7,0
C001830,210233.1594620257,40.8,0
C001831,320124.15143583383,61.9,0
C001832,297583.8241236299,58.1,0
C001833,774437.0756586597,84.0,1
C001834,883328.5101181725,88.1,1
C001835,3752639.9946090006,93.8,1
C001836,4405873.494699538,98.3,1
C001837,262344.6755132252,51.4,0
C001838,94794.30544452842,22.0,0
C001839,0.0,7.0,0
C001840,3331782.538771151,91.6,1
C001841,195438.7887715291,38.0,0
C001842,598925.1379039482,76.4,0
C001843,340847.52504577895,64.7,0
C001844,636831.2015697742,77.8,0
C001845,363351.26633222884,67.0,0
C001846,247277.12104899986,48.1,0
C001847,366242.37310952856,67.3,0
C001848,31895.995942610552,15.2,0
C001849,114363.53623719656,25.0,0
C001850,802170.9022773473,85.1,1
C001851,0.0,7.0,0
C001852,169579.07044177814,33.6,0
C001853,19232.71253566054,14.7,0
C001854,119550.72787966774,25.8,0
C001855,319046.81075495604,61.8,0
C001856,490922.3345060443,73.3,0
C001857,557331.1538475764,75.2,0
C001858,708463.3629012341,81.2,1
C001859,895597.6604200152,88.4,1
C001860,87066.59093820983,20.9,0
C001861,125802.55038987116,26.8,0
C001862,186481.37173066247,36.3,0
C001863,315624.2989146691,61.3,0
C001864,514699.848442157,74.0,0
C001865,0.0,7.0,0
C001866,290745.4857205159,56.9,0
C001867,901986.4790089898,88.6,1
C001868,279400.39251603757,54.9,0
C001869,288795.5084053939,56.5,0
C001870,146722.71748451111,30.1,0
C001871,270922.1624593256,53.2,0
C001872,149422.77976403854,30.4,0
C001873,242970.82512218406,47.3,0
C001874,123436.17501368329,26.4,0
C001875,22613.5046296339,14.8,0
C001876,503930.2000101417,73.7,0
C001877,249294.7375631516,48.6,0
C001878,189073.53896122976,36.9,0
C001879,119064.10011937797,25.7,0
C001880,276249.72127006704,54.3,0
C001881,228377.06872708572,44.4,0
C001882,0.0,7.0,0
C001883,0.0,7.0,0
C001884,269870.5328491849,53.1,0
C001885,0.0,7.0,0
C001886,623182.9158416041,77.4,0
C001887,557591.7079972983,75.2,0
C001888,186505.29350137367,36.4,0
C001889,172206.14979642694,34.0,0
C001890,196725.7142913193,38.3,0
C001891,60583.64309333271,17.5,0
C001892,368032.3513341286,67.4,0
C001893,4245630.163342334,97.2,1
C001894,121827.38994744953,26.1,0
C001895,683486.7637610146,79.9,0
C001896,150364.93329079004,30.6,0
C001897,1226314.4077684772,90.7,1
C001898,3241495.552349537,91.4,1
C001899,3224764.785041813,91.4,1
C001900,416233.377193741,70.7,0
C001901,3154863.580198387,91.2,1
C001902,96863.22483446178,22.2,0
C001903,604077.8496971559,76.6,0
C001904,421818.5012576847,71.0,0
C001905,363736.7679924081,67.0,0
C001906,315874.0144745318,61.3,0
C001907,2975240.2068372443,91.0,1
C001908,80636.87309699322,20.0,0
C001909,125810.73264622233,26.8,0
C001910,3527940.9365723464,92.4,1
C001911,791017.1909829606,84.7,1
C001912,47879.91279894494,16.4,0
C001913,392914.7967904749,69.3,0
C001914,697672.7863328535,80.6,1
C001915,754667.3966260583,83.2,1
C001916,246881.73094657244,48.0,0
C001917,0.0,7.0,0
C001918,248029.55645776418,48.3,0
C001919,90624.00595886845,21.4,0
C001920,253382.8114785315,49.5,0
C001921,0.0,7.0,0
C001922,288796.1342390719,56.5,0
C001923,155103.40767200332,31.3,0
C001924,699157.4671099836,80.7,1
C001925,3981406.9495828594,95.3,1
C001926,223862.86446933134,43.4,0
C001927,125435.87498342614,26.7,0
C001928,4108380.208653842,96.2,1
C001929,175761.4049553017,34.5,0
C001930,115607.2524842936,25.2,0
C001931,295308.2945644556,57.7,0
C001932,0.0,7.0,0
C001933,247127.75693447745,48.1,0
C001934,0.0,7.0,0
C001935,742633.319390774,82.6,1
C001936,162376.8352594424,32.5,0
C001937,0.0,7.0,0
C001938,553652.877069066,75.1,0
C001939,4124400.0055112555,96.3,1
C001940,692151.412811495,80.4,1
C001941,135164.39049394018,28.1,0
C001942,286137.60420913727,56.1,0
C001943,776648.852294975,84.1,1
C001944,0.0,7.0,0
C001945,269074.12100366777,52.9,0
C001946,683704.0723028518,79.9,0
C001947,219016.82278275272,42.5,0
C001948,3866519.407713624,94.5,1
C001949,263158.4258148598,51.7,0
C001950,259134.32795424247,50.7,0
C001951,4025511.3549678084,95.6,1
C001952,149410.1424493613,30.4,0
C001953,156444.135843533,31.5,0
C001954,90936.81274821285,21.4,0
C001955,336197.37894260127,64.1,0
C001956,112896.2978476736,24.8,0
C001957,4195905.517069312,96.8,1
C001958,175681.4695341202,34.5,0
C001959,71025.20516902572,18.8,0
C001960,183992.18165009652,35.9,0
C001961,147061.61505470474,30.1,0
C001962,446404.9811973482,71.9,0
C001963,489412.286376366,73.3,0
C001964,148951.35987765525,30.4,0
C001965,4676895.435223999,99.3,1
C001966,127008.62496232033,27.0,0
C001967,0.0,7.0,0
C001968,255746.08211260827,49.9,0
C001969,160975.88470792517,32.3,0
C001970,229597.69229740783,44.6,0
C001971,125935.97183309234,26.8,0
C001972,0.0,7.0,0
C001973,28705.322110752077,15.0,0
C001974,936785.806245839,89.4,1
C001975,631573.9830705113,77.6,0
C001976,194666.45563057263,37.9,0
C001977,172282.5928034909,34.0,0
C001978,0.0,7.0,0
C001979,651496.4032002006,78.4,0
C001980,342687.4306115537,64.9,0
C001981,129748.28195489988,27.4,0
C001982,329965.83909221785,63.4,0
C001983,886612.1292235334,88.2,1
C001984,240413.34198404997,46.8,0
C001985,0.0,7.0,0
C001986,535255.7692057252,74.5,0
C001987,368784.3557709962,67.5,0
C001988,329390.7357569235,63.3,0
C001989,53350.12536938107,16.8,0
C001990,4778834.621457451,99.6,1
C001991,146010.12382403747,30.0,0
C001992,141270.57768267463,29.2,0
C001993,3590543.1157801743,92.7,1
C001994,272362.6374762106,53.5,0
C001995,0.0,7.0,0
C001996,877988.9598888827,88.0,1
C001997,251204.67306528662,48.9,0
C001998,0.0,7.0,0
C001999,271099.8816446141,53.3,0
C002000,60666.79817722416,17.5,0
C002001,188006.79521309983,36.7,0
C002002,115392.16379070783,25.2,0
C002003,223825.17916229728,43.4,0
C002004,856901.1265438701,87.3,1
C002005,176628.3062531391,34.6,0
C002006,154703.770216154,31.2,0
C002007,594547.4127648771,76.2,0
C002008,447541.3686909207,72.0,0
C002009,297940.8737442903,58.2,0
C002010,4282263.21563401,97.5,1
C002011,476863.4038700244,72.9,0
C002012,371436.10121170286,67.7,0
C002013,368643.82798643276,67.5,0
C002014,254108.26986122577,49.6,0
C002015,259514.509879819,50.7,0
C002016,449824.19030832394,72.0,0
C002017,4245172.57448852,97.2,1
C002018,237530.63596657704,46.2,0
C002019,174313.01475494757,34.3,0
C002020,398437.82148196275,69.7,0
C002021,525752.5520913259,74.2,0
C002022,4038523.6644451404,95.7,1
C002023,320729.26325122226,62.0,0
C002024,167410.65098824003,33.2,0
C002025,209158.6154432075,40.6,0
C002026,31401.42293248114,15.2,0
C002027,240154.98583428795,46.7,0
C002028,302641.7296510505,59.1,0
C002029,37106.71607472602,15.5,0
C002030,3975527.113960862,95.3,1
C002031,224035.31300203313,43.4,0
C002032,191064.21654694146,37.3,0
C002033,248822.38580262507,48.5,0
C002034,593079.4083153433,76.2,0
C002035,87440.57511956755,20.9,0
C002036,232726.41923769107,45.1,0
C002037,3897906.4028655807,94.7,1
C002038,0.0,7.0,0
C002039,47656.06546660301,16.4,0
C002040,698509.3693236505,80.6,1
C002041,5.2032858288179495,14.0,0
C002042,314188.43547865696,61.0,0
C002043,306294.95610998926,59.7,0
C002044,146789.73540071864,30.1,0
C002045,4099001.4571917024,96.1,1
C002046,213175.33399771882,41.4,0
C002047,18308.41056501203,14.6,0
C002048,695246.552096075,80.5,1
C002049,0.0,7.0,0
C002050,278843.2196626013,54.7,0
C002051,4042510.3130053193,95.7,1
C002052,0.0,7.0,0
C002053,115559.1462555103,25.2,0
C002054,166653.8217282471,33.1,0
C002055,180272.8227323977,35.3,0
C002056,304983.198144898,59.5,0
C002057,217553.69646845682,42.2,0
C002058,775166.6731129439,84.0,1
C002059,4111345.7125865053,96.2,1
C002060,160855.06121732472,32.2,0
C002061,533973.7852504677,74.5,0
C002062,303213.27114027494,59.2,0
C002063,3723366.897397717,93.6,1
C002064,254446.56851027,49.7,0
C002065,284795.0910635125,55.8,0
C002066,116448.49762832721,25.3,0
C002067,254457.46940481936,49.7,0
C002068,835469.9994622781,86.5,1
C002069,115334.1924878934,25.2,0
C002070,0.0,7.0,0
C002071,119283.85279502755,25.7,0
C002072,147131.7615374196,30.2,0
C002073,161393.69009563385,32.3,0
C002074,244675.5651782765,47.6,0
C002075,0.0,7.0,0
C002076,229257.55547834298,44.5,0
C002077,694987.7806862544,80.5,1
C002078,340194.30108364654,64.6,0
C002079,4261961.472545619,97.3,1
C002080,140879.61884389885,29.1,0
C002081,810905.8749652344,85.5,1
C002082,166956.02647866783,33.2,0
C002083,475975.54189768113,72.9,0
C002084,0.0,7.0,0
C002085,905244.1637097666,88.7,1
C002086,76134.39912241691,19.4,0
C002087,223427.5788530048,43.3,0
C002088,75964.21075238066,19.4,0
C002089,256361.1059480504,50.0,0
C002090,117516.3487837802,25.5,0
C002091,252276.3299899412,49.2,0
C002092,165693.7912091068,33.0,0
C002093,599635.9307422444,76.4,0
C002094,154768.7812535913,31.2,0
C002095,0.0,7.0,0
C002096,4289450.407150485,97.6,1
C002097,186555.78606699273,36.4,0
C002098,601212.8880717376,76.5,0
C002099,316908.248539342,61.5,0
C002100,138930.26288201017,28.7,0
C002101,61833.37164829142,17.7,0
C002102,0.0,7.0,0
C002103,246060.8672231626,47.9,0
C002104,192922.99648345806,37.5,0
C002105,55019.70736611284,17.0,0
C002106,0.0,7.0,0
C002107,267679.32575932884,52.6,0
C002108,133312.58905376558,27.9,0
C002109,155585.62045999794,31.4,0
C002110,395548.31545096403,69.6,0
C002111,118379.89861040024,25.6,0
C002112,854948.5395572046,87.3,1
C002113,294724.22717215377,57.6,0
C002114,3913130.342936423,94.8,1
C002115,512919.6937891043,73.9,0
C002116,383784.568758359,68.7,0
C002117,3580355.720520763,92.6,1
C002118,638759.0809702551,77.9,0
C002119,716053.6245375483,81.5,1
C002120,632133.5316014471,77.6,0
C002121,4557835.365863001,99.0,1
C002122,849214.6434111847,87.1,1
C002123,779920.3570409497,84.2,1
C002124,233472.7460306343,45.3,0
C002125,0.0,7.0,0
C002126,318548.7593898426,61.7,0
C002127,228348.7036914239,44.4,0
C002128,3924130.2014513593,94.9,1
C002129,3830008.7809786308,94.3,1
C002130,717545.2163694239,81.6,1
C002131,45079.46093679127,16.1,0
C002132,288452.6386468025,56.5,0
C002133,3.459041468589331,14.0,0
C002134,7643.289973598632,14.3,0
C002135,59215.06788921874,17.4,0
C002136,206693.60285954466,40.2,0
C002137,0.0,7.0,0
C002138,0.0,7.0,0
C002139,106461.34104432781,23.7,0
C002140,165020.67358126273,32.8,0
C002141,251712.1326492868,49.1,0
C002142,6.071221981062422,14.1,0
C002143,77519.36175952319,19.6,0
C002144,221199.60588834036,42.9,0
C002145,274740.1039320756,54.0,0
C002146,3953427.7860680707,95.1,1
C002147,127358.88716840144,27.1,0
C002148,0.0,7.0,0
C002149,3777414.586966919,94.0,1
C002150,310412.1573526526,60.4,0
C002151,48425.18645324268,16.5,0
C002152,0.0,7.0,0
C002153,53493.11755444344,16.9,0
C002154,153771.95890507422,31.1,0
C002155,206575.0209684885,40.1,0
C002156,4344992.660500856,97.9,1
C002157,701316.1118503782,80.8,1
C002158,270840.29621368396,53.2,0
C002159,3655524.915088935,93.1,1
C002160,142710.15436725476,29.4,0
C002161,919588.89157281,89.0,1
C002162,179667.8209919228,35.2,0
C002163,229979.62089729818,44.6,0
C002164,342752.90900263493,64.9,0
C002165,703749.9809723512,80.9,1
C002166,0.0,7.0,0
C002167,304475.74486126425,59.4,0
C002168,249929.77318396687,48.7,0
C002169,0.0,7.0,0
C002170,56548.10656694272,17.1,0
C002171,897451.2565806054,88.5,1
C002172,0.0,7.0,0
C002173,660328.7444510888,78.7,0
C002174,226043.0903379879,43.8,0
C002175,210172.51037584894,40.8,0
C002176,172331.7927846673,34.0,0
C002177,145288.6397193507,29.8,0
C002178,559121.9046999135,75.2,0
C002179,55365.9459139303,17.0,0
C002180,62298.63398505855,17.7,0
C002181,268437.09039033647,52.8,0
C002182,0.0,7.0,0
C002183,746570.5579727408,82.8,1
C002184,422367.5858753082,71.0,0
C002185,631244.7896929665,77.6,0
C002186,106836.09615391493,23.7,0
C002187,308921.683162431,60.2,0
C002188,844301.1823277896,86.9,1
C002189,331180.29347931664,63.5,0
C002190,0.0,7.0,0
C002191,169099.50511978165,33.5,0
C002192,22177.180670554335,14.8,0
C002193,4676572.905684313,99.3,1
C002194,337843.39804224874,64.3,0
C002195,0.0,7.0,0
C002196,4377006.40396086,98.2,1
C002197,285495.8223122922,56.0,0
C002198,529756.0720965201,74.4,0
C002199,333442.0457407385,63.8,0
C002200,126271.7813648895,26.8,0
C002201,201724.7966494932,39.1,0
C002202,244399.41401057423,47.5,0
C002203,456178.9670346527,72.3,0
C002204,141985.07407996085,29.3,0
C002205,285263.2816872515,55.9,0
C002206,0.0,7.0,0
C002207,271329.0507590371,53.4,0
C002208,952311.6328474534,89.7,1
C002209,460357.9958208527,72.4,0
C002210,47493.05131472563,16.3,0
C002211,384695.4336580873,68.8,0
C002212,0.0,7.0,0
C002213,220842.03852521468,42.8,0
C002214,185089.78896406744,36.1,0
C002215,3802456.228450118,94.1,1
C002216,633752.6638618032,77.7,0
C002217,284307.4092431255,55.8,0
C002218,117852.72135670375,25.5,0
C002219,0.0,7.0,0
C002220,312392.058472146,60.7,0
C002221,0.0,7.0,0
C002222,87520.825967141,21.0,0
C002223,508504.25632440945,73.8,0
C002224,0.0,7.0,0
C002225,457842.47820850223,72.4,0
C002226,0.0,7.0,0
C002227,4105834.771515543,96.2,1
C002228,3324653.1378249996,91.6,1
C002229,264417.38610495016,52.0,0
C002230,267452.88516646385,52.6,0
C002231,355913.3375819948,66.4,0
C002232,2926693.2434725873,90.9,1
C002233,289500.9515770074,56.6,0
C002234,0.0,7.0,0
C002235,370110.79185411916,67.6,0
C002236,234834.45518603444,45.6,0
C002237,130001.01691645071,27.4,0
C002238,62104.546700422565,17.7,0
C002239,409088.2124369819,70.3,0
C002240,125311.54366628238,26.7,0
C002241,4048256.7323928927,95.8,1
C002242,321280.304269921,62.1,0
C002243,19945.338386131258,14.7,0
C002244,233620.29302409495,45.4,0
C002245,752587.0609955577,83.0,1
C002246,0.0,7.0,0
C002247,287163.3937709962,56.3,0
C002248,168662.26408317068,33.5,0
C002249,208508.30835419742,40.5,0
C002250,264194.2119741962,51.9,0
C002251,0.0,7.0,0
C002252,99346.7311749567,22.6,0
C002253,0.0,7.0,0
C002254,0.0,7.0,0
C002255,215427.14930145766,41.8,0
C002256,318869.8870268709,61.8,0
C002257,95658.88053719883,22.1,0
C002258,4268235.904839829,97.4,1
C002259,172153.01922925783,33.9,0
C002260,163274.06010964274,32.6,0
C002261,303021.4988235219,59.2,0
C002262,92734.07887671186,21.7,0
C002263,336857.70150092844,64.2,0
C002264,105747.55502357685,23.6,0
C002265,580487.9527248304,75.8,0
C002266,84560.38301600315,20.5,0
C002267,247893.4551817824,48.3,0
C002268,92308.08712417206,21.6,0
C002269,96317.00162496856,22.2,0
C002270,172846.51294244945,34.1,0
C002271,298636.5418337141,58.3,0
C002272,68060.73139223162,18.4,0
C002273,0.0,7.0,0
C002274,63100.47306414369,17.8,0
C002275,4703443.382567584,99.4,1
C002276,323185.6937563891,62.3,0
C002277,687684.3540836673,80.1,1
C002278,289541.8484094252,56.7,0
C002279,113786.6637206114,24.9,0
C002280,196177.72738186773,38.1,0
C002281,650247.8302800069,78.3,0
C002282,183568.91171715056,35.8,0
C002283,35529.929020800206,15.4,0
C002284,914243.5018262937,88.9,1
C002285,2572480.785816311,90.8,1
C002286,200226.85317225126,38.9,0
C002287,0.0,7.0,0
C002288,91503.12790406003,21.5,0
C002289,66580.8003770446,18.2,0
C002290,248145.26655899856,48.4,0
C002291,0.0,7.0,0
C002292,454179.7727905455,72.2,0
C002293,90063.41364026174,21.3,0
C002294,708594.9467952009,81.2,1
C002295,3936307.7963120644,95.0,1
C002296,113095.3288250478,24.8,0
C002297,3490594.5064789886,92.2,1
C002298,3660119.450551676,93.1,1
C002299,0.0,7.0,0
C002300,0.0,7.0,0
C002301,0.0,7.0,0
C002302,251142.35174025063,48.9,0
C002303,0.0,7.0,0
C002304,301406.53528712597,58.8,0
C002305,70511.82843986595,18.7,0
C002306,323241.1203175799,62.3,0
C002307,242219.57193693967,47.1,0
C002308,272583.9168955116,53.6,0
C002309,263415.77165769617,51.7,0
C002310,0.0,7.0,0
C002311,3953466.4780012495,95.1,1
C002312,344649.90315924527,65.2,0
C002313,692716.041351568,80.4,1
C002314,109332.0177241692,24.1,0
C002315,208678.4127066448,40.5,0
C002316,574086.3407339505,75.6,0
C002317,0.0,7.0,0
C002318,0.0,7.0,0
C002319,0.0,7.0,0
C002320,4310739.571898698,97.7,1
C002321,3749050.0313743097,93.8,1
C002322,224825.44025702984,43.6,0
C002323,3738036.6465154774,93.7,1
C002324,807457.3380119608,85.3,1
C002325,379654.5057858469,68.4,0
C002326,721908.2317003186,81.7,1
C002327,840242.2993955358,86.7,1
C002328,355613.3009308822,66.4,0
C002329,305737.02286366164,59.6,0
C002330,0.0,7.0,0
C002331,261265.7741288388,51.2,0
C002332,0.0,7.0,0
C002333,834965.102699407,86.5,1
C002334,56115.65345450665,17.1,0
C002335,94840.35725420389,22.0,0
C002336,300490.2425658173,58.6,0
C002337,166193.852782383,33.1,0
C002338,298926.8939253379,58.3,0
C002339,4419591.969801998,98.4,1
C002340,896289.5178394163,88.4,1
C002341,4275541.73929677,97.5,1
C002342,0.0,7.0,0
C002343,617873.8866387729,77.2,0
C002344,92425.94369390885,21.7,0
C002345,3887271.4072548416,94.6,1
C002346,161526.07240895065,32.4,0
C002347,111707.03764164439,24.5,0
C002348,4018734.3986449083,95.6,1
C002349,4897404.158154251,99.8,1
C002350,2867950.266715535,90.9,1
C002351,362319.8062990338,66.9,0
C002352,777187.7113308139,84.1,1
C002353,389808.6204378396,69.2,0
C002354,228660.768847388,44.4,0
C002355,55508.10607874954,17.0,0
C002356,86685.06941742601,20.8,0
C002357,287570.0955137904,56.3,0
C002358,160752.60133093104,32.2,0
C002359,392071.13874383946,69.3,0
C002360,96598.71856136892,22.2,0
C002361,4411266.610239323,98.3,1
C002362,246306.27538818505,47.9,0
C002363,0.0,7.0,0
C002364,42508.73695177339,16.0,0
C002365,277269.8877251261,54.5,0
C002366,649740.5020056195,78.3,0
C002367,71423.72098015671,18.8,0
C002368,259641.455834386,50.8,0
C002369,0.0,7.0,0
C002370,127219.42996967581,27.0,0
C002371,205846.63402607298,40.0,0
C002372,185805.6459920079,36.2,0
C002373,702774.1686399707,80.8,1
C002374,0.0,7.0,0
C002375,790203.3049879619,84.7,1
C002376,217946.2157623899,42.3,0
C002377,297057.51423890505,58.0,0
C002378,740018.7042139815,82.5,1
C002379,72866.30723201383,19.0,0
C002380,0.0,7.0,0
C002381,146628.17064854084,30.1,0
C002382,815264.3243659657,85.7,1
C002383,2627038.3518558275,90.8,1
C002384,3930632.7173193656,94.9,1
C002385,0.0,7.0,0
C002386,249846.3698520943,48.7,0
C002387,4282847.988131401,97.5,1
C002388,0.0,7.0,0
C002389,3516059.579293035,92.3,1
C002390,333295.49030720233,63.8,0
C002391,189092.53487851805,36.9,0
C002392,126824.2722476688,27.0,0
C002393,4197413.055552928,96.8,1
C002394,323025.0790424039,62.3,0
C002395,294625.11095469067,57.6,0
C002396,262732.69201654964,51.5,0
C002397,677817.538686654,79.6,0
C002398,433608.7628075476,71.4,0
C002399,244931.48362963702,47.6,0
C002400,207944.70559800867,40.4,0
C002401,0.0,7.0,0
C002402,82200.83330084373,20.2,0
C002403,361715.5693744395,66.9,0
C002404,0.0,7.0,0
C002405,557189.3522283797,75.2,0
C002406,267330.04565033544,52.5,0
C002407,215257.11093178898,41.8,0
C002408,261204.47396534582,51.2,0
C002409,0.0,7.0,0
C002410,407249.6595676644,70.2,0
C002411,227234.58858680146,44.1,0
C002412,236135.8730037148,45.9,0
C002413,372756.0389098959,67.8,0
C002414,179437.89327179908,35.2,0
C002415,871017.8397290314,87.7,1
C002416,521061.91518665873,74.1,0
C002417,207347.51017985167,40.3,0
C002418,3178420.7297789385,91.3,1
C002419,283110.4520356272,55.5,0
C002420,599277.1523780822,76.4,0
C002421,510899.3109300721,73.9,0
C002422,0.0,7.0,0
C002423,5296751.531648124,100.0,1
C002424,172185.68305791458,33.9,0
C002425,67742.60849950674,18.3,0
C002426,3225758.0556197185,91.4,1
C002427,0.0,7.0,0
C002428,331065.94812434615,63.5,0
C002429,122319.83263887884,26.2,0
C002430,104743.79486884823,23.4,0
C002431,0.0,7.0,0
C002432,136752.3030833435,28.4,0
C002433,192578.33722717824,37.5,0
C002434,371865.47132716206,67.7,0
C002435,207408.38452291064,40.3,0
C002436,215287.5051165928,41.8,0
C002437,378119.16400192986,68.3,0
C002438,249158.9374846512,48.5,0
C002439,0.0,7.0,0
C002440,239991.67923035217,46.7,0
C002441,879319.284289607,88.0,1
C002442,774384.8831743511,84.0,1
C002443,193687.26666778364,37.7,0
C002444,247251.96104533176,48.1,0
C002445,238620.0881474922,46.5,0
C002446,4602374.651296307,99.1,1
C002447,296968.7359830226,58.0,0
C002448,436957.26131667534,71.6,0
C002449,325241.08867256675,62.7,0
C002450,528587.3914433394,74.3,0
C002451,77668.54380513176,19.6,0
C002452,325655.09233943844,62.7,0
C002453,0.0,7.0,0
C002454,255159.614207396,49.8,0
C002455,262616.40635399905,51.5,0
C002456,530020.2679840191,74.4,0
C002457,781724.0260708425,84.3,1
C002458,1000668.0357908253,90.2,1
C002459,250976.12262807795,48.9,0
C002460,155016.50148634575,31.3,0
C002461,299568.5913469699,58.4,0
C002462,4430737.543130806,98.4,1
C002463,153065.9912616953,31.0,0
C002464,708035.652045902,81.2,1
C002465,0.0,7.0,0
C002466,0.0,7.0,0
C002467,306490.88379323133,59.7,0
C002468,442328.8948824038,71.8,0
C002469,49652.569423194596,16.5,0
C002470,106797.39877751125,23.7,0
C002471,131071.89236574434,27.6,0
C002472,131492.71822471285,27.7,0
C002473,205303.386214071,39.9,0
C002474,317445.40721199155,61.5,0
C002475,4187393.3781781364,96.7,1
C002476,727638.9090935506,81.9,1
C002477,467122.61981910456,72.6,0
C002478,183580.82951104647,35.8,0
C002479,375948.7485778605,68.1,0
C002480,0.0,7.0,0
C002481,450676.7284078566,72.1,0
C002482,985568.3272239309,90.1,1
C002483,31369.248014759265,15.2,0
C002484,0.0,7.0,0
C002485,264484.6463038196,52.0,0
C002486,0.0,7.0,0
C002487,106872.08839038422,23.8,0
C002488,508405.82852878235,73.8,0
C002489,98533.31399402721,22.5,0
C002490,375978.6071691436,68.1,0
C002491,270408.803559069,53.1,0
C002492,3986192.858337617,95.4,1
C002493,30663.271275840365,15.2,0
C002494,139981.53201879264,28.9,0
C002495,0.0,7.0,0
C002496,0.0,7.0,0
C002497,661501.1748737184,78.8,0
C002498,0.0,7.0,0
C002499,0.0,7.0,0
C002500,4497779.664645739,98.7,1
C002501,122008.1945406002,26.1,0
C002502,0.0,7.0,0
C002503,64879.921389361734,18.0,0
C002504,720963.651824823,81.7,1
C002505,3845957.7035979996,94.3,1
C002506,0.0,7.0,0
C002507,100759.9996884286,22.8,0
C002508,222143.08890312148,43.0,0
C002509,462181.401313597,72.5,0
C002510,209895.99237050934,40.8,0
C002511,198628.22962270692,38.6,0
C002512,725984.004421451,81.9,1
C002513,3628102.691737341,92.9,1
C002514,766354.9606931881,83.7,1
C002515,0.0,7.0,0
C002516,702256.5376174054,80.8,1
C002517,820612.4230763303,85.9,1
C002518,115840.79265344326,25.2,0
C002519,538234.3258058832,74.6,0
C002520,812175.2587591996,85.5,1
C002521,265273.8513468065,52.1,0
C002522,272809.0965559979,53.6,0
C002523,282572.15460036055,55.4,0
C002524,279907.1336102846,55.0,0
C002525,744165.8239282446,82.6,1
C002526,274003.33033669344,53.9,0
C002527,305054.88226884906,59.5,0
C002528,76174.99205782001,19.4,0
C002529,359650.06046081014,66.7,0
C002530,0.0,7.0,0
C002531,502813.82881508314,73.6,0
C002532,225396.82823525145,43.7,0
C002533,3773802.2362632747,93.9,1
C002534,98136.90079498696,22.4,0
C002535,269402.8868000976,53.0,0
C002536,391613.33963499806,69.2,0
C002537,154945.9115970734,31.2,0
C002538,3814316.320130067,94.2,1
C002539,329007.60341349035,63.2,0
C002540,413155.1762831928,70.6,0
C002541,100661.28286382787,22.8,0
C002542,145289.06619405572,29.8,0
C002543,734063.5923886825,82.2,1
C002544,0.0,7.0,0
C002545,211620.89778607,41.1,0
C002546,377294.8182420871,68.2,0
C002547,544502.6946266816,74.8,0
C002548,145382.17841162896,29.9,0
C002549,753307.838783046,83.1,1
C002550,325839.8966463199,62.8,0
C002551,207210.78470455218,40.2,0
C002552,328687.18205356353,63.2,0
C002553,367947.4732654731,67.4,0
C002554,696008.2671029271,80.5,1
C002555,148611.74953204743,30.3,0
C002556,3502484.191869548,92.3,1
C002557,331263.8422520452,63.6,0
C002558,238197.6494683657,46.4,0
C002559,4666887.7308294065,99.3,1
C002560,616577.5407010823,77.1,0
C002561,121761.90647541163,26.1,0
C002562,0.0,7.0,0
C002563,296494.513545198,57.9,0
C002564,270427.0635905575,53.1,0
C002565,226642.84500040504,44.0,0
C002566,3300921.7032862874,91.6,1
C002567,4488856.59391205,98.7,1
C002568,317558.07067182433,61.6,0
C002569,0.0,7.0,0
C002570,4031508.4556263736,95.7,1
C002571,247998.01764860927,48.3,0
C002572,0.0,7.0,0
C002573,71135.22677287571,18.8,0
C002574,318630.2441362817,61.7,0
C002575,364089.8934619905,67.1,0
C002576,224341.91083087644,43.5,0
C002577,23960.38557002442,14.8,0
C002578,690028.5630418091,80.2,1
C002579,334991.1175919443,64.0,0
C002580,3771750.060474974,93.9,1
C002581,59853.862130228474,17.5,0
C002582,4966532.738079972,99.9,1
C002583,876907.8532497096,87.9,1
C002584,4071714.6294471715,96.0,1
C002585,139534.35358996154,28.8,0
C002586,289141.8878575146,56.6,0
C002587,456728.34584886534,72.3,0
C002588,0.0,7.0,0
C002589,188661.18294041682,36.8,0
C002590,98783.62914292705,22.5,0
C002591,234447.2390401997,45.5,0
C002592,377988.0258621713,68.3,0
C002593,779403.5203328368,84.2,1
C002594,741213.1756057446,82.5,1
C002595,0.0,7.0,0
C002596,4371741.093110182,98.1,1
C002597,295538.0104140339,57.8,0
C002598,199308.72767555813,38.8,0
C002599,208041.57623897397,40.4,0
C002600,253023.01734955856,49.4,0
C002601,278790.7208464622,54.7,0
C002602,309342.94102268934,60.2,0
C002603,70383.45713674957,18.7,0
C002604,2339260.6567942398,90.8,1
C002605,662440.2759725322,78.8,0
C002606,286110.3874449615,56.1,0
C002607,886316.3655683305,88.2,1
C002608,316710.3874789516,61.4,0
C002609,213948.61502131837,41.5,0
C002610,114279.99745948955,25.0,0
C002611,0.0,7.0,0
C002612,263303.4929513102,51.7,0
C002613,113005.96057996861,24.8,0
C002614,705007.4393600065,81.0,1
C002615,252155.0697884102,49.2,0
C002616,233642.05731243148,45.4,0
C002617,237441.48182666488,46.2,0
C002618,148831.2968079536,30.4,0
C002619,0.0,7.0,0
C002620,178095.44662719165,34.9,0
C002621,149787.6454384342,30.5,0
C002622,468221.19156082795,72.7,0
C002623,352095.78552511643,66.0,0
C002624,190883.99478064742,37.2,0
C002625,315345.1403385195,61.2,0
C002626,0.0,7.0,0
C002627,231680.3780796618,44.9,0
C002628,771355.202133173,83.9,1
C002629,428488.3545602935,71.2,0
C002630,4137860.3747450206,96.4,1
C002631,137610.4406794984,28.5,0
C002632,0.0,7.0,0
C002633,273711.23093400965,53.8,0
C002634,365794.1577356323,67.2,0
C002635,196461.0173104723,38.2,0
C002636,174570.8948703472,34.3,0
C002637,829026.6840887107,86.3,1
C002638,93115.39884811651,21.7,0
C002639,921737.017497506,89.1,1
C002640,0.0,7.0,0
C002641,243003.5049587862,47.3,0
C002642,393094.1984119822,69.4,0
C002643,231974.3425326293,45.0,0
C002644,727466.4337928913,81.9,1
C002645,0.0,7.0,0
C002646,98555.09558531706,22.5,0
C002647,0.0,7.0,0
C002648,164196.88751772203,32.7,0
C002649,89331.02022142676,21.2,0
C002650,221711.14704884923,43.0,0
C002651,0.0,7.0,0
C002652,0.0,7.0,0
C002653,0.0,7.0,0
C002654,209210.2141569384,40.6,0
C002655,198997.11440107579,38.7,0
C002656,140904.7230289608,29.1,0
C002657,119489.04361746667,25.8,0
C002658,918120.6502937222,89.0,1
C002659,647967.3048582692,78.2,0
C002660,9054.637606076105,14.4,0
C002661,0.0,7.0,0
C002662,346610.3422160815,65.4,0
C002663,874572.877101169,87.9,1
C002664,0.0,7.0,0
C002665,88535.03881153399,21.1,0
C002666,241828.105973432,47.1,0
C002667,3647656.4030444585,93.0,1
C002668,252898.76478779435,49.4,0
C002669,158411.16680095484,31.9,0
C002670,244556.44223350193,47.6,0
C002671,261583.2483937649,51.3,0
C002672,276808.21275747154,54.4,0
C002673,84668.23293839193,20.5,0
C002674,121211.37600301535,26.0,0
C002675,337889.72610562603,64.3,0
C002676,284174.23313253594,55.7,0
C002677,0.0,7.0,0
C002678,0.0,7.0,0
C002679,246317.40224766178,47.9,0
C002680,0.0,7.0,0
C002681,187329.20060476207,36.5,0
C002682,567140.3097660356,75.4,0
C002683,125066.72887069291,26.6,0
C002684,942396.1726139958,89.4,1
C002685,79433.91303900404,19.8,0
C002686,715394.7792606321,81.5,1
C002687,219323.0885484592,42.5,0
C002688,691213.6328294295,80.3,1
C002689,310575.1153103821,60.5,0
C002690,325376.23072227347,62.7,0
C002691,157939.99633598793,31.8,0
C002692,132528.83292656238,27.8,0
C002693,126974.12548965265,27.0,0
C002694,296343.16248256573,57.9,0
C002695,605118.0318806979,76.7,0
C002696,74525.34138235362,19.2,0
C002697,4102880.4887587535,96.2,1
C002698,305976.3056179872,59.6,0
C002699,212058.05857532335,41.2,0
C002700,291312.54097762646,57.0,0
C002701,0.0,7.0,0
C002702,257790.55362949462,50.4,0
C002703,7263.912669702,14.3,0
C002704,0.0,7.0,0
C002705,156795.14602217692,31.6,0
C002706,152373.0074084053,30.9,0
C002707,670495.4804467891,79.3,0
C002708,219191.87209674632,42.5,0
C002709,383748.52527823305,68.7,0
C002710,273198.8795401574,53.7,0
C002711,822406.2836332432,86.0,1
C002712,701931.5455066944,80.8,1
C002713,660023.8628358527,78.7,0
C002714,133298.1887276497,27.9,0
C002715,763665.3507431273,83.5,1
C002716,254584.82089088194,49.7,0
C002717,156540.23894973806,31.6,0
C002718,3448050.1651611635,92.0,1
C002719,443100.75499400485,71.8,0
C002720,426935.1307494261,71.2,0
C002721,0.0,7.0,0
C002722,0.0,7.0,0
C002723,191570.45556229053,37.4,0
C002724,565490.4009330082,75.4,0
C002725,0.0,7.0,0
C002726,67766.57019243448,18.4,0
C002727,869614.4650081871,87.7,1
C002728,184826.2912475527,36.0,0
C002729,0.0,7.0,0
C002730,3964073.230082179,95.1,1
C002731,864649.1971277054,87.5,1
C002732,346609.48819070176,65.4,0
C002733,332488.2109583895,63.7,0
C002734,948814.2763992596,89.6,1
C002735,193598.79950433737,37.7,0
C002736,714209.6391882533,81.4,1
C002737,335936.0525235423,64.1,0
C002738,25130.526848995458,14.9,0
C002739,309390.0194223205,60.2,0
C002740,3555537.371642364,92.5,1
C002741,0.0,7.0,0
C002742,531120.2339133543,74.4,0
C002743,0.0,7.0,0
C002744,192292.67623593917,37.4,0
C002745,0.0,7.0,0
C002746,678684.8866166656,79.7,0
C002747,817857.4515427845,85.8,1
C002748,178240.01693908655,34.9,0
C002749,4187896.3597993003,96.7,1
C002750,819132.0759334221,85.8,1
C002751,0.0,7.0,0
C002752,0.0,7.0,0
C002753,5117662.340011425,99.9,1
C002754,0.0,7.0,0
C002755,0.0,7.0,0
C002756,225991.53587940408,43.8,0
C002757,288091.269876137,56.4,0
C002758,155600.97971524988,31.4,0
C002759,343977.39389359066,65.1,0
C002760,292174.4626117625,57.2,0
C002761,343245.55159851117,65.0,0
C002762,855696.4624757045,87.3,1
C002763,175914.1325165088,34.5,0
C002764,4158322.2780108284,96.5,1
C002765,265731.6858942766,52.2,0
C002766,0.0,7.0,0
C002767,296138.9399136736,57.9,0
C002768,0.0,7.0,0
C002769,89201.27018888286,21.2,0
C002770,709846.1063862201,81.2,1
C002771,0.0,7.0,0
C002772,217314.10472238486,42.2,0
C002773,3950212.682429621,95.1,1
C002774,0.0,7.0,0
C002775,194307.50180988782,37.8,0
C002776,251454.92379577932,49.0,0
C002777,309565.7472045029,60.3,0
C002778,703542.707662953,80.9,1
C002779,697705.4498599849,80.6,1
C002780,736682.6667016746,82.3,1
C002781,686597.5527920976,80.1,1
C002782,393300.4498883779,69.4,0
C002783,83315.21279295864,20.4,0
C002784,780668.6905281475,84.3,1
C002785,79521.80050554719,19.9,0
C002786,263227.33976340137,51.7,0
C002787,329977.5069510328,63.4,0
C002788,302149.0087144581,58.9,0
C002789,271931.4404251281,53.5,0
C002790,0.0,7.0,0
C002791,4098438.8990462497,96.1,1
C002792,85272.49793408734,20.6,0
C002793,100105.11286778832,22.7,0
C002794,93960.39254582694,21.9,0
C002795,152525.54125882022,30.9,0
C002796,468232.6419872743,72.7,0
C002797,142191.0491839818,29.3,0
C002798,240203.05848253926,46.7,0
C002799,143555.33551486768,29.6,0
C002800,238496.64112439257,46.4,0
C002801,215261.5838588481,41.8,0
C002802,4241579.301972719,97.2,1
C002803,136298.17501937525,28.3,0
C002804,1026462.6300299251,90.4,1
C002805,507090.81420636177,73.8,0
C002806,148341.35782901844,30.3,0
C002807,0.0,7.0,0
C002808,688960.1145483674,80.2,1
C002809,90098.76060136953,21.3,0
C002810,3705366.3832278415,93.4,1
C002811,245652.2318447815,47.8,0
C002812,263392.96527328045,51.7,0
C002813,5030711.659005623,99.9,1
C002814,5445726.829741647,100.0,1
C002815,138499.05052709536,28.6,0
C002816,710760.7412419525,81.3,1
C002817,0.0,7.0,0
C002818,0.0,7.0,0
C002819,178578.55903438723,35.0,0
C002820,906150.1605387399,88.7,1
C002821,510004.3006532853,73.8,0
C002822,4330313.08607839,97.8,1
C002823,268163.51540974644,52.7,0
C002824,140695.15132333484,29.0,0
C002825,0.0,7.0,0
C002826,84462.55994344616,20.5,0
C002827,822373.9491191283,86.0,1
C002828,0.0,7.0,0
C002829,0.0,7.0,0
C002830,616122.3911508091,77.1,0
C002831,320678.9927992859,62.0,0
C002832,219002.98961145867,42.5,0
C002833,43374.33072310972,16.0,0
C002834,264488.0661999419,52.0,0
C002835,235669.32150270362,45.7,0
C002836,322328.56106582383,62.2,0
C002837,818173.973601058,85.8,1
C002838,221171.0110398264,42.9,0
C002839,39348.76307127993,15.7,0
C002840,199061.53256331407,38.7,0
C002841,362909.3826952839,66.9,0
C002842,299140.1963485069,58.4,0
C002843,759693.516974854,83.4,1
C002844,950135.7646789444,89.6,1
C002845,327199.6515985334,63.0,0
C002846,645562.8566971135,78.2,0
C002847,3390275.463938972,91.8,1
C002848,0.0,7.0,0
C002849,143455.29127339364,29.6,0
C002850,256442.92749868086,50.1,0
C002851,249490.41065517487,48.6,0
C002852,100708.04038685275,22.8,0
C002853,321820.5089618563,62.1,0
C002854,0.0,7.0,0
C002855,69474.26804299522,18.6,0
C002856,0.0,7.0,0
C002857,0.0,7.0,0
C002858,86100.40088689406,20.7,0
C002859,0.0,7.0,0
C002860,277698.3758600336,54.5,0
C002861,381951.8493839446,68.6,0
C002862,315433.7721558461,61.2,0
C002863,632404.6460014603,77.7,0
C002864,232957.84195836628,45.2,0
C002865,385252.9596515135,68.9,0
C002866,207937.08226839677,40.4,0
C002867,324740.33743670315,62.6,0
C002868,300039.5991156497,58.5,0
C002869,4178743.8465774828,96.6,1
C002870,198134.7248136479,38.5,0
C002871,214592.05504992572,41.6,0
C002872,4212412.6327678,96.9,1
C002873,736817.8432217528,82.3,1
C002874,637133.5492285679,77.8,0
C002875,871832.2610937314,87.8,1
C002876,87136.05864078818,20.9,0
C002877,128621.06458926307,27.2,0
C002878,94054.94135369713,21.9,0
C002879,3489865.888392351,92.2,1
C002880,686533.854804493,80.0,1
C002881,243337.63866244786,47.4,0
C002882,164025.05157742926,32.6,0
C002883,284299.80854251364,55.8,0
C002884,285493.14245166455,56.0,0
C002885,734317.3277947219,82.2,1
C002886,5208561.371166018,100.0,1
C002887,322459.0520332772,62.2,0
C002888,253943.46919575642,49.6,0
C002889,544714.0441239182,74.8,0
C002890,757858.7138205935,83.3,1
C002891,257151.89271165055,50.2,0
C002892,350993.8097068864,65.8,0
C002893,353745.623495615,66.1,0
C002894,112573.20650991534,24.7,0
C002895,2953380.665862447,91.0,1
C002896,131177.73034252477,27.6,0
C002897,543970.2264922301,74.8,0
C002898,343147.4206144502,65.0,0
C002899,260041.71075723864,50.9,0
C002900,174605.7266572488,34.4,0
C002901,323445.68321944546,62.4,0
C002902,567372.2881393012,75.4,0
C002903,190144.04453067115,37.1,0
C002904,175046.1048213116,34.4,0
C002905,432493.0161362394,71.4,0
C002906,177236.70757494774,34.7,0
C002907,4789020.491693036,99.6,1
C002908,0.0,7.0,0
C002909,268404.2323180233,52.8,0
C002910,67628.2804846013,18.3,0
C002911,508884.436079325,73.8,0
C002912,410826.215943172,70.4,0
C002913,205913.3929594273,40.0,0
C002914,160329.29059912227,32.2,0
C002915,767169.1497670263,83.7,1
C002916,1147053.791310581,90.7,1
C002917,223125.14063789073,43.2,0
C002918,3707613.8879102566,93.4,1
C002919,0.0,7.0,0
C002920,137426.91343334556,28.5,0
C002921,3359880.947613616,91.7,1
C002922,836842.175313801,86.6,1
C002923,29879.1279518384,15.1,0
C002924,4522477.733211167,98.8,1
C002925,254994.01027730945,49.8,0
C002926,307798.0528992479,59.9,0
C002927,331405.82030532684,63.6,0
C002928,271398.8380825146,53.4,0
C002929,421531.1246529342,71.0,0
C002930,491934.9447277662,73.3,0
C002931,569685.0438743468,75.5,0
C002932,382423.4314373253,68.6,0
C002933,208470.82275759798,40.5,0
C002934,338298.386137514,64.4,0
C002935,284228.43990305497,55.7,0
C002936,27314.48542737718,15.0,0
C002937,3646222.884956495,93.0,1
C002938,703192.1804682845,80.9,1
C002939,3970719.5862045186,95.2,1
C002940,275322.7467118002,54.1,0
C002941,789784.3978140007,84.6,1
C002942,0.0,7.0,0
C002943,584921.7988615696,75.9,0
C002944,575911.3879356636,75.7,0
C002945,0.0,7.0,0
C002946,105479.20825242011,23.6,0
C002947,174344.02461214914,34.3,0
C002948,421783.80469031236,71.0,0
C002949,252158.71955059952,49.2,0
C002950,941009.1227953795,89.4,1
C002951,109197.59850252671,24.1,0
C002952,935597.2072313908,89.4,1
C002953,0.0,7.0,0
C002954,157557.9092851132,31.7,0
C002955,0.0,7.0,0
C002956,548456.8475369354,74.9,0
C002957,4869835.183490127,99.8,1
C002958,565818.6623639547,75.4,0
C002959,243774.76833481932,47.4,0
C002960,59044.02375822295,17.4,0
C002961,297123.8862087439,58.0,0
C002962,466443.05639842135,72.6,0
C002963,376401.4505513129,68.1,0
C002964,789111.9746030796,84.6,1
C002965,307568.7705797855,59.9,0
C002966,289432.40401544684,56.6,0
C002967,140797.5684555944,29.1,0
C002968,475807.94291254826,72.9,0
C002969,495279.69797759416,73.4,0
C002970,165340.10862432016,32.9,0
C002971,275818.7317612397,54.2,0
C002972,795055.0943222521,84.9,1
C002973,132070.98394777701,27.7,0
C002974,323724.06751372345,62.4,0
C002975,0.0,7.0,0
C002976,0.0,7.0,0
C002977,0.0,7.0,0
C002978,0.0,7.0,0
C002979,171341.96455385737,33.8,0
C002980,360623.4111260891,66.8,0
C002981,687442.7593616432,80.1,1
C002982,4838292.577308288,99.7,1
C002983,119789.65502745668,25.8,0
C002984,94774.07903200285,22.0,0
C002985,517107.86863314523,74.0,0
C002986,3708405.074820721,93.5,1
C002987,352011.7349189248,65.9,0
C002988,664132.7888283916,78.9,0
C002989,96624.80798915954,22.2,0
C002990,0.0,7.0,0
C002991,81739.04313610398,20.2,0
C002992,156145.62536915066,31.5,0
C002993,285616.9647699472,56.0,0
C002994,46452.087792153696,16.3,0
C002995,242855.61284103518,47.2,0
C002996,177337.26758891655,34.8,0
C002997,706537.4657307391,81.0,1
C002998,232241.0768295473,45.0,0
C002999,4214672.052736121,97.0,1
C003000,0.0,7.0,0
C003001,156523.18580955197,31.5,0
C003002,1006819.771927162,90.3,1
C003003,0.0,7.0,0
C003004,1960289.0018090322,90.7,1
C003005,78287.89781357252,19.7,0
C003006,293276.9062204827,57.4,0
C003007,808829.5393804469,85.4,1
C003008,4166488.0864370065,96.6,1
C003009,36891.71389080456,15.5,0
C003010,775945.4395876934,84.1,1
C003011,429179.8921782646,71.3,0
C003012,91775.14485510511,21.6,0
C003013,273408.8218442176,53.8,0
C003014,764898.9017196954,83.6,1
C003015,107979.00452967797,23.9,0
C003016,206277.83138866653,40.1,0
C003017,4116844.459900888,96.3,1
C003018,211643.55524427895,41.1,0
C003019,676163.4319891046,79.6,0
C003020,65455.08347287603,18.1,0
C003021,0.0,7.0,0
C003022,251235.80218988957,49.0,0
C003023,268763.81259659433,52.8,0
C003024,232602.69663501752,45.1,0
C003025,614951.9455756159,77.0,0
C003026,467571.73917098186,72.7,0
C003027,0.0,7.0,0
C003028,223519.45820759874,43.4,0
C003029,213523.06303718788,41.4,0
C003030,0.0,7.0,0
C003031,4406424.317413425,98.3,1
C003032,695618.5736769418,80.5,1
C003033,837487.9450873234,86.6,1
C003034,0.0,7.0,0
C003035,113059.8984988962,24.8,0
C003036,339729.7067817045,64.5,0
C003037,2989630.7019464285,91.0,1
C003038,1048824.12737261,90.5,1
C003039,437860.6595744966,71.6,0
C003040,274791.636209134,54.0,0
C003041,372399.0007192906,67.8,0
C003042,86044.4135653555,20.7,0
C003043,178885.32297922176,35.0,0
C003044,223334.57869038312,43.3,0
C003045,223743.1250266707,43.4,0
C003046,280059.10556394036,55.0,0
C003047,383455.95024154155,68.7,0
C003048,252792.7336794086,49.4,0
C003049,709749.8195223331,81.2,1
C003050,208071.28774090327,40.4,0
C003051,3956837.3296093466,95.1,1
C003052,188057.28799183975,36.7,0
C003053,0.0,7.0,0
C003054,174528.60189194692,34.3,0
C003055,353851.6227513666,66.2,0
C003056,344376.59116932633,65.1,0
C003057,976041.5068321287,90.0,1
C003058,578529.0405200154,75.7,0
C003059,556120.0383424987,75.1,0
C003060,0.0,7.0,0
C003061,128809.90570428353,27.2,0
C003062,493278.9811060006,73.3,0
C003063,307473.24496644794,59.9,0
C003064,269974.9983717606,53.1,0
C003065,0.0,7.0,0
C003066,161536.15694681625,32.4,0
C003067,457137.8912336474,72.3,0
C003068,84909.02047369108,20.6,0
C003069,217908.58522069766,42.3,0
C003070,4246865.660098771,97.2,1
C003071,235502.63346378284,45.7,0
C003072,0.0,7.0,0
C003073,187010.01663800704,36.5,0
C003074,336027.06527130905,64.1,0
C003075,66377.18925150878,18.2,0
C003076,275556.41606544866,54.2,0
C003077,248562.50887673104,48.4,0
C003078,332529.99878150324,63.7,0
C003079,862140.5981111903,87.4,1
C003080,671652.3276147202,79.3,0
C003081,965161.5115828435,89.9,1
C003082,171712.14348979163,33.9,0
C003083,0.0,7.0,0
C003084,0.0,7.0,0
C003085,147412.1935376383,30.2,0
C003086,764476.5752707003,83.6,1
C003087,0.0,7.0,0
C003088,327108.36807472544,63.0,0
C003089,0.0,7.0,0
C003090,462281.7913586275,72.5,0
C003091,278845.49848774006,54.7,0
C003092,178088.46146713538,34.9,0
C003093,108359.47430407706,23.9,0
C003094,151692.6500524629,30.8,0
C003095,4513510.090958254,98.8,1
C003096,3927003.80306496,94.9,1
C003097,75775.49879058685,19.3,0
C003098,637944.6415760432,77.9,0
C003099,815866.746186816,85.7,1
C003100,96173.19142027662,22.2,0
C003101,481712.34422854544,73.0,0
C003102,266108.26154258044,52.3,0
C003103,0.0,7.0,0
C003104,254564.15670875373,49.7,0
C003105,280511.3728312363,55.1,0
C003106,268660.33728100546,52.8,0
C003107,262960.11753270816,51.6,0
C003108,496466.4331911273,73.5,0
C003109,373281.45073211,67.9,0
C003110,191928.3189596645,37.4,0
C003111,848279.4752364338,87.1,1
C003112,98277.33176298108,22.4,0
C003113,0.0,7.0,0
C003114,278107.35799208947,54.6,0
C003115,469790.20972350746,72.7,0
C003116,667073.566208521,79.1,0
C003117,483318.94949251146,73.1,0
C003118,590498.1856894142,76.1,0
C003119,900372.5424510045,88.6,1
C003120,830920.025713678,86.4,1
C003121,294766.8168708886,57.6,0
C003122,206018.74398988296,40.0,0
C003123,215483.48755128257,41.8,0
C003124,842762.6942014116,86.8,1
C003125,551975.4731780178,75.0,0
C003126,338692.72552984575,64.4,0
C003127,964780.3264060251,89.9,1
C003128,265816.33345851395,52.2,0
C003129,302263.54098499264,59.0,0
C003130,0.0,7.0,0
C003131,479477.09519966913,73.0,0
C003132,4443069.360777457,98.5,1
C003133,3913744.1508107902,94.8,1
C003134,93981.40969077338,21.9,0
C003135,0.0,7.0,0
C003136,165490.65110953,32.9,0
C003137,3306903.7840688177,91.6,1
C003138,144189.6073473214,29.7,0
C003139,312786.82861981,60.8,0
C003140,0.0,7.0,0
C003141,604416.6867605969,76.6,0
C003142,0.0,7.0,0
C003143,4265651.13292107,97.4,1
C003144,0.0,7.0,0
C003145,383950.1143768681,68.8,0
C003146,56309.55721790394,17.1,0
C003147,0.0,7.0,0
C003148,144664.45233929597,29.7,0
C003149,784673.4375969054,84.4,1
C003150,4477257.357422104,98.6,1
C003151,351180.03700077336,65.9,0
C003152,39740.3292826552,15.7,0
C003153,819457.7451556377,85.9,1
C003154,882594.4611790624,88.1,1
C003155,0.0,7.0,0
C003156,4061649.03650881,95.9,1
C003157,4220406.38720271,97.0,1
C003158,346008.4623274823,65.3,0
C003159,151785.32941999807,30.8,0
C003160,145747.65563644544,29.9,0
C003161,79989.61817670483,20.0,0
C003162,808748.0871705626,85.4,1
C003163,105204.2517120681,23.5,0
C003164,331245.48879024456,63.6,0
C003165,0.0,7.0,0
C003166,3424168.264256731,91.9,1
C003167,660412.8656786329,78.7,0
C003168,4095964.7187462933,96.1,1
C003169,410170.3145419776,70.4,0
C003170,294069.43660073844,57.5,0
C003171,174302.81194878876,34.3,0
C003172,159727.19946500228,32.0,0
C003173,381552.2666407952,68.5,0
C003174,337286.342754655,64.3,0
C003175,3742280.1041783774,93.7,1
C003176,314003.32527844387,61.0,0
C003177,193901.55883945365,37.7,0
C003178,4154056.230076341,96.5,1
C003179,272861.6025858704,53.6,0
C003180,190771.97010801523,37.2,0
C003181,870515.7493870358,87.7,1
C003182,0.0,7.0,0
C003183,801922.6577988961,85.1,1
C003184,3755166.6265051668,93.8,1
C003185,4688246.110003493,99.4,1
C003186,0.0,7.0,0
C003187,213791.34434959077,41.5,0
C003188,735432.2425534511,82.3,1
C003189,587795.9891760359,76.0,0
C003190,634905.2558658925,77.8,0
C003191,3757579.3822598844,93.8,1
C003192,152458.3884121811,30.9,0
C003193,366316.48062081926,67.3,0
C003194,461611.5218520919,72.5,0
C003195,202181.48387393577,39.2,0
C003196,197834.01978032396,38.4,0
C003197,3781752.7952029947,94.0,1
C003198,619602.0609780092,77.2,0
C003199,168576.81242357392,33.5,0
C003200,114611.23520673864,25.1,0
C003201,182449.70522768298,35.6,0
C003202,160407.63090490806,32.2,0
C003203,506671.09720905754,73.7,0
C003204,361442.0418924016,66.8,0
C003205,0.0,7.0,0
C003206,4261699.414845416,97.3,1
C003207,4227812.679102264,97.0,1
C003208,709272.3623571584,81.2,1
C003209,3993991.377030716,95.4,1
C003210,87181.58358010085,20.9,0
C003211,37425.148229962244,15.6,0
C003212,0.0,7.0,0
C003213,398874.80461841635,69.8,0
C003214,861613.4759057389,87.4,1
C003215,0.0,7.0,0
C003216,326205.5995423888,62.8,0
C003217,4265801.780996353,97.4,1
C003218,72961.69024165935,19.0,0
C003219,281526.89601462753,55.2,0
C003220,726697.9043180055,81.9,1
C003221,31024.21100262578,15.2,0
C003222,159496.22559042324,32.0,0
C003223,301172.62370158045,58.7,0
C003224,711759.9009634997,81.3,1
C003225,0.0,7.0,0
C003226,252209.68365356475,49.2,0
C003227,671719.790813854,79.3,0
C003228,150363.14085625717,30.6,0
C003229,287148.64453862613,56.3,0
C003230,196091.12552900947,38.1,0
C003231,478487.6460774663,73.0,0
C003232,114417.76076068103,25.0,0
C003233,5405351.191118892,100.0,1
C003234,1002467.5532298291,90.3,1
C003235,1010089.1589662784,90.3,1
C003236,238553.8852328704,46.4,0
C003237,324479.20371741196,62.5,0
C003238,165974.59324450916,33.0,0
C003239,285866.90305594757,56.1,0
C003240,181647.76474838416,35.5,0
C003241,359000.36395675596,66.6,0
C003242,352703.5174065879,66.0,0
C003243,402839.6452784163,70.0,0
C003244,295442.21725578076,57.8,0
C003245,317064.60063735617,61.5,0
C003246,273451.6606972919,53.8,0
C003247,127839.02990714076,27.1,0
C003248,376071.2046293579,68.1,0
C003249,128214.06757968754,27.2,0
C003250,261770.16594277188,51.3,0
C003251,244731.19739436204,47.6,0
C003252,919472.3044722953,89.0,1
C003253,32163.445035895762,15.3,0
C003254,4498677.762858677,98.7,1
C003255,102737.73722370717,23.1,0
C003256,834815.3413727125,86.5,1
C003257,225706.15412747324,43.8,0
C003258,212967.06081616122,41.4,0
C003259,4780861.794511788,99.6,1
C003260,4901542.66598223,99.8,1
C003261,383788.9626643382,68.7,0
C003262,4000507.418047007,95.4,1
C003263,146488.87197237127,30.1,0
C003264,113524.23635084371,24.9,0
C003265,508165.02006592875,73.8,0
C003266,784686.8299510905,84.4,1
C003267,75693.27886397233,19.3,0
C003268,243850.96031684798,47.5,0
C003269,923575.8860218384,89.1,1
C003270,374976.76161171246,68.0,0
C003271,323810.7081606667,62.5,0
C003272,368586.50379761576,67.5,0
C003273,37459.95180222792,15.6,0
C003274,0.0,7.0,0
C003275,210190.238294051,40.8,0
C003276,160650.53174002038,32.2,0
C003277,382052.5792415945,68.6,0
C003278,79072.71182229814,19.8,0
C003279,718523.145954304,81.6,1
C003280,181403.58081303092,35.5,0
C003281,3859335.019406977,94.4,1
C003282,645694.6122691304,78.2,0
C003283,4604904.767293899,99.1,1
C003284,543011.5201190145,74.7,0
C003285,408280.9840298223,70.3,0
C003286,221772.8817069527,43.0,0
C003287,284624.42636140506,55.8,0
C003288,3631906.872469805,92.9,1
C003289,275168.2256588325,54.1,0
C003290,216626.50516118197,42.0,0
C003291,111854.16495370603,24.5,0
C003292,145050.44697587937,29.8,0
C003293,135290.81864137822,28.1,0
C003294,72545.88251108569,19.0,0
C003295,164654.13123517553,32.8,0
C003296,0.0,7.0,0
C003297,222301.2427233911,43.1,0
C003298,0.0,7.0,0
C003299,4036567.163348431,95.7,1
C003300,245234.16663369798,47.7,0
C003301,350889.16244618135,65.8,0
C003302,747007.5221369673,82.8,1
C003303,105834.01422715979,23.6,0
C003304,0.0,7.0,0
C003305,3854445.9551722785,94.4,1
C003306,3430473.1411376996,91.9,1
C003307,3389096.38933153,91.8,1
C003308,119896.92187101374,25.8,0
C003309,4304473.12947645,97.7,1
C003310,0.0,7.0,0
C003311,230793.1305287269,44.8,0
C003312,476509.58031236613,72.9,0
C003313,287061.58500155364,56.3,0
C003314,828353.259307649,86.2,1
C003315,3173536.0665906826,91.2,1
C003316,0.0,7.0,0
C003317,0.0,7.0,0
C003318,4289556.151992581,97.6,1
C003319,0.0,7.0,0
C003320,4265292.629994395,97.4,1
C003321,365451.3057606551,67.2,0
C003322,0.0,7.0,0
C003323,0.0,7.0,0
C003324,204830.51293035253,39.7,0
C003325,116046.49301328266,25.3,0
C003326,323626.1414880676,62.4,0
C003327,153716.30797422442,31.1,0
C003328,87566.94170942609,21.0,0
C003329,553326.9796817201,75.0,0
C003330,298838.9632090109,58.3,0
C003331,816282.912303079,85.7,1
C003332,4126905.7859810316,96.3,1
C003333,835356.7579869857,86.5,1
C003334,314808.3272713594,61.1,0
C003335,201680.8603925463,39.1,0
C003336,487894.2041937165,73.2,0
C003337,341375.3709292844,64.7,0
C003338,658980.872817338,78.7,0
C003339,291375.512658073,57.0,0
C003340,298601.8304449921,58.3,0
C003341,0.0,7.0,0
C003342,735770.8000816955,82.3,1
C003343,485871.7727944118,73.2,0
C003344,309401.7317854502,60.2,0
C003345,386357.25138948445,68.9,0
C003346,97431.6837818002,22.3,0
C003347,128948.68707249274,27.3,0
C003348,0.0,7.0,0
C003349,275941.7772757388,54.2,0
C003350,4026734.376284646,95.6,1
C003351,731356.5217240216,82.1,1
C003352,3614279.1278551854,92.8,1
C003353,286382.0216269192,56.1,0
C003354,280401.9484173442,55.1,0
C003355,137889.64266245728,28.5,0
C003356,239762.93763427585,46.7,0
C003357,247891.99051333094,48.3,0
C003358,283543.3579825226,55.6,0
C003359,0.0,7.0,0
C003360,249415.51668053344,48.6,0
C003361,99510.38720972565,22.6,0
C003362,231608.4955389831,44.9,0
C003363,486742.0468271774,73.2,0
C003364,255604.3418687137,49.9,0
C003365,0.0,7.0,0
C003366,204012.90626055156,39.5,0
C003367,479637.86120148376,73.0,0
C003368,618554.2764626109,77.2,0
C003369,206542.38886664342,40.1,0
C003370,247274.69332863865,48.1,0
C003371,3646005.1999984425,93.0,1
C003372,302081.7313354729,58.9,0
C003373,750846.533907604,83.0,1
C003374,404709.864822175,70.1,0
C003375,252385.5124743466,49.2,0
C003376,4151876.7061264873,96.5,1
C003377,359234.45929207397,66.7,0
C003378,281155.2030614201,55.2,0
C003379,203470.93964480908,39.4,0
C003380,634542.7402567936,77.8,0
C003381,0.0,7.0,0
C003382,212474.14868181606,41.3,0
C003383,367811.8530573991,67.4,0
C003384,714870.170422527,81.5,1
C003385,247893.32503283524,48.3,0
C003386,348389.1760483144,65.6,0
C003387,243751.0097166465,47.4,0
C003388,157931.29866856692,31.8,0
C003389,888436.5227752894,88.3,1
C003390,800356.2055815047,85.1,1
C003391,205756.26315555233,39.9,0
C003392,196998.9358242651,38.3,0
C003393,3682480.388141638,93.3,1
C003394,101329.38854389895,22.9,0
C003395,206590.62852681644,40.1,0
C003396,3878316.902331199,94.5,1
C003397,701739.701987675,80.8,1
C003398,238924.76123358222,46.5,0
C003399,575091.4344072231,75.6,0
C003400,4649170.1237591915,99.2,1
C003401,0.0,7.0,0
C003402,262872.39593602787,51.6,0
C003403,191469.9813784793,37.3,0
C003404,0.0,7.0,0
C003405,97402.50096755508,22.3,0
C003406,348546.5542191635,65.6,0
C003407,688810.3059901937,80.1,1
C003408,0.0,7.0,0
C003409,609980.2965071952,76.8,0
C003410,219766.33660181152,42.6,0
C003411,771805.9370415254,83.9,1
C003412,295235.9850977211,57.7,0
C003413,3592392.9341923427,92.7,1
C003414,791316.8787153017,84.7,1
C003415,405771.3267081232,70.1,0
C003416,257945.26736234257,50.4,0
C003417,96171.55046261492,22.1,0
C003418,3983650.2011475414,95.3,1
C003419,0.0,7.0,0
C003420,299106.10715446394,58.4,0
C003421,166733.20783180412,33.1,0
C003422,348038.69552141236,65.5,0
C003423,186109.83599962867,36.3,0
C003424,793072.2783904768,84.8,1
C003425,315268.38899650174,61.2,0
C003426,3992788.695864163,95.4,1
C003427,179831.75992711034,35.2,0
C003428,166681.40150480368,33.1,0
C003429,0.0,7.0,0
C003430,357607.80807877,66.5,0
C003431,179153.6431061584,35.1,0
C003432,429749.15049523325,71.3,0
C003433,632081.0923860052,77.6,0
C003434,3749895.0726050977,93.8,1
C003435,376942.1894248208,68.2,0
C003436,55229.955384833636,17.0,0
C003437,184715.3046137995,36.0,0
C003438,4404812.423373029,98.3,1
C003439,378635.05520226294,68.3,0
C003440,432241.904085894,71.4,0
C003441,756404.8437623148,83.2,1
C003442,3882874.279804602,94.6,1
C003443,0.0,7.0,0
C003444,317530.91634025256,61.6,0
C003445,296344.21128679573,57.9,0
C003446,112889.3122362378,24.8,0
C003447,98765.25722286182,22.5,0
C003448,229010.13628602494,44.5,0
C003449,112108.67710302873,24.6,0
C003450,262155.546061757,51.4,0
C003451,0.0,7.0,0
C003452,3710826.948030804,93.5,1
C003453,4153825.2519320957,96.5,1
C003454,171354.36229489258,33.8,0
C003455,0.0,7.0,0
C003456,219405.41503361874,42.6,0
C003457,144730.62022789635,29.7,0
C003458,4193457.17552185,96.8,1
C003459,0.0,7.0,0
C003460,217610.30321820136,42.2,0
C003461,155998.00936994771,31.4,0
C003462,3338173.6763745393,91.7,1
C003463,641289.942752463,78.0,0
C003464,69607.820059033,18.6,0
C003465,0.0,7.0,0
C003466,281067.8505244904,55.2,0
C003467,283966.0854018311,55.7,0
C003468,0.0,7.0,0
C003469,150290.72463610134,30.6,0
C003470,242089.0482084963,47.1,0
C003471,250645.4583445314,48.9,0
C003472,287923.3806166854,56.4,0
C003473,231661.2810887205,44.9,0
C003474,47029.601069579556,16.3,0
C003475,123577.1469393054,26.4,0
C003476,0.0,7.0,0
C003477,89635.12269519974,21.2,0
C003478,148584.92687227123,30.3,0
C003479,337154.634480814,64.2,0
C003480,180780.77493463797,35.4,0
C003481,0.0,7.0,0
C003482,52632.32402649841,16.8,0
C003483,178657.16495605776,35.0,0
C003484,281964.76788098074,55.3,0
C003485,7.687980154064046,14.1,0
C003486,0.0,7.0,0
C003487,84040.25879898541,20.5,0
C003488,704154.7506200414,80.9,1
C003489,271134.3017073739,53.3,0
C003490,230498.4514390746,44.7,0
C003491,3733867.9722249736,93.7,1
C003492,0.0,7.0,0
C003493,232442.8041959398,45.0,0
C003494,677750.5470122169,79.6,0
C003495,164777.95131912682,32.8,0
C003496,44034.9006602917,16.1,0
C003497,74162.86942973935,19.1,0
C003498,232951.31076498298,45.2,0
C003499,0.0,7.0,0
C003500,161161.64539924677,32.3,0
C003501,413384.96092576085,70.6,0
C003502,4264766.8265534965,97.4,1
C003503,220921.2621301233,42.8,0
C003504,58983.0016483619,17.4,0
C003505,0.0,7.0,0
C003506,255750.92238082096,49.9,0
C003507,72837.52841877578,19.0,0
C003508,202225.23317473452,39.2,0
C003509,630879.4114511696,77.6,0
C003510,338202.89012521214,64.4,0
C003511,149766.9153300125,30.5,0
C003512,0.0,7.0,0
C003513,273684.2585264209,53.8,0
C003514,182665.62631099054,35.7,0
C003515,0.0,7.0,0
C003516,313924.8160804424,61.0,0
C003517,928722.5077419857,89.2,1
C003518,257954.79093709745,50.4,0
C003519,17287.28167128324,14.6,0
C003520,374980.03863776865,68.0,0
C003521,314514.0986776556,61.1,0
C003522,745307.7531088468,82.7,1
C003523,245587.06002534137,47.8,0
C003524,384446.80835000373,68.8,0
C003525,76337.31826528763,19.4,0
C003526,838551.9436915363,86.7,1
C003527,548934.0658227376,74.9,0
C003528,74136.31041138282,19.1,0
C003529,188426.11138343925,36.8,0
C003530,4782187.41026392,99.6,1
C003531,3887460.4759652,94.6,1
C003532,206093.77665648377,40.0,0
C003533,0.0,7.0,0
C003534,86495.59613994358,20.8,0
C003535,69533.9361650547,18.6,0
C003536,760772.5397895115,83.4,1
C003537,307182.3412348704,59.8,0
C003538,702964.3295709167,80.9,1
C003539,112838.18802970093,24.8,0
C003540,125563.27579622474,26.8,0
C003541,241555.50704941526,47.0,0
C003542,341226.9189200422,64.7,0
C003543,593502.8717119233,76.2,0
C003544,215175.92789932573,41.8,0
C003545,82362.69047057089,20.3,0
C003546,191031.83021929377,37.3,0
C003547,0.0,7.0,0
C003548,131028.84656837996,27.6,0
C003549,169023.54953478609,33.5,0
C003550,0.0,7.0,0
C003551,209957.80760146343,40.8,0
C003552,261732.95503711555,51.3,0
C003553,90402.4145927914,21.3,0
C003554,986100.1501948129,90.1,1
C003555,0.0,7.0,0
C003556,376617.762665557,68.2,0
C003557,225134.15265305398,43.7,0
C003558,242701.17490365254,47.2,0
C003559,311433.12853054306,60.6,0
C003560,0.0,7.0,0
C003561,194790.27139125668,37.9,0
C003562,0.0,7.0,0
C003563,744996.3009861027,82.7,1
C003564,331621.94070949533,63.6,0
C003565,0.0,7.0,0
C003566,413543.06460646755,70.6,0
C003567,0.0,7.0,0
C003568,0.0,7.0,0
C003569,139031.72124036914,28.7,0
C003570,54006.100952312365,16.9,0
C003571,829904.5152780205,86.3,1
C003572,0.0,7.0,0
C003573,295577.943513746,57.8,0
C003574,284303.55699855456,55.8,0
C003575,111237.14270402455,24.4,0
C003576,0.0,7.0,0
C003577,610856.0905640747,76.9,0
C003578,0.0,7.0,0
C003579,2950218.3558757408,91.0,1
C003580,78626.47822581595,19.7,0
C003581,0.0,7.0,0
C003582,399964.638821908,69.8,0
C003583,0.0,7.0,0
C003584,250263.3536364206,48.8,0
C003585,145311.10463039888,29.8,0
C003586,261041.99762971696,51.1,0
C003587,260443.87291053226,51.0,0
C003588,174425.07550077996,34.3,0
C003589,58185.26825711316,17.3,0
C003590,100666.56288570778,22.8,0
C003591,0.0,7.0,0
C003592,51254.143556679235,16.7,0
C003593,3166891.19785311,91.2,1
C003594,4381649.038329982,98.2,1
C003595,0.0,7.0,0
C003596,297443.33376564004,58.1,0
C003597,317926.1200670492,61.6,0
C003598,80606.85751695247,20.0,0
C003599,282914.6781843442,55.5,0
C003600,648973.674521994,78.2,0
C003601,582369.4821437028,75.9,0
C003602,353685.211746662,66.1,0
C003603,862275.6509143563,87.4,1
C003604,0.0,7.0,0
C003605,3627376.998169286,92.9,1
C003606,725098.828616225,81.9,1
C003607,768256.1740075591,83.8,1
C003608,497479.4667415365,73.5,0
C003609,706476.2086979428,81.0,1
C003610,302624.3082979506,59.1,0
C003611,62147.577196493665,17.7,0
C003612,310432.14891706075,60.4,0
C003613,224589.35306446196,43.6,0
C003614,145197.9498833082,29.8,0
C003615,86531.99584872821,20.8,0
C003616,304850.57721062296,59.5,0
C003617,911400.8595797596,88.8,1
C003618,252510.9748690852,49.3,0
C003619,0.0,7.0,0
C003620,119109.64119848167,25.7,0
C003621,753475.4582719826,83.1,1
C003622,182453.83372140114,35.6,0
C003623,0.0,7.0,0
C003624,326980.2028506862,62.9,0
C003625,122571.71462861681,26.2,0
C003626,481149.5738461667,73.0,0
C003627,336465.36402342125,64.2,0
C003628,254580.0915651021,49.7,0
C003629,668116.4062634595,79.2,0
C003630,756995.5826869472,83.2,1
C003631,386743.1243086834,69.0,0
C003632,153061.12144789298,31.0,0
C003633,282857.4451414119,55.5,0
C003634,75095.85841391953,19.3,0
C003635,3613997.8197515737,92.8,1
C003636,74678.8595882174,19.2,0
C003637,1048924.743704817,90.5,1
C003638,0.0,7.0,0
C003639,212477.77277476244,41.3,0
C003640,244234.18627456174,47.5,0
C003641,4022520.1878359723,95.6,1
C003642,0.0,7.0,0
C003643,53907.93535035679,16.9,0
C003644,3173362.8302542395,91.2,1
C003645,0.0,7.0,0
C003646,0.0,7.0,0
C003647,237545.85992485698,46.2,0
C003648,918425.2548969337,89.0,1
C003649,202576.56845380305,39.3,0
C003650,784937.5858972452,84.5,1
C003651,370173.23204074864,67.6,0
C003652,329197.8076362051,63.3,0
C003653,383021.4485655943,68.6,0
C003654,308960.62416237826,60.2,0
C003655,3931101.92361529,94.9,1
C003656,711889.0659829159,81.3,1
C003657,263160.6144816516,51.7,0
C003658,0.0,7.0,0
C003659,3232015.9927690113,91.4,1
C003660,861382.3906845517,87.4,1
C003661,253961.61603696956,49.6,0
C003662,140845.00516885731,29.1,0
C003663,372191.44606072723,67.8,0
C003664,635322.6286012767,77.8,0
C003665,262935.7992263717,51.6,0
C003666,494034.1360164668,73.4,0
C003667,756890.8803492682,83.2,1
C003668,207318.70238041235,40.3,0
C003669,0.0,7.0,0
C003670,251364.77481691798,49.0,0
C003671,406893.94279499806,70.2,0
C003672,756381.7086844489,83.2,1
C003673,226996.40263370535,44.0,0
C003674,92080.20575125687,21.6,0
C003675,369290.13809411175,67.5,0
C003676,194222.290089405,37.8,0
C003677,224887.221675704,43.6,0
C003678,670081.166885448,79.3,0
C003679,4055559.8224731265,95.8,1
C003680,0.0,7.0,0
C003681,519126.7038418816,74.1,0
C003682,119957.09797050888,25.8,0
C003683,269747.5842276737,53.0,0
C003684,517209.4371132048,74.0,0
C003685,4347400.864537817,98.0,1
C003686,134944.44638611833,28.1,0
C003687,201657.17615977282,39.1,0
C003688,277914.20450946514,54.6,0
C003689,79432.4358239936,19.8,0
C003690,4448067.666145998,98.5,1
C003691,159566.68411505784,32.0,0
C003692,4527718.662882094,98.9,1
C003693,204093.39063839844,39.6,0
C003694,0.0,7.0,0
C003695,0.0,7.0,0
C003696,703719.2661700352,80.9,1
C003697,3298518.228093435,91.5,1
C003698,4859109.208080194,99.7,1
C003699,324641.1564375489,62.6,0
C003700,352654.9285173999,66.0,0
C003701,934358.1718713241,89.3,1
C003702,322726.52099278045,62.3,0
C003703,299432.2266963012,58.4,0
C003704,4332720.13994496,97.9,1
C003705,465016.19481572707,72.6,0
C003706,290489.82512743346,56.8,0
C003707,220028.24215029526,42.7,0
C003708,221901.38251329653,43.0,0
C003709,36836.69106184982,15.5,0
C003710,184780.80974845862,36.0,0
C003711,0.0,7.0,0
C003712,0.0,7.0,0
C003713,117357.1113599204,25.5,0
C003714,313517.2899980483,60.9,0
C003715,0.0,7.0,0
C003716,105385.27869767828,23.6,0
C003717,46277.347921531946,16.2,0
C003718,89768.99615119195,21.2,0
C003719,172987.38373217534,34.1,0
C003720,364734.5224581221,67.1,0
C003721,191585.45360772888,37.4,0
C003722,285735.80682341516,56.0,0
C003723,107915.21420876551,23.9,0
C003724,0.0,7.0,0
C003725,96930.90522380063,22.2,0
C003726,219473.8612530962,42.6,0
C003727,735381.7438224711,82.3,1
C003728,163995.68058297175,32.6,0
C003729,86455.33801602815,20.8,0
C003730,281187.25062236114,55.2,0
C003731,315815.682300005,61.3,0
C003732,326556.01449349505,62.9,0
C003733,419803.1120468956,70.9,0
C003734,492664.7944894404,73.3,0
C003735,263769.54478775035,51.8,0
C003736,828365.0594255436,86.2,1
C003737,0.0,7.0,0
C003738,0.0,7.0,0
C003739,276803.27803725377,54.4,0
C003740,688856.4302716857,80.2,1
C003741,594991.7959539654,76.3,0
C003742,124236.5929149828,26.5,0
C003743,417068.24178924976,70.8,0
C003744,4149105.351984484,96.5,1
C003745,0.0,7.0,0
C003746,554068.8328705442,75.1,0
C003747,218164.06114946157,42.3,0
C003748,298941.06712340773,58.4,0
C003749,1066221.4951017802,90.5,1
C003750,4619972.677899815,99.2,1
C003751,353756.33557972824,66.2,0
C003752,244022.18090596734,47.5,0
C003753,0.0,7.0,0
C003754,0.0,7.0,0
C003755,203563.6157390476,39.4,0
C003756,675325.4742568263,79.5,0
C003757,322660.14152156725,62.3,0
C003758,254360.12014119013,49.7,0
C003759,497849.64321266185,73.5,0
C003760,0.0,7.0,0
C003761,0.0,7.0,0
C003762,4227733.889382219,97.0,1
C003763,968413.1565467084,89.9,1
C003764,3899636.052498237,94.7,1
C003765,86791.46882268963,20.8,0
C003766,243269.78342194302,47.3,0
C003767,372067.9926280077,67.8,0
C003768,306255.0373177564,59.7,0
C003769,312699.16823209904,60.8,0
C003770,0.0,7.0,0
C003771,217647.75878782498,42.2,0
C003772,265766.949071181,52.2,0
C003773,180468.77659427476,35.3,0
C003774,141039.07540407873,29.1,0
C003775,160892.61038463598,32.3,0
C003776,0.0,7.0,0
C003777,1952877.8727678447,90.7,1
C003778,0.0,7.0,0
C003779,14495.258360387588,14.5,0
C003780,4140734.946178101,96.4,1
C003781,110015.03110626683,24.2,0
C003782,53913.93888219064,16.9,0
C003783,975631.1145236343,90.0,1
C003784,309476.3848739902,60.3,0
C003785,173052.11327727386,34.1,0
C003786,0.0,7.0,0
C003787,524919.0856263916,74.2,0
C003788,122288.24708929373,26.2,0
C003789,377189.45263355714,68.2,0
C003790,435366.93953809934,71.5,0
C003791,260919.70731040282,51.1,0
C003792,4525993.207449426,98.8,1
C003793,771378.3626933746,83.9,1
C003794,283618.4077622803,55.6,0
C003795,113949.65003922865,25.0,0
C003796,286455.67778149433,56.2,0
C003797,143999.98886675254,29.7,0
C003798,0.0,7.0,0
C003799,789910.5911042598,84.6,1
C003800,4016497.1897558686,95.5,1
C003801,547820.9105492391,74.9,0
C003802,209576.764313576,40.7,0
C003803,43658.37331086726,16.0,0
C003804,4280507.829844855,97.5,1
C003805,964581.177621449,89.9,1
C003806,410703.85948026564,70.4,0
C003807,180712.7965311065,35.3,0
C003808,61988.84818595772,17.7,0
C003809,0.0,7.0,0
C003810,248195.03305477486,48.4,0
C003811,390760.77143426595,69.2,0
C003812,436127.4372657308,71.5,0
C003813,4422400.098446508,98.4,1
C003814,355132.45020714507,66.3,0
C003815,255070.00364193183,49.8,0
C003816,159638.49076986793,32.0,0
C003817,715332.6036149475,81.5,1
C003818,243967.67638758078,47.5,0
C003819,0.0,7.0,0
C003820,0.0,7.0,0
C003821,327397.56718523847,63.0,0
C003822,101126.203355691,22.9,0
C003823,4415617.361824742,98.4,1
C003824,0.0,7.0,0
C003825,209159.48272378542,40.6,0
C003826,776048.2501014608,84.1,1
C003827,104537.591949147,23.4,0
C003828,82825.53153522157,20.3,0
C003829,70227.76841665882,18.7,0
C003830,345472.00335750415,65.2,0
C003831,241914.69277732,47.1,0
C003832,309785.4364023056,60.3,0
C003833,192775.52757498555,37.5,0
C003834,99763.48952436312,22.7,0
C003835,0.0,7.0,0
C003836,283814.64734107873,55.7,0
C003837,4148405.310759548,96.4,1
C003838,0.0,7.0,0
C003839,469184.73178808845,72.7,0
C003840,422006.76401384565,71.0,0
C003841,445411.0682453541,71.9,0
C003842,317485.98148194136,61.5,0
C003843,316870.41572755534,61.5,0
C003844,219030.11600455485,42.5,0
C003845,228146.95613652325,44.3,0
C003846,0.0,7.0,0
C003847,0.0,7.0,0
C003848,763161.8289680826,83.5,1
C003849,625936.7432151044,77.5,0
C003850,307905.8308674425,60.0,0
C003851,651167.1511332638,78.4,0
C003852,0.0,7.0,0
C003853,261154.778740333,51.2,0
C003854,297916.3505366878,58.2,0
C003855,534964.0352881931,74.5,0
C003856,0.0,7.0,0
C003857,312813.5446340367,60.8,0
C003858,0.0,7.0,0
C003859,3647857.543373554,93.0,1
C003860,190256.44427457865,37.1,0
C003861,2967991.5996545814,91.0,1
C003862,236215.2433957776,45.9,0
C003863,174054.5510085849,34.2,0
C003864,235561.31008754313,45.7,0
C003865,203845.9637371708,39.5,0
C003866,238080.26557442095,46.4,0
C003867,761631.7653158508,83.4,1
C003868,241455.76044305088,47.0,0
C003869,155641.16530835757,31.4,0
C003870,310523.3558240575,60.5,0
C003871,675277.5388290796,79.5,0
C003872,590733.9875438211,76.1,0
C003873,744529.9527773843,82.7,1
C003874,393964.7500324522,69.4,0
C003875,355483.38061467727,66.3,0
C003876,3204859.8507304178,91.3,1
C003877,335024.79593939154,64.0,0
C003878,3184708.1438328694,91.3,1
C003879,333318.66132733255,63.8,0
C003880,89609.19744431258,21.2,0
C003881,186164.22521726027,36.3,0
C003882,9.327700210107773,14.1,0
C003883,262920.3411498301,51.6,0
C003884,223200.83851709715,43.3,0
C003885,3612169.092992345,92.8,1
C003886,367069.0981536538,67.3,0
C003887,76455.02847809579,19.4,0
C003888,0.0,7.0,0
C003889,547979.701620186,74.9,0
C003890,603252.9158035743,76.6,0
C003891,407716.91093918885,70.2,0
C003892,289895.82829837344,56.7,0
C003893,383020.64002688526,68.6,0
C003894,0.0,7.0,0
C003895,458424.50834393554,72.4,0
C003896,228303.6065221617,44.4,0
C003897,204251.35162857396,39.6,0
C003898,655257.772604106,78.5,0
C003899,588724.794003866,76.0,0
C003900,1069537.7054931833,90.6,1
C003901,0.0,7.0,0
C003902,79351.9570387481,19.8,0
C003903,425381.895497371,71.1,0
C003904,287844.94541941636,56.4,0
C003905,384866.2959697235,68.8,0
C003906,62397.405921481324,17.7,0
C003907,208290.71154018806,40.4,0
C003908,277999.6156532768,54.6,0
C003909,67012.0563269732,18.2,0
C003910,226994.23704064084,44.0,0
C003911,297232.3033737382,58.1,0
C003912,229800.94558922987,44.6,0
C003913,289415.6303605836,56.6,0
C003914,125668.18603578422,26.8,0
C003915,267295.79137753637,52.5,0
C003916,300145.9610387808,58.6,0
C003917,198786.09756573176,38.7,0
C003918,265620.82469923166,52.2,0
C003919,209383.42240112016,40.6,0
C003920,0.0,7.0,0
C003921,74997.17008153452,19.3,0
C003922,307104.5652535066,59.8,0
C003923,0.0,7.0,0
C003924,688731.4451276568,80.1,1
C003925,457035.47778972395,72.3,0
C003926,219989.67286566037,42.7,0
C003927,0.0,7.0,0
C003928,158522.88043625324,31.9,0
C003929,112758.59793785094,24.7,0
C003930,236536.03848222527,46.0,0
C003931,345770.45506268117,65.3,0
C003932,113748.5617173027,24.9,0
C003933,4700122.601726525,99.4,1
C003934,264368.8016591428,51.9,0
C003935,311750.20051181153,60.7,0
C003936,333098.3091527784,63.8,0
C003937,321702.47522131365,62.1,0
C003938,111615.42589555841,24.5,0
C003939,4233870.183743125,97.1,1
C003940,3540574.9840582376,92.4,1
C003941,860117.2180988754,87.4,1
C003942,354058.7013607253,66.2,0
C003943,0.0,7.0,0
C003944,104739.80872210616,23.4,0
C003945,379637.3603044936,68.4,0
C003946,852620.0841145135,87.2,1
C003947,4370023.770997878,98.1,1
C003948,193110.9604417349,37.6,0
C003949,673173.831761363,79.4,0
C003950,313187.4107218664,60.9,0
C003951,0.0,7.0,0
C003952,236065.35844344564,45.9,0
C003953,104602.20599224609,23.4,0
C003954,4663734.05674554,99.3,1
C003955,296924.8437394113,58.0,0
C003956,459823.3932072671,72.4,0
C003957,297229.56035616127,58.1,0
C003958,758874.2940786972,83.3,1
C003959,212921.47293122153,41.3,0
C003960,246486.53921147806,47.9,0
C003961,563116.2682280816,75.3,0
C003962,187841.75884243316,36.6,0
C003963,794759.0858538554,84.8,1
C003964,284687.17036427837,55.8,0
C003965,3930783.454309201,94.9,1
C003966,165283.07685833002,32.9,0
C003967,899291.3896354198,88.5,1
C003968,260136.67212398973,50.9,0
C003969,1013515.2996337748,90.4,1
C003970,168098.80604556407,33.4,0
C003971,424369.36841860117,71.1,0
C003972,334948.26214990957,64.0,0
C003973,706098.413630346,81.0,1
C003974,3916274.6884047682,94.8,1
C003975,820902.5926793228,85.9,1
C003976,3324057.8089064346,91.6,1
C003977,734973.4858651065,82.2,1
C003978,152118.70732542643,30.8,0
C003979,450377.43853889074,72.1,0
C003980,4264924.824486109,97.4,1
C003981,235929.81496141697,45.8,0
C003982,56804.64606201465,17.1,0
C003983,936775.3082940382,89.4,1
C003984,258287.48662159077,50.5,0
C003985,3645418.8262837683,93.0,1
C003986,416630.1227021179,70.8,0
C003987,110598.26059902029,24.3,0
C003988,324719.9938384354,62.6,0
C003989,252520.60938559726,49.3,0
C003990,372079.0810877943,67.8,0
C003991,257452.051216764,50.3,0
C003992,1234288.6040824163,90.7,1
C003993,200320.47059650725,38.9,0
C003994,574508.9609041525,75.6,0
C003995,4111227.16981963,96.2,1
C003996,4888385.630872821,99.8,1
C003997,267330.3112939551,52.5,0
C003998,0.0,7.0,0
C003999,658774.6756465292,78.7,0
C004000,107584.34434805273,23.9,0
C004001,181539.3745344532,35.5,0
C004002,0.0,7.0,0
C004003,732795.4286330933,82.2,1
C004004,325785.703422333,62.8,0
C004005,847549.2480256272,87.0,1
C004006,141239.07144903773,29.2,0
C004007,675516.9816453008,79.5,0
C004008,698944.4033221189,80.7,1
C004009,477929.59931971325,73.0,0
C004010,576072.2102730242,75.7,0
C004011,580279.6832401768,75.8,0
C004012,207253.70490650035,40.2,0
C004013,4207988.5295044575,96.9,1
C004014,253248.66734844507,49.5,0
C004015,338615.31873381627,64.4,0
C004016,668314.0900513169,79.2,0
C004017,148823.76646692117,30.4,0
C004018,3938913.851748542,95.0,1
C004019,24254.767368289464,14.9,0
C004020,681682.658552362,79.8,0
C004021,918051.705941468,89.0,1
C004022,343726.2160021369,65.0,0
C004023,292929.7702595024,57.3,0
C004024,96291.39528040646,22.2,0
C004025,215908.76348616136,41.9,0
C004026,59710.45142410386,17.4,0
C004027,267260.2133002988,52.5,0
C004028,182540.17450359932,35.7,0
C004029,0.0,7.0,0
C004030,353417.6012505387,66.1,0
C004031,165905.60010383645,33.0,0
C004032,297757.8890023829,58.1,0
C004033,421760.60646000877,71.0,0
C004034,515512.2067860433,74.0,0
C004035,294836.8353961555,57.6,0
C004036,184054.20975767382,35.9,0
C004037,107469.11888820786,23.8,0
C004038,49965.306476830614,16.6,0
C004039,54731.06441750897,17.0,0
C004040,272406.2250396757,53.5,0
C004041,139637.68645856276,28.9,0
C004042,552819.473949674,75.0,0
C004043,172224.57620558556,34.0,0
C004044,290575.0354257155,56.8,0
C004045,831009.7210054265,86.4,1
C004046,494165.11453682225,73.4,0
C004047,1006827.824170254,90.3,1
C004048,143916.56288659037,29.6,0
C004049,56260.44045535834,17.1,0
C004050,116448.40705689005,25.3,0
C004051,232935.67322089578,45.2,0
C004052,311820.49124702706,60.7,0
C004053,230546.49692170328,44.7,0
C004054,0.0,7.0,0
C004055,70190.30478015686,18.7,0
C004056,793630.9665359906,84.8,1
C004057,0.0,7.0,0
C004058,299945.3662123486,58.5,0
C004059,0.0,7.0,0
C004060,68364.27653578592,18.4,0
C004061,0.0,7.0,0
C004062,642339.4437998802,78.0,0
C004063,211650.55607226212,41.1,0
C004064,743501.3899475604,82.6,1
C004065,17085.406855576082,14.6,0
C004066,94574.6013834746,21.9,0
C004067,242926.78205460322,47.3,0
C004068,96997.15130509497,22.3,0
C004069,759310.4862186337,83.3,1
C004070,120793.84503076712,26.0,0
C004071,312389.64741323085,60.7,0
C004072,202310.08440964314,39.2,0
C004073,530408.8825793987,74.4,0
C004074,4006929.454808785,95.5,1
C004075,368949.279498838,67.5,0
C004076,246769.52048792582,48.0,0
C004077,419567.328617055,70.9,0
C004078,697092.3656262989,80.6,1
C004079,148329.9676248998,30.3,0
C004080,261967.53075142935,51.3,0
C004081,689952.7944578603,80.2,1
C004082,121296.83047403314,26.0,0
C004083,165315.37194823497,32.9,0
C004084,142276.0730670203,29.4,0
C004085,0.0,7.0,0
C004086,450464.47901705024,72.1,0
C004087,0.0,7.0,0
C004088,4226465.079981727,97.0,1
C004089,598971.0034153579,76.4,0
C004090,412693.53863888356,70.5,0
C004091,69928.88421268851,18.6,0
C004092,49050.80399746204,16.5,0
C004093,369973.69971633196,67.6,0
C004094,257276.2905765108,50.3,0
C004095,119577.30240350809,25.8,0
C004096,321822.74743953213,62.1,0
C004097,213337.2490898452,41.4,0
C004098,290270.958937248,56.8,0
C004099,197966.9637738514,38.5,0
C004100,495137.3484039336,73.4,0
C004101,442068.2602823523,71.8,0
C004102,111281.16321946896,24.4,0
C004103,248633.44536643167,48.4,0
C004104,402968.8436613868,70.0,0
C004105,3514828.381120219,92.3,1
C004106,0.0,7.0,0
C004107,0.0,7.0,0
C004108,81328.03729867628,20.1,0
C004109,344929.14727503795,65.2,0
C004110,145858.25550612752,29.9,0
C004111,0.0,7.0,0
C004112,0.0,7.0,0
C004113,309789.348381575,60.3,0
C004114,149114.35133490243,30.4,0
C004115,559920.1288592762,75.2,0
C004116,237289.13532125254,46.1,0
C004117,286833.0723812723,56.2,0
C004118,199144.2871559977,38.7,0
C004119,247614.86489390756,48.2,0
C004120,179331.53224666032,35.1,0
C004121,79640.5565375124,19.9,0
C004122,184516.74534391338,36.0,0
C004123,439168.6358225119,71.7,0
C004124,0.0,7.0,0
C004125,496771.9226127668,73.5,0
C004126,350836.7040495554,65.8,0
C004127,309894.42123991344,60.4,0
C004128,159770.71056974836,32.1,0
C004129,230114.34470839935,44.6,0
C004130,93777.81104912095,21.8,0
C004131,453400.74566205224,72.2,0
C004132,82981.95408050632,20.3,0
C004133,359287.3789629685,66.7,0
C004134,223608.27604028018,43.4,0
C004135,4358149.869245091,98.1,1
C004136,0.0,7.0,0
C004137,286167.1884084847,56.1,0
C004138,59063.54144549696,17.4,0
C004139,0.0,7.0,0
C004140,315202.1612779809,61.2,0
C004141,399087.85709861404,69.8,0
C004142,4473787.008238285,98.6,1
C004143,252510.62626904392,49.3,0
C004144,276224.1393093316,54.3,0
C004145,711621.6214667076,81.3,1
C004146,4009964.9042622484,95.5,1
C004147,302388.7768295899,59.0,0
C004148,208354.80523261093,40.5,0
C004149,87324.61498593728,20.9,0
C004150,335409.80450504425,64.0,0
C004151,413770.7072866059,70.6,0
C004152,92723.60191493522,21.7,0
C004153,0.0,7.0,0
C004154,199500.98429269606,38.8,0
C004155,4469061.341870901,98.6,1
C004156,373002.6401110237,67.9,0
C004157,3687467.285189833,93.3,1
C004158,0.0,7.0,0
C004159,638118.7236425315,77.9,0
C004160,208285.97601906076,40.4,0
C004161,729559.1478229611,82.0,1
C004162,0.0,7.0,0
C004163,0.0,7.0,0
C004164,0.0,7.0,0
C004165,597562.5750671922,76.3,0
C004166,4050156.559506125,95.8,1
C004167,215981.04488508453,42.0,0
C004168,305527.5865280048,59.5,0
C004169,238033.60002011945,46.4,0
C004170,311900.2780636068,60.7,0
C004171,4.650030002868189,14.0,0
C004172,215561.48040589844,41.9,0
C004173,403951.4528196242,70.1,0
C004174,62918.37893419174,17.8,0
C004175,251819.03196560647,49.1,0
C004176,410449.13491416373,70.4,0
C004177,183289.74620108234,35.8,0
C004178,300290.2006283577,58.6,0
C004179,313661.60992244014,60.9,0
C004180,90653.53289348073,21.4,0
C004181,833742.4649003738,86.4,1
C004182,407037.7829183549,70.2,0
C004183,193330.27289830724,37.6,0
C004184,209157.31439126405,40.6,0
C004185,0.0,7.0,0
C004186,626524.3155341541,77.5,0
C004187,648735.6746407504,78.2,0
C004188,3012621.204003756,91.0,1
C004189,188409.05180751815,36.8,0
C004190,3741527.5218319027,93.7,1
C004191,105902.07374165487,23.6,0
C004192,326277.7767208263,62.8,0
C004193,0.0,7.0,0
C004194,618088.7683580797,77.2,0
C004195,347721.78204165236,65.5,0
C004196,825546.1741812361,86.1,1
C004197,387054.28035251197,69.0,0
C004198,277985.4788132158,54.6,0
C004199,934267.1297399834,89.3,1
C004200,569783.6331870627,75.5,0
C004201,120950.24856756856,26.0,0
C004202,778013.1918709913,84.2,1
C004203,349191.15743759205,65.6,0
C004204,102857.36033661783,23.1,0
C004205,78549.00853986267,19.7,0
C004206,320961.36071379925,62.0,0
C004207,3853123.6272944245,94.4,1
C004208,268241.5380098947,52.7,0
C004209,636306.5849677694,77.8,0
C004210,0.0,7.0,0
C004211,195907.25884507163,38.1,0
C004212,159840.27549623145,32.1,0
C004213,835735.3570329032,86.5,1
C004214,63426.5060375626,17.9,0
C004215,516283.9691334267,74.0,0
C004216,189621.98549035544,37.0,0
C004217,4072307.501304345,96.0,1
C004218,0.0,7.0,0
C004219,205371.13547565998,39.9,0
C004220,523944.9722630211,74.2,0
C004221,4537691.5792997675,98.9,1
C004222,0.0,7.0,0
C004223,852810.2469664302,87.2,1
C004224,515311.5896856549,74.0,0
C004225,221150.68892291992,42.9,0
C004226,290735.4385636998,56.9,0
C004227,665789.1249219489,79.0,0
C004228,246903.479841124,48.1,0
C004229,813212.6683854652,85.6,1
C004230,197882.2179894302,38.5,0
C004231,4355553.089090014,98.0,1
C004232,36042.95570555547,15.5,0
C004233,120735.64618162144,26.0,0
C004234,3282284.0502479756,91.5,1
C004235,462209.52803565876,72.5,0
C004236,49880.34754577414,16.6,0
C004237,380471.58078244585,68.4,0
C004238,0.0,7.0,0
C004239,328035.76165351074,63.1,0
C004240,19250.90678196077,14.7,0
C004241,135683.52869646117,28.2,0
C004242,215285.49435659777,41.8,0
C004243,324227.7691573424,62.5,0
C004244,151969.0771872816,30.8,0
C004245,749740.5406127552,82.9,1
C004246,182702.7255094535,35.7,0
C004247,3318498.0275616623,91.6,1
C004248,457260.955966525,72.3,0
C004249,112582.45095599564,24.7,0
C004250,112079.8051662201,24.6,0
C004251,554780.0825172411,75.1,0
C004252,630756.6950222146,77.6,0
C004253,362694.75379651,66.9,0
C004254,0.0,7.0,0
C004255,4149429.719863775,96.5,1
C004256,3579407.7921030167,92.6,1
C004257,149247.48211843858,30.4,0
C004258,338501.87760329666,64.4,0
C004259,710143.7559839885,81.3,1
C004260,126963.82235337821,27.0,0
C004261,215566.70330254498,41.9,0
C004262,0.0,7.0,0
C004263,107162.09023117644,23.8,0
C004264,234976.23068311,45.6,0
C004265,356008.302452948,66.4,0
C004266,273297.5035963335,53.8,0
C004267,113187.54688828708,24.8,0
C004268,0.0,7.0,0
C004269,135179.9264138097,28.1,0
C004270,0.0,7.0,0
C004271,0.0,7.0,0
C004272,106401.84787360799,23.7,0
C004273,315628.81621220085,61.3,0
C004274,874341.8448664807,87.9,1
C004275,3976148.9940708037,95.3,1
C004276,0.0,7.0,0
C004277,269735.0460048455,53.0,0
C004278,802937.4931456447,85.2,1
C004279,0.0,7.0,0
C004280,4682786.544379619,99.3,1
C004281,192372.7865239097,37.4,0
C004282,165200.6801615995,32.9,0
C004283,243424.00276617965,47.4,0
C004284,194210.86120969034,37.8,0
C004285,61955.69798271425,17.7,0
C004286,182292.24785724716,35.6,0
C004287,566714.6466880892,75.4,0
C004288,238065.55869390134,46.4,0
C004289,112471.58847248545,24.6,0
C004290,4168095.3061727667,96.6,1
C004291,4025348.6728719138,95.6,1
C004292,3700303.4356195666,93.4,1
C004293,262333.9099332192,51.4,0
C004294,0.0,7.0,0
C004295,231040.7827776824,44.8,0
C004296,93793.3613125304,21.8,0
C004297,347767.27612194873,65.5,0
C004298,124323.07241765744,26.5,0
C004299,339495.58592388337,64.5,0
C004300,113845.35333945093,24.9,0
C004301,0.0,7.0,0
C004302,187002.8306209957,36.5,0
C004303,273156.6746123102,53.7,0
C004304,2942072.5969585152,90.9,1
C004305,835104.0934492926,86.5,1
C004306,294772.1167766046,57.6,0
C004307,249651.91374200757,48.7,0
C004308,452954.9538369056,72.2,0
C004309,0.0,7.0,0
C004310,301721.20548991614,58.8,0
C004311,0.0,7.0,0
C004312,1067703.4359341399,90.6,1
C004313,68080.68524554801,18.4,0
C004314,4660200.915575034,99.3,1
C004315,265224.6755641346,52.1,0
C004316,299580.335078176,58.4,0
C004317,0.0,7.0,0
C004318,2.8281352578611663,14.0,0
C004319,330780.47605690657,63.5,0
C004320,69192.76637522806,18.5,0
C004321,373285.74447534274,67.9,0
C004322,324257.2188438341,62.5,0
C004323,3936567.5536122583,95.0,1
C004324,732892.8454557955,82.2,1
C004325,320271.60766511346,61.9,0
C004326,4772275.636871342,99.6,1
C004327,76818.1410802796,19.5,0
C004328,0.0,7.0,0
C004329,210980.23869508156,41.0,0
C004330,494566.5238249233,73.4,0
C004331,234570.12023260107,45.5,0
C004332,3748994.2331145154,93.8,1
C004333,234388.0034717337,45.5,0
C004334,90132.28734351967,21.3,0
C004335,3703163.6815524884,93.4,1
C004336,3801536.4013138385,94.1,1
C004337,3478690.6104902187,92.1,1
C004338,371375.8964280199,67.7,0
C004339,0.0,7.0,0
C004340,759292.3341907243,83.3,1
C004341,666735.2253697184,79.1,0
C004342,328688.60124821024,63.2,0
C004343,745429.540199806,82.7,1
C004344,43218.70544851678,16.0,0
C004345,236008.07825412904,45.8,0
C004346,76741.52567589995,19.5,0
C004347,417031.98772579845,70.8,0
C004348,308513.5306079194,60.1,0
C004349,0.0,7.0,0
C004350,543498.2735300477,74.8,0
C004351,4560532.847775475,99.0,1
C004352,126881.43866945857,27.0,0
C004353,3878559.577731956,94.6,1
C004354,128286.85773888457,27.2,0
C004355,260949.22277336247,51.1,0
C004356,320656.02377587213,62.0,0
C004357,249454.25376865457,48.6,0
C004358,138138.86323307524,28.6,0
C004359,50948.526396163834,16.6,0
C004360,1086322.2456032617,90.6,1
C004361,230962.15763859006,44.8,0
C004362,429328.6696866009,71.3,0
C004363,219945.36756616025,42.7,0
C004364,104706.72144266001,23.4,0
C004365,784711.3356193721,84.4,1
C004366,134774.95979383934,28.0,0
C004367,878324.9945209554,88.0,1
C004368,569145.6133974224,75.5,0
C004369,213074.3205287046,41.4,0
C004370,476572.1162552119,72.9,0
C004371,805081.1934880303,85.3,1
C004372,332910.57727022347,63.8,0
C004373,521119.5691526558,74.1,0
C004374,379967.5602700056,68.4,0
C004375,882471.5113909747,88.1,1
C004376,171374.8258575846,33.8,0
C004377,765447.7804174573,83.6,1
C004378,160701.71396644172,32.2,0
C004379,3887079.8986936947,94.6,1
C004380,535370.1543287445,74.5,0
C004381,218466.24323260947,42.4,0
C004382,821935.8353694556,86.0,1
C004383,0.0,7.0,0
C004384,96840.73433926154,22.2,0
C004385,323194.2910526339,62.3,0
C004386,182117.5214893687,35.6,0
C004387,686165.626524035,80.0,1
C004388,0.0,7.0,0
C004389,0.0,7.0,0
C004390,0.0,7.0,0
C004391,0.0,7.0,0
C004392,360043.07310186856,66.7,0
C004393,358281.1736177288,66.6,0
C004394,187822.33050242567,36.6,0
C004395,138223.59010409116,28.6,0
C004396,1028342.2581190678,90.4,1
C004397,0.0,7.0,0
C004398,940441.6900660356,89.4,1
C004399,0.0,7.0,0
C004400,0.0,7.0,0
C004401,159972.17345880848,32.1,0
C004402,4890870.726489829,99.8,1
C004403,0.0,7.0,0
C004404,33269.17608049128,15.4,0
C004405,231689.43303922846,44.9,0
C004406,136860.002551405,28.4,0
C004407,241357.37743155647,47.0,0
C004408,360734.28977835644,66.8,0
C004409,108645.49543657125,24.0,0
C004410,268817.67047481285,52.8,0
C004411,3200076.0095344307,91.3,1
C004412,136977.2446084625,28.4,0
C004413,675593.3887419044,79.5,0
C004414,871042.0502855154,87.7,1
C004415,164570.04288091452,32.8,0
C004416,207834.16717759595,40.3,0
C004417,4094987.7974526472,96.1,1
C004418,3488450.593208708,92.2,1
C004419,231195.16067883844,44.8,0
C004420,65511.53599349577,18.1,0
C004421,635732.6267090886,77.8,0
C004422,209268.8583007305,40.6,0
C004423,836286.2690213252,86.6,1
C004424,359795.801615123,66.7,0
C004425,272401.20595908386,53.5,0
C004426,888252.1967759969,88.3,1
C004427,903992.4515140194,88.6,1
C004428,810207.5359581751,85.5,1
C004429,3767403.4723085146,93.9,1
C004430,260662.06011512174,51.1,0
C004431,0.0,7.0,0
C004432,0.0,7.0,0
C004433,206300.3930739677,40.1,0
C004434,159956.596238817,32.1,0
C004435,0.0,7.0,0
C004436,71502.41842274189,18.8,0
C004437,758554.435326062,83.3,1
C004438,1014530.9935353412,90.4,1
C004439,351606.4217873829,65.9,0
C004440,4435600.5519111,98.5,1
C004441,141445.02505747156,29.2,0
C004442,335217.798130148,64.0,0
C004443,132829.46452490464,27.8,0
C004444,799409.2516875213,85.0,1
C004445,214968.0630851302,41.7,0
C004446,121826.43284429706,26.1,0
C004447,84838.0735252706,20.5,0
C004448,0.0,7.0,0
C004449,3786077.5533265746,94.0,1
C004450,79574.8620365953,19.9,0
C004451,0.0,7.0,0
C004452,380483.50973112666,68.4,0
C004453,252539.46967361437,49.3,0
C004454,202539.04185020542,39.3,0
C004455,306949.79823911324,59.8,0
C004456,936830.0731398155,89.4,1
C004457,352717.09319711826,66.0,0
C004458,3712571.6491333037,93.5,1
C004459,0.0,7.0,0
C004460,236024.8030077936,45.8,0
C004461,309503.49041135376,60.3,0
C004462,119946.61007228616,25.8,0
C004463,120486.34632703401,25.9,0
C004464,216305.31009664695,42.0,0
C004465,761978.4261476368,83.4,1
C004466,742458.3935935595,82.6,1
C004467,167470.17853157484,33.2,0
C004468,231034.57976863076,44.8,0
C004469,919694.9325505297,89.0,1
C004470,0.0,7.0,0
C004471,689656.0679952009,80.2,1
C004472,233505.2894314268,45.3,0
C004473,3720515.948718114,93.6,1
C004474,188019.96349253858,36.7,0
C004475,313541.7094310751,60.9,0
C004476,172753.65416612753,34.1,0
C004477,783662.0078228548,84.4,1
C004478,90897.93479427791,21.4,0
C004479,513423.6076390354,73.9,0
C004480,167951.77403456252,33.3,0
C004481,414195.98105119413,70.6,0
C004482,71683.57843725859,18.9,0
C004483,676889.8462455701,79.6,0
C004484,97471.88151322961,22.3,0
C004485,398782.3225888677,69.8,0
C004486,0.0,7.0,0
C004487,633265.9220039985,77.7,0
C004488,602500.4826391594,76.6,0
C004489,0.0,7.0,0
C004490,321026.540807249,62.0,0
C004491,153943.6176856494,31.1,0
C004492,183653.8021416541,35.8,0
C004493,590065.9459227319,76.1,0
C004494,680325.880382229,79.7,0
C004495,194574.40330815813,37.9,0
C004496,270430.057240093,53.2,0
C004497,302276.58106350043,59.0,0
C004498,243744.04739265743,47.4,0
C004499,74972.66759330664,19.3,0
C004500,3787345.446600808,94.0,1
C004501,143049.23451145607,29.5,0
C004502,452332.21514607675,72.1,0
C004503,217041.26835200528,42.1,0
C004504,943892.5225123976,89.5,1
C004505,0.0,7.0,0
C004506,257341.66769878365,50.3,0
C004507,533537.0561364869,74.5,0
C004508,96417.49815270623,22.2,0
C004509,0.0,7.0,0
C004510,294976.4135364322,57.6,0
C004511,403227.9156537013,70.0,0
C004512,327061.9280327414,63.0,0
C004513,595668.7934121896,76.3,0
C004514,65831.63274020034,18.1,0
C004515,204954.05710960188,39.8,0
C004516,265470.7375178764,52.1,0
C004517,822923.3368459633,86.0,1
C004518,0.0,7.0,0
C004519,570547.966393069,75.5,0
C004520,4882380.705064588,99.8,1
C004521,245842.83569498046,47.8,0
C004522,144864.66099141957,29.8,0
C004523,286047.2792828335,56.1,0
C004524,0.0,7.0,0
C004525,364049.4884383792,67.1,0
C004526,79202.65305198207,19.8,0
C004527,397212.55565685115,69.7,0
C004528,589722.1966495536,76.1,0
C004529,47985.08360753252,16.4,0
C004530,0.0,7.0,0
C004531,247739.68805867305,48.2,0
C004532,111726.37564120338,24.5,0
C004533,255225.30958371545,49.8,0
C004534,230209.74094919377,44.7,0
C004535,3998424.558382372,95.4,1
C004536,239563.76119595554,46.6,0
C004537,359921.8069281438,66.7,0
C004538,526105.1014013458,74.3,0
C004539,193155.6574889991,37.6,0
C004540,3973337.6156380787,95.2,1
C004541,3344598.168921405,91.7,1
C004542,165635.78351895246,33.0,0
C004543,0.0,7.0,0
C004544,305160.9227949491,59.5,0
C004545,1090555.7128445809,90.6,1
C004546,174644.41427494428,34.4,0
C004547,623393.1954293988,77.4,0
C004548,96515.99844932996,22.2,0
C004549,1008643.3345429006,90.3,1
C004550,3898893.3104309435,94.7,1
C004551,320544.0524850052,61.9,0
C004552,3367747.7276310073,91.7,1
C004553,271966.27984331694,53.5,0
C004554,926997.5308348989,89.2,1
C004555,102991.2872763121,23.2,0
C004556,0.0,7.0,0
C004557,0.0,7.0,0
C004558,4269957.792429771,97.4,1
C004559,98350.22104508213,22.5,0
C004560,199217.37969461494,38.8,0
C004561,659862.029924604,78.7,0
C004562,644037.7593127307,78.1,0
C004563,0.0,7.0,0
C004564,836187.1840682466,86.6,1
C004565,139610.5792394941,28.9,0
C004566,76743.2047381695,19.5,0
C004567,4123785.148304284,96.3,1
C004568,235699.11802421312,45.8,0
C004569,0.0,7.0,0
C004570,211245.75602904335,41.0,0
C004571,301257.32627883373,58.7,0
C004572,836600.7708336279,86.6,1
C004573,143437.55853974496,29.6,0
C004574,0.0,7.0,0
C004575,817031.4886056231,85.7,1
C004576,99619.56410935767,22.6,0
C004577,4238856.205363034,97.2,1
C004578,190161.44610852757,37.1,0
C004579,4265147.286341657,97.4,1
C004580,241447.19137837153,47.0,0
C004581,0.0,7.0,0
C004582,0.0,7.0,0
C004583,90812.80396699418,21.4,0
C004584,160724.10382536752,32.2,0
C004585,0.0,7.0,0
C004586,0.0,7.0,0
C004587,64405.52513926744,17.9,0
C004588,345546.3450141941,65.3,0
C004589,214777.99418749762,41.7,0
C004590,294687.2130978088,57.6,0
C004591,0.0,7.0,0
C004592,0.0,7.0,0
C004593,827189.9743188224,86.2,1
C004594,807941.6621029846,85.4,1
C004595,241031.54199041595,46.9,0
C004596,167666.57433305995,33.3,0
C004597,1000041.8812146495,90.2,1
C004598,76529.49336602539,19.4,0
C004599,295181.1149950716,57.7,0
C004600,161813.0432717032,32.4,0
C004601,244011.529380032,47.5,0
C004602,0.0,7.0,0
C004603,245171.95052780636,47.7,0
C004604,319854.1853478058,61.9,0
C004605,313938.24974957673,61.0,0
C004606,193635.61404397106,37.7,0
C004607,791500.1235089392,84.7,1
C004608,682274.6363683667,79.8,0
C004609,0.0,7.0,0
C004610,130736.62730993755,27.5,0
C004611,0.0,7.0,0
C004612,355969.57415170706,66.4,0
C004613,173392.58963896128,34.2,0
C004614,43504.33464997017,16.0,0
C004615,887865.1010167062,88.2,1
C004616,569504.4919483347,75.5,0
C004617,321443.0622490013,62.1,0
C004618,300165.9024699963,58.6,0
C004619,315857.3478383411,61.3,0
C004620,359005.2853994975,66.6,0
C004621,324096.0269497259,62.5,0
C004622,116971.63416317485,25.4,0
C004623,0.0,7.0,0
C004624,799268.613902567,85.0,1
C004625,106520.43229169481,23.7,0
C004626,14.834394907216987,14.2,0
C004627,0.0,7.0,0
C004628,1007215.6025189043,90.3,1
C004629,1025266.8098904463,90.4,1
C004630,141142.55360323377,29.1,0
C004631,232968.71931553594,45.2,0
C004632,203416.59657113356,39.4,0
C004633,893603.2774378121,88.4,1
C004634,178030.06398637383,34.9,0
C004635,3809697.7790685156,94.2,1
C004636,0.0,7.0,0
C004637,333765.7396743937,63.9,0
C004638,782762.352498789,84.4,1
C004639,1001851.3111176866,90.3,1
C004640,698834.0837720974,80.7,1
C004641,3948021.7101612035,95.0,1
C004642,278393.39775140584,54.7,0
C004643,4352218.435041251,98.0,1
C004644,862872.641191888,87.5,1
C004645,189548.58977722542,37.0,0
C004646,253646.58498513637,49.5,0
C004647,726176.6792691018,81.9,1
C004648,267485.9002104137,52.6,0
C004649,322206.63471225125,62.2,0
C004650,0.0,7.0,0
C004651,101116.10734096261,22.9,0
C004652,856105.1279957867,87.3,1
C004653,777366.4141005089,84.1,1
C004654,265716.0519448366,52.2,0
C004655,291222.85159192985,57.0,0
C004656,136534.06100095445,28.3,0
C004657,605544.8817280567,76.7,0
C004658,397992.6273952415,69.7,0
C004659,851754.7627340488,87.1,1
C004660,350900.4907679708,65.8,0
C004661,227830.41851782944,44.2,0
C004662,199003.01175845283,38.7,0
C004663,3444670.026345204,92.0,1
C004664,233483.4255344809,45.3,0
C004665,136075.36946204476,28.3,0
C004666,0.0,7.0,0
C004667,189665.7643098627,37.0,0
C004668,0.0,7.0,0
C004669,836518.0453728329,86.6,1
C004670,499032.79458242864,73.5,0
C004671,118180.85835079066,25.5,0
C004672,4770315.062686739,99.5,1
C004673,581391.705253284,75.8,0
C004674,308383.4314703044,60.0,0
C004675,887228.8817469341,88.2,1
C004676,707038.0423460936,81.1,1
C004677,861521.5777319652,87.4,1
C004678,4637128.001364856,99.2,1
C004679,278380.01810440485,54.7,0
C004680,328584.47038228565,63.1,0
C004681,4502500.486790324,98.8,1
C004682,0.0,7.0,0
C004683,0.0,7.0,0
C004684,288122.25111086364,56.4,0
C004685,144802.06010746254,29.8,0
C004686,391531.0267220717,69.2,0
C004687,110099.84240357543,24.2,0
C004688,379764.8505634365,68.4,0
C004689,74421.49579242349,19.2,0
C004690,167366.01851169928,33.2,0
C004691,489350.67708010314,73.3,0
C004692,0.0,7.0,0
C004693,335666.4612709242,64.1,0
C004694,224731.8321822683,43.6,0
C004695,82010.78754883581,20.2,0
C004696,203925.84156704068,39.5,0
C004697,31086.611542287486,15.2,0
C004698,155569.39152526567,31.4,0
C004699,0.0,7.0,0
C004700,176369.4120861615,34.6,0
C004701,109620.0824919552,24.2,0
C004702,287073.2211998255,56.3,0
C004703,247379.30111173162,48.1,0
C004704,691556.5966214148,80.3,1
C004705,723618.6316585834,81.8,1
C004706,3799280.7329851026,94.1,1
C004707,215150.12780083457,41.8,0
C004708,840920.8410284695,86.8,1
C004709,208915.79187716372,40.5,0
C004710,107618.65755136262,23.9,0
C004711,840028.3028432722,86.7,1
C004712,259636.95962426474,50.8,0
C004713,299610.0156460299,58.5,0
C004714,0.0,7.0,0
C004715,668355.060376535,79.2,0
C004716,0.0,7.0,0
C004717,305086.0786636642,59.5,0
C004718,205225.83680334347,39.8,0
C004719,731046.9358685169,82.1,1
C004720,280915.4244999104,55.2,0
C004721,338395.10330712603,64.4,0
C004722,818782.7147745136,85.8,1
C004723,344285.90095368586,65.1,0
C004724,3768520.1704138615,93.9,1
C004725,214759.61956874205,41.7,0
C004726,51261.19798950464,16.7,0
C004727,622053.26946003,77.3,0
C004728,382294.8116200499,68.6,0
C004729,0.0,7.0,0
C004730,0.0,7.0,0
C004731,387809.24449868297,69.0,0
C004732,0.0,7.0,0
C004733,871335.1143179712,87.8,1
C004734,129087.59443169928,27.3,0
C004735,139609.22947763323,28.8,0
C004736,426411.4611513202,71.2,0
C004737,25268.051284863413,14.9,0
C004738,890488.75283196,88.3,1
C004739,365818.7252896208,67.2,0
C004740,569748.4687408837,75.5,0
C004741,472608.3681795802,72.8,0
C004742,121640.19021617256,26.1,0
C004743,696783.9662774679,80.6,1
C004744,3999310.547434665,95.4,1
C004745,3092264.3713912424,91.1,1
C004746,312436.8687550017,60.7,0
C004747,309862.06346092926,60.4,0
C004748,0.0,7.0,0
C004749,790225.3169296843,84.7,1
C004750,566246.4796542367,75.4,0
C004751,332986.04978822725,63.8,0
C004752,293511.0000464092,57.4,0
C004753,253199.84441889625,49.4,0
C004754,113097.75529025288,24.8,0
C004755,304274.89645591105,59.4,0
C004756,303838.36338404194,59.3,0
C004757,244703.74851285433,47.6,0
C004758,3019568.8649525205,91.1,1
C004759,0.0,7.0,0
C004760,56123.83425230135,17.1,0
C004761,356661.6304081315,66.4,0
C004762,57857.274134745305,17.2,0
C004763,0.0,7.0,0
C004764,311175.73366435734,60.6,0
C004765,652878.0932327019,78.5,0
C004766,228987.6244024984,44.5,0
C004767,197953.0226231397,38.5,0
C004768,845799.1751470856,87.0,1
C004769,90780.10548339321,21.4,0
C004770,492987.92631635093,73.3,0
C004771,279179.05825358763,54.8,0
C004772,4230180.111053191,97.1,1
C004773,149955.72149707173,30.5,0
C004774,1610.319113686723,14.2,0
C004775,4339342.025001342,97.9,1
C004776,332601.07318038185,63.7,0
C004777,3575730.568436145,92.6,1
C004778,339974.40340341994,64.5,0
C004779,228232.99289450375,44.3,0
C004780,207911.2961448971,40.4,0
C004781,284913.71402194817,55.9,0
C004782,332745.15070057183,63.7,0
C004783,349738.6753235307,65.7,0
C004784,413949.03497511963,70.6,0
C004785,194348.09619018,37.8,0
C004786,383689.2197092438,68.7,0
C004787,0.0,7.0,0
C004788,805422.173841598,85.3,1
C004789,305903.21022690233,59.6,0
C004790,258772.22019040567,50.6,0
C004791,4077303.746738898,96.0,1
C004792,946980.90873897,89.6,1
C004793,0.0,7.0,0
C004794,147069.53963929228,30.2,0
C004795,915634.3550024085,89.0,1
C004796,786772.6850176547,84.5,1
C004797,162607.6521670537,32.5,0
C004798,132348.07615979025,27.8,0
C004799,0.0,7.0,0
C004800,244696.01714466308,47.6,0
C004801,913628.6336749463,88.9,1
C004802,6670.377928418326,14.3,0
C004803,325537.1594754656,62.7,0
C004804,130781.52099642757,27.5,0
C004805,37839.25389454047,15.6,0
C004806,310154.76014419727,60.4,0
C004807,342955.0798252217,64.9,0
C004808,282891.88772473787,55.5,0
C004809,180209.478845942,35.3,0
C004810,366058.3869094087,67.2,0
C004811,190913.37047623371,37.2,0
C004812,483159.9565928617,73.1,0
C004813,286607.2000196037,56.2,0
C004814,204774.57369712816,39.7,0
C004815,4052777.6058331775,95.8,1
C004816,767949.0128031519,83.8,1
C004817,241849.69973807695,47.1,0
C004818,463165.3473641507,72.5,0
C004819,102933.50485585773,23.2,0
C004820,73492.74874133192,19.1,0
C004821,1034079.8680404939,90.5,1
C004822,246892.5242591019,48.0,0
C004823,0.0,7.0,0
C004824,128297.95545997475,27.2,0
C004825,0.0,7.0,0
C004826,630111.3282763119,77.6,0
C004827,189750.08392686973,37.0,0
C004828,16223.995934054661,14.6,0
C004829,329413.2077299735,63.3,0
C004830,185962.53584570155,36.2,0
C004831,747653.7140359939,82.8,1
C004832,229929.16958266534,44.6,0
C004833,0.0,7.0,0
C004834,319178.95218129904,61.8,0
C004835,0.0,7.0,0
C004836,4926956.708637868,99.9,1
C004837,4563962.250797337,99.0,1
C004838,822464.4585628518,86.0,1
C004839,545974.7331286918,74.8,0
C004840,384756.22777883353,68.8,0
C004841,200703.81616275624,39.0,0
C004842,739231.2261785235,82.4,1
C004843,261318.39853057486,51.2,0
C004844,221288.6477948829,42.9,0
C004845,249583.3128699948,48.6,0
C004846,763916.1780854245,83.6,1
C004847,55564.90371237023,17.0,0
C004848,869407.3417743742,87.6,1
C004849,143637.53044808577,29.6,0
C004850,1001014.7125816346,90.2,1
C004851,74057.49441876654,19.1,0
C004852,0.0,7.0,0
C004853,587844.2416997136,76.0,0
C004854,3524898.3252742416,92.4,1
C004855,249966.39916734723,48.7,0
C004856,330777.7356268139,63.5,0
C004857,368863.9337700914,67.5,0
C004858,4212618.976961448,96.9,1
C004859,621845.0698027835,77.3,0
C004860,144884.66943744023,29.8,0
C004861,430932.52007554576,71.3,0
C004862,831008.4218219031,86.4,1
C004863,84853.5271595816,20.5,0
C004864,258564.2652412661,50.5,0
C004865,588968.5277056762,76.0,0
C004866,988363.7639904179,90.1,1
C004867,919455.4642023328,89.0,1
C004868,269873.4203680762,53.1,0
C004869,355680.5724328768,66.4,0
C004870,190228.9846678694,37.1,0
C004871,750074.3154818921,82.9,1
C004872,264872.1908156989,52.1,0
C004873,301279.749249125,58.8,0
C004874,277691.24866265367,54.5,0
C004875,133346.50535176706,27.9,0
C004876,843144.524709852,86.8,1
C004877,257499.14456553603,50.4,0
C004878,107362.42482744042,23.8,0
C004879,260732.69872331127,51.1,0
C004880,710648.9505231535,81.3,1
C004881,348090.07626636897,65.6,0
C004882,544291.3386894547,74.8,0
C004883,343690.81217862567,65.0,0
C004884,319177.69408911373,61.8,0
C004885,224162.1128757872,43.5,0
C004886,177575.46418049882,34.8,0
C004887,415238.37655059923,70.7,0
C004888,101213.09255471414,22.9,0
C004889,151348.1086511484,30.7,0
C004890,545436.4998868268,74.8,0
C004891,533472.3553174674,74.5,0
C004892,162900.7729469885,32.5,0
C004893,932936.2315461705,89.3,1
C004894,239823.77378113347,46.7,0
C004895,269590.70998295356,53.0,0
C004896,936241.5376085078,89.4,1
C004897,0.0,7.0,0
C004898,89265.04130301384,21.2,0
C004899,38148.55636144432,15.6,0
C004900,309261.731868297,60.2,0
C004901,491630.41647017567,73.3,0
C004902,277160.4222169558,54.5,0
C004903,143610.3253259978,29.6,0
C004904,0.0,7.0,0
C004905,225280.8623967824,43.7,0
C004906,267629.99093466176,52.6,0
C004907,928216.0422459275,89.2,1
C004908,305980.90518481075,59.6,0
C004909,675042.364453874,79.5,0
C004910,737660.4262353756,82.4,1
C004911,255371.43715689456,49.9,0
C004912,225066.29124180903,43.7,0
C004913,338800.80987617926,64.4,0
C004914,214862.1492775692,41.7,0
C004915,0.0,7.0,0
C004916,0.0,7.0,0
C004917,279939.25073821016,55.0,0
C004918,0.0,7.0,0
C004919,247469.3014741705,48.2,0
C004920,0.0,7.0,0
C004921,814499.9468221086,85.6,1
C004922,619407.7181121353,77.2,0
C004923,0.0,7.0,0
C004924,201771.4710272826,39.1,0
C004925,143298.58804579967,29.5,0
C004926,723474.3015463762,81.8,1
C004927,0.0,7.0,0
C004928,41944.55999506075,15.9,0
C004929,641849.809706078,78.0,0
C004930,0.0,7.0,0
C004931,0.0,7.0,0
C004932,0.0,7.0,0
C004933,401129.4266494565,69.9,0
C004934,0.0,7.0,0
C004935,706709.144311715,81.0,1
C004936,0.0,7.0,0
C004937,0.0,7.0,0
C004938,247867.96434509964,48.2,0
C004939,765446.6438944023,83.6,1
C004940,0.0,7.0,0
C004941,4191248.348437152,96.7,1
C004942,401146.59553089994,69.9,0
C004943,0.0,7.0,0
C004944,410795.6190713763,70.4,0
C004945,48180.34034245383,16.4,0
C004946,0.0,7.0,0
C004947,0.0,7.0,0
C004948,258765.98799428644,50.6,0
C004949,306243.8610994018,59.7,0
C004950,633326.2840681005,77.7,0
C004951,0.0,7.0,0
C004952,662435.7208285539,78.8,0
C004953,230426.99550865823,44.7,0
C004954,638272.7478810105,77.9,0
C004955,125129.06121543705,26.7,0
C004956,235605.03691375672,45.7,0
C004957,845153.29618905,86.9,1
C004958,302057.5245842613,58.9,0
C004959,0.0,7.0,0
C004960,954951.8925293421,89.7,1
C004961,746258.7510040484,82.8,1
C004962,186781.6576107229,36.4,0
C004963,729802.1281014849,82.0,1
C004964,907826.6728727391,88.8,1
C004965,2886172.601466753,90.9,1
C004966,252755.72836471998,49.3,0
C004967,257806.1888281571,50.4,0
C004968,3725216.9520802777,93.6,1
C004969,179585.24114302173,35.2,0
C004970,343215.6732905022,65.0,0
C004971,4453017.211397064,98.5,1
C004972,217723.94655674553,42.3,0
C004973,125325.92122602099,26.7,0
C004974,367147.2780027123,67.3,0
C004975,291552.26907783095,57.0,0
C004976,257338.83869025606,50.3,0
C004977,557194.4093472566,75.2,0
C004978,73899.34971692832,19.1,0
C004979,0.0,7.0,0
C004980,193058.61523143877,37.6,0
C004981,616362.4984323252,77.1,0
C004982,237382.5250663697,46.2,0
C004983,384722.160789435,68.8,0
C004984,155145.74128697455,31.3,0
C004985,202827.78595733343,39.3,0
C004986,138635.51617501414,28.6,0
C004987,847881.9250460732,87.1,1
C004988,345224.0300641225,65.2,0
C004989,658928.1723767659,78.7,0
C004990,0.0,7.0,0
C004991,0.0,7.0,0
C004992,0.0,7.0,0
C004993,144054.0962469349,29.7,0
C004994,268987.800732153,52.9,0
C004995,808632.3515875941,85.4,1
C004996,681408.2530230762,79.8,0
C004997,259799.7739375912,50.8,0
C004998,165259.38175206323,32.9,0
C004999,232623.98071957604,45.1,0
C005000,765804.0534502493,83.7,1
C005001,408670.1759717487,70.3,0
C005002,78887.51653210084,19.8,0
C005003,31273.992125316574,15.2,0
C005004,4775233.798069157,99.6,1
C005005,265147.8847265068,52.1,0
C005006,0.0,7.0,0
C005007,0.0,7.0,0
C005008,94886.31206701537,22.0,0
C005009,224926.17891357126,43.6,0
C005010,672125.1294903627,79.3,0
C005011,306153.93075903243,59.7,0
C005012,799906.1766691732,85.1,1
C005013,0.0,7.0,0
C005014,834468.3047752613,86.5,1
C005015,291804.14783613646,57.1,0
C005016,349293.7213663186,65.7,0
C005017,247984.71629153177,48.3,0
C005018,332021.7242500895,63.6,0
C005019,227042.08349644538,44.1,0
C005020,327320.79704546183,63.0,0
C005021,66745.09826983727,18.2,0
C005022,0.0,7.0,0
C005023,265985.0962568748,52.3,0
C005024,377956.5679334249,68.3,0
C005025,466590.6091149179,72.6,0
C005026,271016.61259099346,53.3,0
C005027,132103.45901928016,27.7,0
C005028,338104.16318788263,64.3,0
C005029,17608.815101762564,14.6,0
C005030,23688.188565381937,14.8,0
C005031,304256.9182756887,59.4,0
C005032,3837067.48327994,94.3,1
C005033,223163.55237959314,43.3,0
C005034,353146.7753716661,66.1,0
C005035,726323.6475363055,81.9,1
C005036,0.0,7.0,0
C005037,625955.2064568248,77.5,0
C005038,383853.72695640393,68.7,0
C005039,0.0,7.0,0
C005040,241145.27035873785,46.9,0
C005041,892987.4203384229,88.4,1
C005042,204958.9274792375,39.8,0
C005043,216805.54857355382,42.1,0
C005044,712096.7956240766,81.4,1
C005045,61476.6217407089,17.6,0
C005046,597932.7201407298,76.3,0
C005047,0.0,7.0,0
C005048,451207.32563262753,72.1,0
C005049,332038.7452869991,63.7,0
C005050,592299.5114307995,76.2,0
C005051,279876.1131782345,54.9,0
C005052,357571.75469375955,66.5,0
C005053,510162.44791826146,73.8,0
C005054,146191.50943096334,30.0,0
C005055,375363.27256636316,68.0,0
C005056,326517.34622179193,62.8,0
C005057,354391.0328622202,66.2,0
C005058,195314.49209760633,38.0,0
C005059,69858.91118810176,18.6,0
C005060,631052.0289398086,77.6,0
C005061,780689.3326206481,84.3,1
C005062,0.0,7.0,0
C005063,839718.2036449449,86.7,1
C005064,91366.39674745283,21.5,0
C005065,240770.6899330397,46.8,0
C005066,422862.8754855061,71.0,0
C005067,186995.1131835331,36.5,0
C005068,543204.3021423614,74.7,0
C005069,251433.43602493088,49.0,0
C005070,932455.1107384608,89.3,1
C005071,0.0,7.0,0
C005072,182664.01836503283,35.7,0
C005073,344455.2140341095,65.1,0
C005074,293421.41925134993,57.4,0
C005075,528757.8068886845,74.3,0
C005076,236767.2476936847,46.0,0
C005077,520259.38179683784,74.1,0
C005078,134941.7936454487,28.1,0
C005079,0.0,7.0,0
C005080,265189.9353182067,52.1,0
C005081,0.0,7.0,0
C005082,369875.2654871987,67.6,0
C005083,3822604.753892953,94.2,1
C005084,310685.257689861,60.5,0
C005085,314407.7119380464,61.1,0
C005086,0.0,7.0,0
C005087,196811.65808039327,38.3,0
C005088,0.0,7.0,0
C005089,311203.42829865415,60.6,0
C005090,260359.0947556158,51.0,0
C005091,51868.92665886285,16.7,0
C005092,183027.20050244458,35.7,0
C005093,302627.02003545815,59.1,0
C005094,69399.59053686907,18.6,0
C005095,217532.65894668028,42.2,0
C005096,385611.49961928744,68.9,0
C005097,159433.46471017567,32.0,0
C005098,142447.57833451973,29.4,0
C005099,354914.80208749697,66.3,0
C005100,0.0,7.0,0
C005101,803206.413325658,85.2,1
C005102,4413007.005358191,98.3,1
C005103,226091.0738720314,43.9,0
C005104,100748.17061388768,22.8,0
C005105,358058.50987537653,66.6,0
C005106,672914.2019668069,79.4,0
C005107,786292.5843736111,84.5,1
C005108,259265.91367269587,50.7,0
C005109,0.0,7.0,0
C005110,808854.9704353933,85.4,1
C005111,228106.87257375612,44.3,0
C005112,0.0,7.0,0
C005113,255466.7677453109,49.9,0
C005114,848172.281843787,87.1,1
C005115,273558.15639982634,53.8,0
C005116,379663.27379591495,68.4,0
C005117,71994.71946649534,18.9,0
C005118,4240617.198947707,97.2,1
C005119,86906.78210457337,20.9,0
C005120,300623.46772631764,58.7,0
C005121,143573.93272092319,29.6,0
C005122,43867.028045457366,16.1,0
C005123,0.0,7.0,0
C005124,415078.3639093187,70.7,0
C005125,3646463.8596076565,93.0,1
C005126,40215.860244062314,15.8,0
C005127,691207.2293723262,80.3,1
C005128,389032.66936879617,69.1,0
C005129,99149.97217286853,22.6,0
C005130,819344.5052004103,85.8,1
C005131,69176.85958401026,18.5,0
C005132,799789.6546027695,85.0,1
C005133,263559.2200756157,51.7,0
C005134,0.0,7.0,0
C005135,320574.067783706,61.9,0
C005136,3847962.570186509,94.3,1
C005137,867739.2514746736,87.6,1
C005138,892445.0572087364,88.3,1
C005139,88630.6739111719,21.1,0
C005140,363915.5672234362,67.1,0
C005141,328942.3368008696,63.2,0
C005142,0.0,7.0,0
C005143,0.0,7.0,0
C005144,170011.63269208794,33.6,0
C005145,160853.12465889877,32.2,0
C005146,257651.75778413977,50.4,0
C005147,228374.99424229818,44.4,0
C005148,0.0,7.0,0
C005149,844232.7845300549,86.9,1
C005150,378864.84566017205,68.3,0
C005151,4541487.765603849,98.9,1
C005152,0.0,7.0,0
C005153,882989.6188437343,88.1,1
C005154,596515.1492397462,76.3,0
C005155,2162750.7711572503,90.8,1
C005156,246283.76052442874,47.9,0
C005157,238390.02928887252,46.4,0
C005158,0.0,7.0,0
C005159,150863.16042403938,30.6,0
C005160,88548.79526221714,21.1,0
C005161,239940.3356429108,46.7,0
C005162,754006.8924392463,83.1,1
C005163,266101.6428806501,52.3,0
C005164,416889.3265765358,70.8,0
C005165,0.0,7.0,0
C005166,254706.20721415148,49.7,0
C005167,0.0,7.0,0
C005168,828867.6091715789,86.3,1
C005169,92006.05905301642,21.6,0
C005170,192795.31022278283,37.5,0
C005171,276173.47434972075,54.3,0
C005172,52837.97848091389,16.8,0
C005173,3845311.2479340164,94.3,1
C005174,645052.850825369,78.1,0
C005175,4083567.7052233727,96.0,1
C005176,691830.9498616564,80.3,1
C005177,4067516.771083086,95.9,1
C005178,273475.1337288202,53.8,0
C005179,216333.20148679524,42.0,0
C005180,452186.70466045145,72.1,0
C005181,129075.9484995309,27.3,0
C005182,13829.251866772252,14.5,0
C005183,302363.2968885496,59.0,0
C005184,3336443.8882450364,91.7,1
C005185,346165.0918656894,65.3,0
C005186,3246200.5760841505,91.4,1
C005187,299837.24893956835,58.5,0
C005188,340508.84722582944,64.6,0
C005189,251749.71457393694,49.1,0
C005190,434825.0898576728,71.5,0
C005191,219577.4893097338,42.6,0
C005192,760725.4917024306,83.4,1
C005193,220681.32406921938,42.8,0
C005194,191739.87839311577,37.4,0
C005195,284603.4031772744,55.8,0
C005196,303804.55125775293,59.3,0
C005197,248867.63905281213,48.5,0
C005198,62536.46418662324,17.8,0
C005199,408262.072971664,70.3,0
C005200,94852.98123161939,22.0,0
C005201,886963.5545451732,88.2,1
C005202,1001114.2445781205,90.2,1
C005203,143071.91835856927,29.5,0
C005204,501315.8922691011,73.6,0
C005205,3880961.571289479,94.6,1
C005206,4390140.244142353,98.2,1
C005207,200240.0536387396,38.9,0
C005208,4057960.8721260177,95.9,1
C005209,3902104.1187549597,94.7,1
C005210,273092.36524935014,53.7,0
C005211,687016.6497760405,80.1,1
C005212,288110.47724960383,56.4,0
C005213,0.0,7.0,0
C005214,210816.70307662393,40.9,0
C005215,196155.61977913056,38.1,0
C005216,225408.79056907576,43.7,0
C005217,4563585.64325439,99.0,1
C005218,830774.2612225168,86.3,1
C005219,920285.997613528,89.1,1
C005220,650660.922309422,78.3,0
C005221,309597.0577888699,60.3,0
C005222,3483129.8152206023,92.2,1
C005223,129885.74635082152,27.4,0
C005224,275185.79770192975,54.1,0
C005225,264121.7394843802,51.9,0
C005226,829807.4791780158,86.3,1
C005227,3404799.7688575843,91.8,1
C005228,868576.4336587801,87.6,1
C005229,642744.4430942916,78.1,0
C005230,0.0,7.0,0
C005231,127562.23249008384,27.1,0
C005232,236300.81182650084,45.9,0
C005233,253161.29193401738,49.4,0
C005234,96472.74754308995,22.2,0
C005235,179308.9631722513,35.1,0
C005236,876082.1794502024,87.9,1
C005237,538964.0335490028,74.6,0
C005238,0.0,7.0,0
C005239,188535.554951239,36.8,0
C005240,751869.701515049,83.0,1
C005241,933231.5323091759,89.3,1
C005242,163144.61643108868,32.6,0
C005243,194231.44928252435,37.8,0
C005244,322874.18849737087,62.3,0
C005245,426091.0616356543,71.2,0
C005246,207644.55247191156,40.3,0
C005247,467017.7157926054,72.6,0
C005248,296063.1021725604,57.9,0
C005249,0.0,7.0,0
C005250,168011.117009371,33.4,0
C005251,3419715.306041976,91.9,1
C005252,555206.9481518449,75.1,0
C005253,0.0,7.0,0
C005254,105188.82702706593,23.5,0
C005255,4.396193307458661,14.0,0
C005256,320786.9593094447,62.0,0
C005257,265504.4262043539,52.2,0
C005258,0.0,7.0,0
C005259,709162.0507484942,81.2,1
C005260,476898.58603759855,72.9,0
C005261,155408.6787567286,31.4,0
C005262,707011.1453954951,81.1,1
C005263,450305.29151095037,72.1,0
C005264,0.0,7.0,0
C005265,4030.6334202881726,14.3,0
C005266,241294.28850101796,46.9,0
C005267,242738.41851596246,47.2,0
C005268,0.0,7.0,0
C005269,334100.10483061394,63.9,0
C005270,223690.46956252804,43.4,0
C005271,140820.172604831,29.1,0
C005272,0.0,7.0,0
C005273,182546.10050265997,35.7,0
C005274,142692.84192053246,29.4,0
C005275,0.0,7.0,0
C005276,308690.6127212636,60.1,0
C005277,221753.37215311604,43.0,0
C005278,656762.1276501422,78.6,0
C005279,169319.87457912587,33.5,0
C005280,0.0,7.0,0
C005281,0.0,7.0,0
C005282,255878.19678545347,50.0,0
C005283,0.0,7.0,0
C005284,813734.4434091576,85.6,1
C005285,782679.0783174122,84.4,1
C005286,78517.86121858677,19.7,0
C005287,92204.02779103715,21.6,0
C005288,276269.5980518963,54.3,0
C005289,203104.56452744023,39.4,0
C005290,223910.04250911917,43.4,0
C005291,100654.22462325286,22.8,0
C005292,253551.7661407972,49.5,0
C005293,262801.2466399919,51.6,0
C005294,123315.64742008755,26.4,0
C005295,322979.7391140652,62.3,0
C005296,384829.89185077633,68.8,0
C005297,797474.1717434481,84.9,1
C005298,912367.4885017128,88.9,1
C005299,3858501.7386323684,94.4,1
C005300,494580.66281582427,73.4,0
C005301,255912.1188861988,50.0,0
C005302,95925.36378092045,22.1,0
C005303,290684.07537393016,56.9,0
C005304,4249488.434106512,97.3,1
C005305,364133.81012272753,67.1,0
C005306,246997.39793018176,48.1,0
C005307,911904.030400985,88.9,1
C005308,481525.9109871723,73.0,0
C005309,85468.23533171842,20.6,0
C005310,335020.0334066346,64.0,0
C005311,847502.4402086353,87.0,1
C005312,231192.6956712228,44.8,0
C005313,309693.293790981,60.3,0
C005314,150286.77872945092,30.6,0
C005315,222142.88932270405,43.0,0
C005316,3151179.779832647,91.2,1
C005317,271052.9591346964,53.3,0
C005318,300641.94231974066,58.7,0
C005319,181472.57323222468,35.5,0
C005320,4490043.616080204,98.7,1
C005321,360170.29871805117,66.7,0
C005322,211024.37185785166,41.0,0
C005323,3305106.2525627026,91.6,1
C005324,816848.9745499295,85.7,1
C005325,713895.149949519,81.4,1
C005326,259422.7927137615,50.7,0
C005327,111677.83230520204,24.5,0
C005328,282778.1195368376,55.5,0
C005329,244014.3682503105,47.5,0
C005330,106633.75108159998,23.7,0
C005331,0.0,7.0,0
C005332,1103996.0557354677,90.6,1
C005333,650432.7610354376,78.3,0
C005334,198478.02657352548,38.6,0
C005335,113382.83012494749,24.9,0
C005336,222679.97782717063,43.2,0
C005337,163924.37571943837,32.6,0
C005338,253826.24334783255,49.6,0
C005339,647820.3123429602,78.2,0
C005340,58178.12267825302,17.3,0
C005341,3938115.0503728087,95.0,1
C005342,224294.14600030633,43.5,0
C005343,356908.8746244217,66.4,0
C005344,803399.5846161271,85.2,1
C005345,3725361.837391638,93.6,1
C005346,104086.41204906617,23.3,0
C005347,236402.3046608407,46.0,0
C005348,410060.7210977855,70.4,0
C005349,759506.4104361271,83.4,1
C005350,209067.61420056585,40.6,0
C005351,102823.70371279024,23.1,0
C005352,128909.0004820754,27.3,0
C005353,354371.1975288889,66.2,0
C005354,92870.19670902709,21.7,0
C005355,318771.5146725291,61.8,0
C005356,377101.2025529489,68.2,0
C005357,102904.6250479778,23.2,0
C005358,183734.24599728305,35.8,0
C005359,0.0,7.0,0
C005360,309360.477751919,60.2,0
C005361,3728978.7626507943,93.6,1
C005362,522223.70390246634,74.2,0
C005363,435502.37327908346,71.5,0
C005364,0.0,7.0,0
C005365,184260.66786246886,35.9,0
C005366,395209.2897749705,69.6,0
C005367,70408.62361668189,18.7,0
C005368,103305.89352222862,23.2,0
C005369,131343.8023259283,27.6,0
C005370,828076.1619938796,86.2,1
C005371,57823.914371453044,17.2,0
C005372,4197088.0845273705,96.8,1
C005373,329071.9767121105,63.2,0
C005374,252268.85245614094,49.2,0
C005375,368517.70147140784,67.4,0
C005376,780761.076630166,84.3,1
C005377,0.0,7.0,0
C005378,831511.6974307277,86.4,1
C005379,0.0,7.0,0
C005380,706770.7109957647,81.1,1
C005381,106951.93219000885,23.8,0
C005382,103514.73942433787,23.3,0
C005383,711522.655826544,81.3,1
C005384,706938.2216362573,81.1,1
C005385,0.0,7.0,0
C005386,3497350.9587336136,92.3,1
C005387,647248.2729347041,78.2,0
C005388,0.0,7.0,0
C005389,301007.96859689575,58.7,0
C005390,285076.5649577119,55.9,0
C005391,213455.4824516186,41.4,0
C005392,169735.46836550126,33.6,0
C005393,203060.85488248884,39.4,0
C005394,186054.56600217996,36.2,0
C005395,201116.47552268923,39.0,0
C005396,324127.59146825,62.5,0
C005397,352996.7921441001,66.1,0
C005398,196761.01896725062,38.3,0
C005399,4202985.195416505,96.9,1
C005400,358698.40528934,66.6,0
C005401,825567.0771332426,86.1,1
C005402,240274.3769650413,46.8,0
C005403,735090.9307182084,82.2,1
C005404,315214.83486884466,61.2,0
C005405,0.0,7.0,0
C005406,131408.51605162828,27.6,0
C005407,62549.997938995824,17.8,0
C005408,680506.4759755161,79.7,0
C005409,0.0,7.0,0
C005410,977691.4763279415,90.0,1
C005411,0.0,7.0,0
C005412,323382.13158704806,62.4,0
C005413,797739.417050399,85.0,1
C005414,31775.813257307236,15.2,0
C005415,310478.24845260655,60.5,0
C005416,3367827.1704591126,91.7,1
C005417,387802.5504271066,69.0,0
C005418,512954.70559790253,73.9,0
C005419,101938.45069583379,23.0,0
C005420,273242.2893796828,53.8,0
C005421,338392.7786738859,64.4,0
C005422,0.0,7.0,0
C005423,4876944.887750882,99.8,1
C005424,0.0,7.0,0
C005425,237312.84410241366,46.2,0
C005426,0.0,7.0,0
C005427,79296.69482278082,19.8,0
C005428,150400.5656642471,30.6,0
C005429,271396.6842256424,53.4,0
C005430,175674.3817765494,34.5,0
C005431,84472.57499301297,20.5,0
C005432,364180.994977355,67.1,0
C005433,119677.8876159629,25.8,0
C005434,0.0,7.0,0
C005435,3699440.6086658784,93.4,1
C005436,72664.83440203489,19.0,0
C005437,0.0,7.0,0
C005438,305431.949231451,59.5,0
C005439,619402.9004041873,77.2,0
C005440,59324.86665886759,17.4,0
C005441,50366.4705866491,16.6,0
C005442,0.0,7.0,0
C005443,0.0,7.0,0
C005444,307757.6406570913,59.9,0
C005445,478526.7257394024,73.0,0
C005446,0.0,7.0,0
C005447,258635.7393477971,50.6,0
C005448,277137.0212051698,54.4,0
C005449,0.0,7.0,0
C005450,3380423.443345648,91.8,1
C005451,123131.03462010257,26.3,0
C005452,62772.95667951681,17.8,0
C005453,749144.6076479475,82.9,1
C005454,252574.84734037006,49.3,0
C005455,231695.36061263044,44.9,0
C005456,915479.0989016864,88.9,1
C005457,275371.77195239835,54.1,0
C005458,656146.6479286312,78.6,0
C005459,4258146.919434497,97.3,1
C005460,303063.0457332022,59.2,0
C005461,944501.3248243281,89.5,1
C005462,650135.8186673935,78.3,0
C005463,68841.6294655747,18.5,0
C005464,4246325.939900511,97.2,1
C005465,0.0,7.0,0
C005466,20649.548226286148,14.7,0
C005467,686733.4960734721,80.1,1
C005468,307631.217872372,59.9,0
C005469,10538.227924074681,14.4,0
C005470,252091.08696769847,49.2,0
C005471,4766325.0498513775,99.5,1
C005472,381572.69957794005,68.5,0
C005473,840740.5031497204,86.7,1
C005474,485477.6626271891,73.2,0
C005475,766618.8659601676,83.7,1
C005476,556201.40467171,75.1,0
C005477,164096.12238086865,32.7,0
C005478,433512.91802232736,71.4,0
C005479,251815.25902049404,49.1,0
C005480,3342056.087040036,91.7,1
C005481,4299354.777245118,97.6,1
C005482,141264.14766051635,29.2,0
C005483,117790.78333841576,25.5,0
C005484,251651.13044188923,49.0,0
C005485,0.0,7.0,0
C005486,315055.7284235413,61.2,0
C005487,3.045496808282414,14.0,0
C005488,0.0,7.0,0
C005489,0.0,7.0,0
C005490,234685.16008990826,45.6,0
C005491,272914.41849758837,53.7,0
C005492,692655.3147134687,80.4,1
C005493,190124.66127579205,37.1,0
C005494,0.0,7.0,0
C005495,802269.4942062054,85.1,1
C005496,0.0,7.0,0
C005497,270906.9393773094,53.2,0
C005498,4544855.8514833115,99.0,1
C005499,823320.9702925216,86.0,1
C005500,0.0,7.0,0
C005501,155108.1583643979,31.3,0
C005502,500365.7677915995,73.6,0
C005503,226420.13934493583,43.9,0
C005504,186183.46272346965,36.3,0
C005505,348229.17677957314,65.6,0
C005506,777384.656605967,84.1,1
C005507,123864.16776523729,26.4,0
C005508,0.0,7.0,0
C005509,256486.76919333884,50.1,0
C005510,590895.5863536855,76.1,0
C005511,183375.09817986176,35.8,0
C005512,266728.30261727533,52.4,0
C005513,68698.29694381818,18.5,0
C005514,905761.1737642839,88.7,1
C005515,0.0,7.0,0
C005516,768315.5588179068,83.8,1
C005517,524604.592483568,74.2,0
C005518,518995.60298282513,74.1,0
C005519,212719.9820011268,41.3,0
C005520,235382.0081917376,45.7,0
C005521,746835.3565686641,82.8,1
C005522,120026.57643209965,25.9,0
C005523,302868.9502367497,59.1,0
C005524,602525.0956807708,76.6,0
C005525,258290.01537731796,50.5,0
C005526,165073.47516592473,32.9,0
C005527,540277.712846231,74.7,0
C005528,325400.8327706576,62.7,0
C005529,0.0,7.0,0
C005530,266193.0155246101,52.3,0
C005531,113457.39754091547,24.9,0
C005532,343428.6223562346,65.0,0
C005533,295104.3468755938,57.7,0
C005534,110579.12558548877,24.3,0
C005535,0.0,7.0,0
C005536,792322.8570488464,84.8,1
C005537,402209.8511685108,70.0,0
C005538,165018.56339027447,32.8,0
C005539,4779090.064123602,99.6,1
C005540,0.0,7.0,0
C005541,351950.5546009185,65.9,0
C005542,428696.170255088,71.2,0
C005543,485878.9369394263,73.2,0
C005544,122944.38814153688,26.3,0
C005545,952093.6237237743,89.7,1
C005546,160653.97820633123,32.2,0
C005547,262945.5176416958,51.6,0
C005548,74507.54003980431,19.2,0
C005549,241553.00104782093,47.0,0
C005550,682139.230297002,79.8,0
C005551,4106693.666691239,96.2,1
C005552,323265.40381811885,62.4,0
C005553,514749.5323668995,74.0,0
C005554,461458.3019677648,72.4,0
C005555,0.0,7.0,0
C005556,186217.2989402864,36.3,0
C005557,0.0,7.0,0
C005558,317440.267164228,61.5,0
C005559,949276.4889890574,89.6,1
C005560,0.0,7.0,0
C005561,273057.1154329865,53.7,0
C005562,783421.6197528967,84.4,1
C005563,697810.4568326317,80.6,1
C005564,86866.82164504877,20.8,0
C005565,783900.4683077765,84.4,1
C005566,289402.1180265239,56.6,0
C005567,540351.1128909937,74.7,0
C005568,694059.1805376613,80.5,1
C005569,203679.7106266076,39.5,0
C005570,954317.7744686841,89.7,1
C005571,3740395.5896723866,93.7,1
C005572,249184.3348990715,48.6,0
C005573,497327.50753017503,73.5,0
C005574,0.0,7.0,0
C005575,700781.4835863807,80.8,1
C005576,359209.07286782574,66.7,0
C005577,200750.9584590803,39.0,0
C005578,169395.27838913814,33.5,0
C005579,147719.46252121727,30.2,0
C005580,294799.05899912916,57.6,0
C005581,302502.33755576686,59.0,0
C005582,184384.44012515154,35.9,0
C005583,0.0,7.0,0
C005584,0.0,7.0,0
C005585,251211.3059329768,48.9,0
C005586,192534.13162029002,37.5,0
C005587,705315.2027923752,81.0,1
C005588,363812.17436858144,67.0,0
C005589,162901.715207795,32.5,0
C005590,32546.891022366788,15.3,0
C005591,270780.3897984152,53.2,0
C005592,138477.472075191,28.6,0
C005593,3706992.748871797,93.4,1
C005594,350124.20121533336,65.8,0
C005595,266410.390797204,52.4,0
C005596,152234.21772178786,30.9,0
C005597,310881.5704166448,60.5,0
C005598,438624.4792046779,71.6,0
C005599,192894.91498469448,37.5,0
C005600,294779.0471889248,57.6,0
C005601,3434577.984849613,92.0,1
C005602,215061.542963977,41.7,0
C005603,338146.71530019067,64.3,0
C005604,167637.8532116936,33.3,0
C005605,463253.31984053616,72.5,0
C005606,4831975.152489636,99.7,1
C005607,453741.642148349,72.2,0
C005608,96562.97014681822,22.2,0
C005609,45415.97299200785,16.2,0
C005610,3776719.118166654,94.0,1
C005611,0.0,7.0,0
C005612,0.0,7.0,0
C005613,387349.3975489157,69.0,0
C005614,313314.22258469806,60.9,0
C005615,637913.8496480061,77.9,0
C005616,315588.5163610537,61.3,0
C005617,0.0,7.0,0
C005618,171857.3870622353,33.9,0
C005619,3646466.262036304,93.0,1
C005620,114257.933467551,25.0,0
C005621,199711.92246189495,38.8,0
C005622,347493.7166733739,65.5,0
C005623,411737.36695064144,70.5,0
C005624,5131735.06246983,99.9,1
C005625,200047.01904423843,38.9,0
C005626,0.0,7.0,0
C005627,48209.34818289891,16.4,0
C005628,4703605.866703131,99.4,1
C005629,0.0,7.0,0
C005630,156513.68692248643,31.5,0
C005631,773403.8162304529,84.0,1
C005632,306078.3019053014,59.7,0
C005633,3970277.2075830176,95.2,1
C005634,838491.4786402817,86.6,1
C005635,264434.26847860677,52.0,0
C005636,756919.1134538457,83.2,1
C005637,0.0,7.0,0
C005638,3692255.8522339086,93.3,1
C005639,202699.00897705316,39.3,0
C005640,89124.05673487103,21.2,0
C005641,7.4352410754120255,14.1,0
C005642,0.0,7.0,0
C005643,147921.74079831483,30.2,0
C005644,318587.8799498325,61.7,0
C005645,894205.2692629026,88.4,1
C005646,276339.60878578434,54.3,0
C005647,3095450.2383527653,91.1,1
C005648,148788.97796545364,30.4,0
C005649,773006.1319923025,84.0,1
C005650,0.0,7.0,0
C005651,138683.91977759084,28.7,0
C005652,157331.79831429457,31.7,0
C005653,184712.11526961322,36.0,0
C005654,719022.5440905241,81.7,1
C005655,1005663.9138843077,90.3,1
C005656,193783.94616526263,37.7,0
C005657,107404.76855939401,23.8,0
C005658,532969.795554228,74.5,0
C005659,48909.0161941766,16.5,0
C005660,167478.15622329514,33.3,0
C005661,4222303.933859121,97.0,1
C005662,283756.66098595795,55.6,0
C005663,770752.3775001157,83.9,1
C005664,765241.9557187739,83.6,1
C005665,0.0,7.0,0
C005666,236081.6348447892,45.9,0
C005667,414202.0061242105,70.6,0
C005668,354050.76392569585,66.2,0
C005669,0.0,7.0,0
C005670,381576.4706451183,68.6,0
C005671,324639.89717727,62.6,0
C005672,148682.0656732575,30.3,0
C005673,0.0,7.0,0
C005674,251836.2035188835,49.1,0
C005675,0.0,7.0,0
C005676,650332.0998685032,78.3,0
C005677,227398.84319765744,44.2,0
C005678,0.0,7.0,0
C005679,205068.75129539584,39.8,0
C005680,305782.1379070361,59.6,0
C005681,0.0,7.0,0
C005682,887670.2220443796,88.2,1
C005683,450132.37286951777,72.1,0
C005684,289164.9771774507,56.6,0
C005685,4118907.302035031,96.3,1
C005686,4046516.986325415,95.8,1
C005687,556210.7195772405,75.1,0
C005688,58323.19407775768,17.3,0
C005689,308465.30557923124,60.1,0
C005690,381379.90281992394,68.5,0
C005691,704115.3445384953,80.9,1
C005692,144881.60226909094,29.8,0
C005693,134843.65574288616,28.1,0
C005694,0.0,7.0,0
C005695,998045.0577582079,90.2,1
C005696,724547.666755273,81.8,1
C005697,0.0,7.0,0
C005698,223645.68475339995,43.4,0
C005699,3824257.862111165,94.2,1
C005700,0.0,7.0,0
C005701,4043381.1098921793,95.7,1
C005702,4529371.203480464,98.9,1
C005703,138078.84680039092,28.6,0
C005704,119073.12545859974,25.7,0
C005705,277018.79626687954,54.4,0
C005706,341445.95555257576,64.7,0
C005707,135486.0051113426,28.2,0
C005708,3805081.6700068587,94.1,1
C005709,354360.756770899,66.2,0
C005710,0.0,7.0,0
C005711,296700.2353248646,58.0,0
C005712,246031.30232231313,47.8,0
C005713,440728.8558054371,71.7,0
C005714,995589.548819653,90.2,1
C005715,628438.0117195713,77.5,0
C005716,0.0,7.0,0
C005717,146440.18457726395,30.0,0
C005718,4508985.279029394,98.8,1
C005719,674085.9389137216,79.4,0
C005720,22427.87300315136,14.8,0
C005721,4053484.202234191,95.8,1
C005722,3481767.3334706356,92.2,1
C005723,238318.3072237882,46.4,0
C005724,0.0,7.0,0
C005725,141353.15874559732,29.2,0
C005726,0.0,7.0,0
C005727,201555.14505581808,39.1,0
C005728,300663.1721202027,58.7,0
C005729,460634.5011188812,72.4,0
C005730,602627.7224608606,76.6,0
C005731,298494.8578358196,58.3,0
C005732,0.0,7.0,0
C005733,372699.49234318506,67.8,0
C005734,877941.3918917517,88.0,1
C005735,0.0,7.0,0
C005736,477640.30605250783,72.9,0
C005737,337898.5576467627,64.3,0
C005738,0.0,7.0,0
C005739,72761.1187355589,19.0,0
C005740,0.0,7.0,0
C005741,0.0,7.0,0
C005742,76659.14359588051,19.5,0
C005743,240255.07861645208,46.7,0
C005744,234999.90731877784,45.6,0
C005745,3414232.176591703,91.9,1
C005746,696182.2164213798,80.5,1
C005747,97863.30245607263,22.4,0
C005748,0.0,7.0,0
C005749,268429.7997994216,52.8,0
C005750,4525018.747719251,98.8,1
C005751,252566.6006582815,49.3,0
C005752,0.0,7.0,0
C005753,0.0,7.0,0
C005754,4301920.15874999,97.7,1
C005755,246787.58177228319,48.0,0
C005756,734421.7341662726,82.2,1
C005757,151350.25417043347,30.7,0
C005758,74242.97429122301,19.1,0
C005759,4869883.5894522,99.8,1
C005760,4089306.1491998914,96.1,1
C005761,288684.8132174429,56.5,0
C005762,108696.2541710566,24.0,0
C005763,289196.47908226,56.6,0
C005764,295631.8915205172,57.8,0
C005765,78689.40640142561,19.7,0
C005766,281547.76432548795,55.3,0
C005767,185870.3663959489,36.2,0
C005768,0.0,7.0,0
C005769,129310.10980893704,27.4,0
C005770,0.0,7.0,0
C005771,275948.2523615594,54.2,0
C005772,498778.83140036825,73.5,0
C005773,418175.6092978565,70.8,0
C005774,820326.963249408,85.9,1
C005775,3878094.0746757817,94.5,1
C005776,70012.0302877995,18.7,0
C005777,275060.08321816724,54.1,0
C005778,27600.852014803477,15.0,0
C005779,4115200.692989211,96.3,1
C005780,326998.37910641363,63.0,0
C005781,144355.3332736063,29.7,0
C005782,227128.47302436634,44.1,0
C005783,0.0,7.0,0
C005784,483428.99161083467,73.1,0
C005785,0.0,7.0,0
C005786,0.0,7.0,0
C005787,0.0,7.0,0
C005788,124270.42279693573,26.5,0
C005789,176571.86404296185,34.6,0
C005790,78623.09344945899,19.7,0
C005791,410478.1819586684,70.4,0
C005792,877655.1476659613,88.0,1
C005793,766506.7494468455,83.7,1
C005794,0.0,7.0,0
C005795,232810.00665217274,45.1,0
C005796,266763.7666301391,52.4,0
C005797,342404.7001342302,64.8,0
C005798,222172.96473700603,43.1,0
C005799,296816.8851837216,58.0,0
C005800,245248.56565846648,47.7,0
C005801,329310.5214583022,63.3,0
C005802,0.0,7.0,0
C005803,218072.7527558177,42.3,0
C005804,184322.27488061454,35.9,0
C005805,121373.96193521329,26.0,0
C005806,128184.81666109242,27.2,0
C005807,70511.89324276123,18.7,0
C005808,4147532.8180628316,96.4,1
C005809,77496.05291348282,19.6,0
C005810,263957.6351124163,51.8,0
C005811,4170949.232384168,96.6,1
C005812,289633.9278562379,56.7,0
C005813,0.0,7.0,0
C005814,299061.900805923,58.4,0
C005815,0.0,7.0,0
C005816,0.0,7.0,0
C005817,1060216.8630910236,90.5,1
C005818,159846.81002893692,32.1,0
C005819,384025.2397695723,68.8,0
C005820,309953.50972545275,60.4,0
C005821,114396.49039719754,25.0,0
C005822,0.0,7.0,0
C005823,838331.5452097794,86.6,1
C005824,281831.7305617377,55.3,0
C005825,0.0,7.0,0
C005826,433874.83032228803,71.4,0
C005827,952098.8314370669,89.7,1
C005828,254113.14480178838,49.6,0
C005829,0.0,7.0,0
C005830,262594.763249408,51.5,0
C005831,787594.463348355,84.6,1
C005832,167474.7609814083,33.2,0
C005833,0.0,7.0,0
C005834,280373.7159673026,55.1,0
C005835,3599764.073668298,92.7,1
C005836,79590.12119311409,19.9,0
C005837,309704.7780537959,60.3,0
C005838,286785.05850237113,56.2,0
C005839,733451.866151919,82.2,1
C005840,133296.6398881106,27.9,0
C005841,227905.88987756788,44.2,0
C005842,752597.8598519954,83.0,1
C005843,123341.97807278704,26.4,0
C005844,221217.70697371732,42.9,0
C005845,214826.37061838707,41.7,0
C005846,0.0,7.0,0
C005847,691234.5381340649,80.3,1
C005848,0.0,7.0,0
C005849,139736.4111320631,28.9,0
C005850,235102.16439655973,45.6,0
C005851,141085.24463774828,29.1,0
C005852,3100670.0389644513,91.1,1
C005853,593793.7153872553,76.2,0
C005854,3400001.4427482095,91.8,1
C005855,0.0,7.0,0
C005856,308189.0318651976,60.0,0
C005857,275980.9952447791,54.2,0
C005858,251638.7458680407,49.0,0
C005859,732969.9931931031,82.2,1
C005860,92518.42020404183,21.7,0
C005861,4032179.5338565554,95.7,1
C005862,293125.9624625369,57.3,0
C005863,70020.96495510945,18.7,0
C005864,195261.64445820387,37.9,0
C005865,164725.70593699935,32.8,0
C005866,76808.95095960709,19.5,0
C005867,20809.041380299914,14.7,0
C005868,910090.0128255953,88.8,1
C005869,489627.9596051017,73.3,0
C005870,176328.56399627347,34.6,0
C005871,707911.558228178,81.1,1
C005872,139584.3222421958,28.8,0
C005873,684296.4850691144,79.9,0
C005874,449078.9728144699,72.0,0
C005875,321976.47605850105,62.1,0
C005876,260533.5054010392,51.0,0
C005877,704792.9479400916,81.0,1
C005878,72556.08562476475,19.0,0
C005879,668963.1234537609,79.2,0
C005880,146049.44234914408,30.0,0
C005881,201066.55045399,39.0,0
C005882,0.0,7.0,0
C005883,188039.22438689086,36.7,0
C005884,286395.45030558674,56.2,0
C005885,4530799.905075066,98.9,1
C005886,754958.465336377,83.2,1
C005887,894943.731772048,88.4,1
C005888,0.0,7.0,0
C005889,3879745.3027244066,94.6,1
C005890,102961.75633462169,23.2,0
C005891,362733.7037611008,66.9,0
C005892,333136.74853281735,63.8,0
C005893,61607.54101045417,17.7,0
C005894,34033.7224730668,15.4,0
C005895,0.0,7.0,0
C005896,729174.6746247315,82.0,1
C005897,102183.6137709248,23.0,0
C005898,190365.5806726654,37.1,0
C005899,4385987.613058278,98.2,1
C005900,5362.049483837118,14.3,0
C005901,3552410.031628245,92.5,1
C005902,352768.8982849174,66.1,0
C005903,123247.25213825093,26.3,0
C005904,247965.08362901479,48.3,0
C005905,210498.49649510387,40.9,0
C005906,145530.60064132648,29.9,0
C005907,266797.77402046334,52.4,0
C005908,609141.782526849,76.8,0
C005909,393656.5928707643,69.4,0
C005910,0.0,7.0,0
C005911,871064.607615963,87.7,1
C005912,338121.78022968,64.3,0
C005913,707682.728081315,81.1,1
C005914,667258.4553256811,79.1,0
C005915,329171.1914366046,63.2,0
C005916,58032.13356836126,17.3,0
C005917,52019.140307833586,16.7,0
C005918,195800.8529590197,38.1,0
C005919,765638.5809796536,83.6,1
C005920,248309.9842226347,48.4,0
C005921,4315677.46696836,97.8,1
C005922,64397.44785691705,17.9,0
C005923,201248.39088363832,39.1,0
C005924,174485.09276464433,34.3,0
C005925,853822.5911935532,87.2,1
C005926,167634.6642234639,33.3,0
C005927,94560.16843985963,21.9,0
C005928,0.0,7.0,0
C005929,3417271.6575128874,91.9,1
C005930,266020.9154155896,52.3,0
C005931,604350.0103211171,76.6,0
C005932,225072.1338010379,43.7,0
C005933,606944.8563340858,76.7,0
C005934,623461.5164256144,77.4,0
C005935,249494.59102387977,48.6,0
C005936,814166.8819461804,85.6,1
C005937,0.0,7.0,0
C005938,0.0,7.0,0
C005939,0.0,7.0,0
C005940,264832.8453998595,52.1,0
C005941,312417.24098432576,60.7,0
C005942,843720.641100744,86.9,1
C005943,0.0,7.0,0
C005944,10628.446506862982,14.4,0
C005945,598682.9215464595,76.4,0
C005946,4479937.309957985,98.7,1
C005947,222794.14747091054,43.2,0
C005948,172206.54712387326,34.0,0
C005949,257585.83574238236,50.4,0
C005950,104996.12469036762,23.5,0
C005951,126974.13184915343,27.0,0
C005952,158607.26830545595,31.9,0
C005953,3896264.8378648255,94.7,1
C005954,171088.31970115428,33.8,0
C005955,394181.8353299539,69.4,0
C005956,187899.36493689098,36.6,0
C005957,4348247.695344778,98.0,1
C005958,275320.11581189244,54.1,0
C005959,201660.95159982445,39.1,0
C005960,2985072.1530752415,91.0,1
C005961,593566.3504193883,76.2,0
C005962,260136.1769416573,50.9,0
C005963,0.0,7.0,0
C005964,147638.82208966935,30.2,0
C005965,855564.283704969,87.3,1
C005966,0.0,7.0,0
C005967,666126.8727057466,79.1,0
C005968,238132.65120937905,46.4,0
C005969,0.0,7.0,0
C005970,0.0,7.0,0
C005971,4239556.684883665,97.2,1
C005972,253814.83709892878,49.6,0
C005973,394617.2676473839,69.5,0
C005974,169664.7466066817,33.6,0
C005975,713607.6304084774,81.4,1
C005976,0.0,7.0,0
C005977,173858.27836086586,34.2,0
C005978,854617.3701461735,87.2,1
C005979,200389.54219594088,38.9,0
C005980,365181.20664423215,67.2,0
C005981,0.0,7.0,0
C005982,292147.14915766486,57.1,0
C005983,0.0,7.0,0
C005984,498589.0321131708,73.5,0
C005985,233620.7606023202,45.4,0
C005986,4213512.911314919,96.9,1
C005987,52221.42098970594,16.7,0
C005988,0.0,7.0,0
C005989,0.0,7.0,0
C005990,394562.96544159704,69.5,0
C005991,197627.24273293224,38.4,0
C005992,0.0,7.0,0
C005993,263194.0839428642,51.7,0
C005994,357357.59039821796,66.5,0
C005995,227758.62647239098,44.2,0
C005996,192003.1014415305,37.4,0
C005997,145676.25092895434,29.9,0
C005998,419763.092112117,70.9,0
C005999,125519.4959240579,26.7,0
C006000,0.0,7.0,0
C006001,519474.0153978501,74.1,0
C006002,577907.7255670817,75.7,0
C006003,602107.9401911802,76.5,0
C006004,4185923.8953035236,96.7,1
C006005,0.0,7.0,0
C006006,307614.4949028463,59.9,0
C006007,364359.03788716416,67.1,0
C006008,142265.87513081796,29.3,0
C006009,258949.18317904163,50.6,0
C006010,0.0,7.0,0
C006011,0.0,7.0,0
C006012,3748651.862795889,93.8,1
C006013,223287.90085045353,43.3,0
C006014,744894.1360551108,82.7,1
C006015,3060522.5914078495,91.1,1
C006016,837180.4056368081,86.6,1
C006017,0.0,7.0,0
C006018,152643.08744175112,30.9,0
C006019,236539.51700447724,46.0,0
C006020,156126.71584243167,31.5,0
C006021,473751.43889251957,72.8,0
C006022,996899.0826538077,90.2,1
C006023,162048.76501604452,32.4,0
C006024,74445.92550904091,19.2,0
C006025,188720.02545259957,36.9,0
C006026,553894.322873421,75.1,0
C006027,90981.9960201924,21.4,0
C006028,144614.69808470452,29.7,0
C006029,993436.2414300403,90.2,1
C006030,246110.33646589657,47.9,0
C006031,0.0,7.0,0
C006032,706812.4786568801,81.1,1
C006033,3475376.082043264,92.1,1
C006034,274870.9690279987,54.0,0
C006035,0.0,7.0,0
C006036,55806.88914089576,17.1,0
C006037,187159.9053575758,36.5,0
C006038,949108.3122439757,89.6,1
C006039,311115.6653242627,60.6,0
C006040,210378.43855916127,40.9,0
C006041,3721477.427228932,93.6,1
C006042,0.0,7.0,0
C006043,0.0,7.0,0
C006044,426817.4091283124,71.2,0
C006045,155332.51500528783,31.3,0
C006046,251297.19701525927,49.0,0
C006047,3665619.1155938176,93.2,1
C006048,925495.2351703385,89.2,1
C006049,297760.0203380239,58.2,0
C006050,205713.39944470784,39.9,0
C006051,418571.9491953118,70.9,0
C006052,0.0,7.0,0
C006053,738220.9580416706,82.4,1
C006054,3456613.4284643973,92.1,1
C006055,4033164.9884080123,95.7,1
C006056,672653.1328837934,79.4,0
C006057,506883.17842580564,73.7,0
C006058,0.0,7.0,0
C006059,0.0,7.0,0
C006060,271941.8680772775,53.5,0
C006061,0.0,7.0,0
C006062,940487.2999235427,89.4,1
C006063,162609.95192911028,32.5,0
C006064,147041.18288789678,30.1,0
C006065,375446.16893631406,68.0,0
C006066,179266.42704270134,35.1,0
C006067,901108.9436138266,88.6,1
C006068,749976.9065840837,82.9,1
C006069,890956.1582915585,88.3,1
C006070,176236.0235534897,34.6,0
C006071,4434062.060976027,98.4,1
C006072,4471706.729679067,98.6,1
C006073,616346.6758884427,77.1,0
C006074,0.0,7.0,0
C006075,259215.25764860702,50.7,0
C006076,0.0,7.0,0
C006077,240624.2637925787,46.8,0
C006078,3249405.136319793,91.4,1
C006079,227437.12847402997,44.2,0
C006080,329394.95572671277,63.3,0
C006081,4084747.0773472777,96.0,1
C006082,317225.94329463586,61.5,0
C006083,4113278.1841462175,96.3,1
C006084,4789209.747308916,99.6,1
C006085,98413.1184307469,22.5,0
C006086,0.0,7.0,0
C006087,608998.9272752483,76.8,0
C006088,303222.79436816124,59.2,0
C006089,126731.2203769072,26.9,0
C006090,3827667.27664211,94.3,1
C006091,690390.6599204132,80.3,1
C006092,313514.5054787705,60.9,0
C006093,165158.8938161285,32.9,0
C006094,315010.3903849414,61.2,0
C006095,269851.09782524133,53.1,0
C006096,4475693.1195234535,98.6,1
C006097,0.0,7.0,0
C006098,59331.64885145175,17.4,0
C006099,895339.2701413735,88.4,1
C006100,393904.37272091984,69.4,0
C006101,604546.7237665022,76.6,0
C006102,116517.86885030715,25.3,0
C006103,0.0,7.0,0
C006104,93911.24426797708,21.9,0
C006105,158338.05742429156,31.8,0
C006106,424468.33045522624,71.1,0
C006107,587014.3881755769,76.0,0
C006108,0.0,7.0,0
C006109,313768.40968772455,61.0,0
C006110,2985819.385916949,91.0,1
C006111,227297.43709611957,44.1,0
C006112,773896.8261159138,84.0,1
C006113,258975.52678226473,50.6,0
C006114,314762.00523054495,61.1,0
C006115,91361.8860968768,21.5,0
C006116,41657.38829379902,15.9,0
C006117,1144882.1890581136,90.7,1
C006118,125271.03806906907,26.7,0
C006119,4007713.076781194,95.5,1
C006120,4194609.25079609,96.8,1
C006121,0.0,7.0,0
C006122,213979.42505300022,41.5,0
C006123,109983.37538577453,24.2,0
C006124,3670113.9182193787,93.2,1
C006125,307401.9605328086,59.9,0
C006126,622998.5694658487,77.4,0
C006127,5007120.199123753,99.9,1
C006128,473360.90646556206,72.8,0
C006129,680416.1290685311,79.7,0
C006130,619223.3828562488,77.2,0
C006131,111637.07662444333,24.5,0
C006132,0.0,7.0,0
C006133,651860.7721229572,78.4,0
C006134,121765.09143099641,26.1,0
C006135,136365.16175909806,28.3,0
C006136,276328.5533159797,54.3,0
C006137,991577.2873276751,90.2,1
C006138,338158.61960438517,64.3,0
C006139,0.0,7.0,0
C006140,118992.40901646545,25.7,0
C006141,576070.4060706988,75.7,0
C006142,5185522.385587201,100.0,1
C006143,268701.9263151969,52.8,0
C006144,419830.30216473294,70.9,0
C006145,295029.4955091357,57.6,0
C006146,134308.09396794104,28.0,0
C006147,0.0,7.0,0
C006148,165671.4746492184,33.0,0
C006149,158538.9074539492,31.9,0
C006150,94154.11146753129,21.9,0
C006151,129808.03492377128,27.4,0
C006152,203219.49150909015,39.4,0
C006153,30128.596516644728,15.1,0
C006154,269629.10819064424,53.0,0
C006155,4272463.1398129705,97.5,1
C006156,140625.09458001627,29.0,0
C006157,3859972.1441846527,94.4,1
C006158,4616249.17096088,99.2,1
C006159,227887.09929767658,44.2,0
C006160,237924.86529777176,46.3,0
C006161,342498.74200664,64.9,0
C006162,243281.91075571132,47.3,0
C006163,200834.5488594551,39.0,0
C006164,269083.3799451812,52.9,0
C006165,264145.0324138051,51.9,0
C006166,228021.68576770826,44.2,0
C006167,108866.04759392876,24.0,0
C006168,103424.83875470648,23.2,0
C006169,229414.58918148058,44.5,0
C006170,369396.4393632476,67.5,0
C006171,247833.21850944162,48.2,0
C006172,117375.6797610092,25.5,0
C006173,230821.41265895037,44.8,0
C006174,170618.68621768616,33.7,0
C006175,243895.31078415443,47.5,0
C006176,11.701449058506116,14.1,0
C006177,258945.2372519437,50.6,0
C006178,112208.69739013213,24.6,0
C006179,159340.64619073435,32.0,0
C006180,3961606.9000269948,95.1,1
C006181,231759.3435429219,44.9,0
C006182,0.0,7.0,0
C006183,324595.9716688993,62.6,0
C006184,919000.1992793665,89.0,1
C006185,44013.183426494645,16.1,0
C006186,127148.39127135352,27.0,0
C006187,928227.6835781075,89.2,1
C006188,237075.5198477267,46.1,0
C006189,356914.3479217785,66.4,0
C006190,0.0,7.0,0
C006191,632502.1805397791,77.7,0
C006192,904883.8919790813,88.7,1
C006193,201031.22779947185,39.0,0
C006194,4627166.892113809,99.2,1
C006195,247467.2753900892,48.2,0
C006196,51834.21301139358,16.7,0
C006197,1022002.7008451793,90.4,1
C006198,173491.3233471536,34.2,0
C006199,277894.8797207763,54.6,0
C006200,281309.4218570664,55.2,0
C006201,197751.2337741897,38.4,0
C006202,180085.59524666815,35.2,0
C006203,713100.6928972404,81.4,1
C006204,712574.8155055832,81.4,1
C006205,274370.74880124757,53.9,0
C006206,45029.57281406561,16.1,0
C006207,785132.4547237211,84.5,1
C006208,3777812.0480881273,94.0,1
C006209,0.0,7.0,0
C006210,4254814.55300371,97.3,1
C006211,0.0,7.0,0
C006212,190949.7304280445,37.2,0
C006213,339102.5977165413,64.4,0
C006214,567568.4479947621,75.4,0
C006215,790291.4913648706,84.7,1
C006216,283045.9533827736,55.5,0
C006217,334121.7926635433,63.9,0
C006218,788162.174936161,84.6,1
C006219,157802.6498765189,31.7,0
C006220,199603.9977356175,38.8,0
C006221,745144.5755550893,82.7,1
C006222,400811.5319530992,69.9,0
C006223,797186.2608227795,84.9,1
C006224,0.0,7.0,0
C006225,806768.9605316075,85.3,1
C006226,0.0,7.0,0
C006227,268601.9807514533,52.8,0
C006228,250608.93657736282,48.8,0
C006229,229326.92479207722,44.5,0
C006230,136988.09048371582,28.4,0
C006231,0.0,7.0,0
C006232,90528.86118574058,21.3,0
C006233,681405.5808505988,79.8,0
C006234,0.0,7.0,0
C006235,182776.1881365072,35.7,0
C006236,207005.42602562535,40.2,0
C006237,237071.17683350277,46.1,0
C006238,0.0,7.0,0
C006239,145293.8396347702,29.8,0
C006240,0.0,7.0,0
C006241,483568.09319364664,73.1,0
C006242,4241112.854814249,97.2,1
C006243,0.0,7.0,0
C006244,453632.72182241525,72.2,0
C006245,3609955.957189336,92.8,1
C006246,139557.5894295659,28.8,0
C006247,149770.34228432178,30.5,0
C006248,110497.07072829179,24.3,0
C006249,259072.20181680165,50.6,0
C006250,104505.82773589191,23.4,0
C006251,407541.199377969,70.2,0
C006252,235922.21959706966,45.8,0
C006253,192778.45074701784,37.5,0
C006254,0.0,7.0,0
C006255,258641.40189163212,50.6,0
C006256,98432.09390933655,22.5,0
C006257,897241.6819674657,88.5,1
C006258,139172.6155219222,28.8,0
C006259,826325.7422066076,86.2,1
C006260,305376.5121912724,59.5,0
C006261,767284.4813155413,83.7,1
C006262,4317235.191950526,97.8,1
C006263,0.0,7.0,0
C006264,237116.70689071593,46.1,0
C006265,20778.08498100658,14.7,0
C006266,4375849.545336937,98.1,1
C006267,0.0,7.0,0
C006268,3804993.7706627706,94.1,1
C006269,3207906.1826440482,91.3,1
C006270,223308.25344126584,43.3,0
C006271,819623.8040928727,85.9,1
C006272,210771.0001971909,40.9,0
C006273,3054499.0417416673,91.1,1
C006274,4105321.1938213822,96.2,1
C006275,74257.10266037255,19.1,0
C006276,702947.1376849016,80.8,1
C006277,334201.91863763373,63.9,0
C006278,72968.41825325627,19.0,0
C006279,3847061.9494165466,94.3,1
C006280,73418.34139039158,19.0,0
C006281,341161.5450142177,64.7,0
C006282,251631.95393740622,49.0,0
C006283,4782998.081456458,99.6,1
C006284,0.0,7.0,0
C006285,0.0,7.0,0
C006286,282287.94068589486,55.4,0
C006287,352692.5922025315,66.0,0
C006288,266870.9592228028,52.5,0
C006289,30682.66589510737,15.2,0
C006290,0.0,7.0,0
C006291,178999.01561919853,35.1,0
C006292,178547.94710377997,35.0,0
C006293,134165.24113527694,28.0,0
C006294,613228.337884852,77.0,0
C006295,0.0,7.0,0
C006296,88752.74140590991,21.1,0
C006297,0.0,7.0,0
C006298,765932.696032661,83.7,1
C006299,263853.4816962002,51.8,0
C006300,851989.1124528777,87.2,1
C006301,56606.448083425465,17.1,0
C006302,272774.4054242238,53.6,0
C006303,853771.8887663275,87.2,1
C006304,0.0,7.0,0
C006305,3524351.6639565215,92.4,1
C006306,498771.39604986395,73.5,0
C006307,70556.41905414683,18.7,0
C006308,314340.08065820945,61.0,0
C006309,0.0,7.0,0
C006310,384774.8501780671,68.8,0
C006311,0.0,7.0,0
C006312,103491.00830760038,23.2,0
C006313,579408.8364388355,75.8,0
C006314,288200.0070266144,56.4,0
C006315,286517.6268313065,56.2,0
C006316,375877.9802602649,68.1,0
C006317,143326.4959352737,29.5,0
C006318,267055.7656045496,52.5,0
C006319,450005.19438395876,72.1,0
C006320,764963.7718994387,83.6,1
C006321,206632.90916608734,40.2,0
C006322,257574.41098495177,50.4,0
C006323,682549.5497681403,79.9,0
C006324,319808.11417911126,61.9,0
C006325,788668.5749796827,84.6,1
C006326,39177.11050829996,15.7,0
C006327,247298.49279000232,48.1,0
C006328,172048.66672136117,33.9,0
C006329,748033.8669464764,82.8,1
C006330,81325.43602209342,20.1,0
C006331,400648.70609701547,69.9,0
C006332,362225.43541097286,66.9,0
C006333,0.0,7.0,0
C006334,0.0,7.0,0
C006335,0.0,7.0,0
C006336,0.0,7.0,0
C006337,215847.1561737457,41.9,0
C006338,898621.5525064676,88.5,1
C006339,31047.206647961044,15.2,0
C006340,229184.11661125626,44.5,0
C006341,376813.97926917265,68.2,0
C006342,285890.08999998076,56.1,0
C006343,330369.739623265,63.4,0
C006344,765473.0923658925,83.6,1
C006345,428706.0324603321,71.2,0
C006346,328787.9029096353,63.2,0
C006347,0.0,7.0,0
C006348,139310.6722505957,28.8,0
C006349,0.0,7.0,0
C006350,124692.26330974816,26.6,0
C006351,280321.39669323567,55.0,0
C006352,81446.10577408072,20.1,0
C006353,243398.02540523815,47.4,0
C006354,355256.2302203686,66.3,0
C006355,186441.84940818473,36.3,0
C006356,236858.50432281708,46.1,0
C006357,191297.41390693528,37.3,0
C006358,205957.7455173941,40.0,0
C006359,188519.69463708453,36.8,0
C006360,246400.3488943077,47.9,0
C006361,232110.5037587064,45.0,0
C006362,0.0,7.0,0
C006363,738906.4768556631,82.4,1
C006364,0.0,7.0,0
C006365,49192.75277175602,16.5,0
C006366,0.0,7.0,0
C006367,656195.3273908093,78.6,0
C006368,176308.21356469882,34.6,0
C006369,152786.77376357178,30.9,0
C006370,247014.51020505762,48.1,0
C006371,4229159.956903273,97.1,1
C006372,289445.82300531917,56.6,0
C006373,0.0,7.0,0
C006374,614820.6541060476,77.0,0
C006375,612181.2517789317,76.9,0
C006376,456133.2835375403,72.3,0
C006377,246712.62699931805,48.0,0
C006378,804621.3050263013,85.2,1
C006379,195356.88836023695,38.0,0
C006380,88539.43265919664,21.1,0
C006381,241001.41604974106,46.9,0
C006382,0.0,7.0,0
C006383,0.0,7.0,0
C006384,958966.2038019032,89.8,1
C006385,295320.18782768457,57.7,0
C006386,890361.3402304748,88.3,1
C006387,705809.3204201185,81.0,1
C006388,267202.5888365564,52.5,0
C006389,0.0,7.0,0
C006390,683703.4916091315,79.9,0
C006391,301327.15355860884,58.8,0
C006392,352384.71028036095,66.0,0
C006393,616651.946862349,77.1,0
C006394,459682.41470290866,72.4,0
C006395,0.0,7.0,0
C006396,258014.5683606791,50.4,0
C006397,848605.6871585203,87.1,1
C006398,296851.8411623399,58.0,0
C006399,346299.4609110331,65.3,0
C006400,920417.8774643907,89.1,1
C006401,370693.7114432608,67.7,0
C006402,3583009.270799021,92.6,1
C006403,312851.8979626634,60.8,0
C006404,809640.63776448,85.4,1
C006405,75408.09324844151,19.3,0
C006406,102195.91874208051,23.0,0
C006407,867207.0816152733,87.6,1
C006408,0.0,7.0,0
C006409,574592.4783910838,75.6,0
C006410,3004625.383973572,91.0,1
C006411,9479.810472564894,14.4,0
C006412,81693.54172819674,20.2,0
C006413,251702.73893973764,49.1,0
C006414,179531.35584082222,35.2,0
C006415,605155.4319828317,76.7,0
C006416,103739.70008489236,23.3,0
C006417,79890.83290303835,19.9,0
C006418,236392.22397561074,45.9,0
C006419,407993.38392444624,70.2,0
C006420,159716.74572998262,32.0,0
C006421,243499.6311215572,47.4,0
C006422,37877.54291358949,15.6,0
C006423,0.0,7.0,0
C006424,4656893.240629425,99.3,1
C006425,3732961.4086845024,93.7,1
C006426,844780.2386530311,86.9,1
C006427,283136.04827832367,55.5,0
C006428,94126.69472554004,21.9,0
C006429,540914.1799630778,74.7,0
C006430,0.0,7.0,0
C006431,196830.39547276284,38.3,0
C006432,686537.2109260873,80.0,1
C006433,389574.12101657724,69.1,0
C006434,78548.13781479328,19.7,0
C006435,83220.20386375998,20.4,0
C006436,239439.87485268118,46.6,0
C006437,164444.5972011929,32.7,0
C006438,142799.64344387513,29.4,0
C006439,219573.17709074327,42.6,0
C006440,164456.7500446055,32.7,0
C006441,191414.82959473992,37.3,0
C006442,199608.51848181416,38.8,0
C006443,88542.44232294172,21.1,0
C006444,832516.1876411544,86.4,1
C006445,715939.0471327914,81.5,1
C006446,237220.15158574865,46.1,0
C006447,188000.0121888383,36.7,0
C006448,306003.9534152944,59.6,0
C006449,0.0,7.0,0
C006450,634206.0389229234,77.7,0
C006451,667420.3886763696,79.1,0
C006452,155034.79548245476,31.3,0
C006453,626760.8054291944,77.5,0
C006454,325517.8049081193,62.7,0
C006455,0.0,7.0,0
C006456,220037.1590542454,42.7,0
C006457,36747.27362259903,15.5,0
C006458,151899.82837864186,30.8,0
C006459,98751.3918093627,22.5,0
C006460,710590.4488872907,81.3,1
C006461,43660.42420757582,16.1,0
C006462,112187.98864338496,24.6,0
C006463,822709.427831998,86.0,1
C006464,222558.01411374653,43.1,0
C006465,247403.5145680952,48.2,0
C006466,794080.2032598091,84.8,1
C006467,0.0,7.0,0
C006468,159635.88719516213,32.0,0
C006469,0.0,7.0,0
C006470,0.0,7.0,0
C006471,218800.51924427119,42.4,0
C006472,189475.1134781497,37.0,0
C006473,175604.08845862112,34.5,0
C006474,943140.3405770962,89.5,1
C006475,4282972.322681595,97.5,1
C006476,26643.01094080953,15.0,0
C006477,57371.42873824782,17.2,0
C006478,477727.7757930224,72.9,0
C006479,248699.96044178933,48.4,0
C006480,143537.69969388976,29.6,0
C006481,198754.2850975312,38.7,0
C006482,111534.63768659651,24.5,0
C006483,112568.67805229613,24.7,0
C006484,237950.6458377901,46.3,0
C006485,0.0,7.0,0
C006486,352482.53062451043,66.0,0
C006487,358105.47654083755,66.6,0
C006488,4096205.1078881714,96.1,1
C006489,285019.4072768587,55.9,0
C006490,744406.4379099321,82.6,1
C006491,448328.34428101534,72.0,0
C006492,102.8071776377767,14.2,0
C006493,786724.4765375489,84.5,1
C006494,112857.73137843168,24.8,0
C006495,3120390.8291755784,91.2,1
C006496,146933.08244588485,30.1,0
C006497,224340.23060181516,43.5,0
C006498,232735.17954773645,45.1,0
C006499,274935.6060755381,54.0,0
C006500,92165.54526209418,21.6,0
C006501,241300.56934626648,46.9,0
C006502,265850.1837218032,52.2,0
C006503,169820.94488166115,33.6,0
C006504,0.0,7.0,0
C006505,4830219.401508318,99.7,1
C006506,206551.30724245484,40.1,0
C006507,11770.588858796706,14.4,0
C006508,289888.89520244655,56.7,0
C006509,0.0,7.0,0
C006510,96234.45958469596,22.2,0
C006511,592595.7738910287,76.2,0
C006512,566462.3291661561,75.4,0
C006513,119362.66708457394,25.7,0
C006514,639887.0239342959,78.0,0
C006515,0.0,7.0,0
C006516,0.0,7.0,0
C006517,291919.71997314546,57.1,0
C006518,689751.9097816448,80.2,1
C006519,246636.3863777446,48.0,0
C006520,262450.09543511906,51.5,0
C006521,397805.893588607,69.7,0
C006522,122374.61505045735,26.2,0
C006523,959094.3712172325,89.8,1
C006524,214759.19692073998,41.7,0
C006525,170136.0988918766,33.7,0
C006526,167543.96579869092,33.3,0
C006527,4317927.393818141,97.8,1
C006528,0.0,7.0,0
C006529,3891787.205322522,94.6,1
C006530,853505.1480226674,87.2,1
C006531,188644.63460743052,36.8,0
C006532,69214.4193396808,18.5,0
C006533,3300230.5225643804,91.6,1
C006534,205884.76740498643,40.0,0
C006535,763195.1089575314,83.5,1
C006536,636880.1750879897,77.8,0
C006537,0.0,7.0,0
C006538,393700.153143639,69.4,0
C006539,132205.44503629772,27.8,0
C006540,0.0,7.0,0
C006541,754019.8116192513,83.1,1
C006542,62421.01708420859,17.7,0
C006543,94783.73677581035,22.0,0
C006544,820217.785492829,85.9,1
C006545,122122.00776594298,26.2,0
C006546,3427910.4334543394,91.9,1
C006547,232342.38070667163,45.0,0
C006548,63969.96492869315,17.9,0
C006549,830080.8925250656,86.3,1
C006550,0.0,7.0,0
C006551,969139.3803783711,89.9,1
C006552,0.0,7.0,0
C006553,3973180.064777028,95.2,1
C006554,656968.1885475519,78.6,0
C006555,0.0,7.0,0
C006556,0.0,7.0,0
C006557,603933.5860166084,76.6,0
C006558,0.0,7.0,0
C006559,589836.1368977138,76.1,0
C006560,368915.99785334396,67.5,0
C006561,181032.74507197124,35.4,0
C006562,505212.97564350447,73.7,0
C006563,0.0,7.0,0
C006564,117598.96104388022,25.5,0
C006565,357046.8665432284,66.5,0
C006566,282289.2731940038,55.4,0
C006567,282049.7920290213,55.3,0
C006568,187425.58480623376,36.6,0
C006569,29842.48767730719,15.1,0
C006570,324044.2932969842,62.5,0
C006571,446713.8801003617,71.9,0
C006572,3955.997136590853,14.3,0
C006573,257911.35788652897,50.4,0
C006574,189934.12401438822,37.1,0
C006575,295927.99699346325,57.8,0
C006576,271550.9857627228,53.4,0
C006577,0.0,7.0,0
C006578,0.0,7.0,0
C006579,205005.51461754018,39.8,0
C006580,7.863490378908727,14.1,0
C006581,196225.00848073827,38.2,0
C006582,182749.14612678898,35.7,0
C006583,551579.0104278036,75.0,0
C006584,158626.92186602947,31.9,0
C006585,570923.2284530132,75.5,0
C006586,3207078.0612265537,91.3,1
C006587,213503.98945927256,41.4,0
C006588,0.0,7.0,0
C006589,158057.21160118183,31.8,0
C006590,839484.7048083484,86.7,1
C006591,220217.58568260228,42.8,0
C006592,266410.4282545942,52.4,0
C006593,0.0,7.0,0
C006594,157721.01952871052,31.7,0
C006595,124436.2363945278,26.6,0
C006596,743568.3366273335,82.6,1
C006597,849763.6389435072,87.1,1
C006598,4589696.419779061,99.1,1
C006599,224086.2319844305,43.5,0
C006600,3896312.812409818,94.7,1
C006601,493764.2833776288,73.4,0
C006602,109182.94741776664,24.1,0
C006603,721035.8928582981,81.7,1
C006604,0.0,7.0,0
C006605,786946.4200262671,84.5,1
C006606,250054.17324201373,48.7,0
C006607,562992.1478218138,75.3,0
C006608,633976.0542442842,77.7,0
C006609,4221113.810131214,97.0,1
C006610,104289.58575165116,23.4,0
C006611,444909.03951199155,71.9,0
C006612,260422.65320138235,51.0,0
C006613,531099.9744340313,74.4,0
C006614,109954.78739350736,24.2,0
C006615,799422.9817632105,85.0,1
C006616,189520.68399869435,37.0,0
C006617,266308.6373289628,52.3,0
C006618,669113.9022677772,79.2,0
C006619,890217.5445915593,88.3,1
C006620,110557.38293335385,24.3,0
C006621,772391.922798654,83.9,1
C006622,3626803.6152067315,92.9,1
C006623,137963.76239787755,28.6,0
C006624,3927970.553287749,94.9,1
C006625,0.0,7.0,0
C006626,251760.33753448448,49.1,0
C006627,417911.7295568447,70.8,0
C006628,880403.8704218095,88.0,1
C006629,376219.707472764,68.1,0
C006630,378794.6435524505,68.3,0
C006631,4880001.2640327085,99.8,1
C006632,0.0,7.0,0
C006633,193497.4919870823,37.7,0
C006634,0.0,7.0,0
C006635,663448.9742160405,78.9,0
C006636,570507.2172534614,75.5,0
C006637,105244.52301312973,23.5,0
C006638,79466.73639719762,19.8,0
C006639,225059.91324343192,43.6,0
C006640,3864146.8824142655,94.5,1
C006641,74603.34105617898,19.2,0
C006642,653643.3150848382,78.5,0
C006643,32489.9221449793,15.3,0
C006644,438470.1598026212,71.6,0
C006645,3607189.324672996,92.8,1
C006646,3141236.160218172,91.2,1
C006647,3879517.15823866,94.6,1
C006648,358895.0787740674,66.6,0
C006649,258808.2182454886,50.6,0
C006650,459796.3420236029,72.4,0
C006651,0.0,7.0,0
C006652,81968.10609769989,20.2,0
C006653,292533.8724616581,57.2,0
C006654,0.0,7.0,0
C006655,0.0,7.0,0
C006656,282398.0358799207,55.4,0
C006657,231030.61882498363,44.8,0
C006658,39975.62535961998,15.7,0
C006659,214177.8042645348,41.6,0
C006660,212116.1138020957,41.2,0
C006661,0.0,7.0,0
C006662,603830.0234920139,76.6,0
C006663,89547.8283578731,21.2,0
C006664,555392.2197233575,75.1,0
C006665,201734.76238275622,39.1,0
C006666,0.0,7.0,0
C006667,297178.4905249784,58.0,0
C006668,337564.9467499237,64.3,0
C006669,0.0,7.0,0
C006670,126190.15461886184,26.8,0
C006671,202765.92620014437,39.3,0
C006672,0.0,7.0,0
C006673,297163.89268333855,58.0,0
C006674,257164.71297180798,50.2,0
C006675,0.0,7.0,0
C006676,312555.02454113984,60.8,0
C006677,0.0,7.0,0
C006678,4562613.979551665,99.0,1
C006679,67297.75774736857,18.3,0
C006680,327238.45488282945,63.0,0
C006681,299852.24415197497,58.5,0
C006682,0.0,7.0,0
C006683,81749.41083605633,20.2,0
C006684,479296.09319599817,73.0,0
C006685,180309.95832680652,35.3,0
C006686,209812.77117019822,40.8,0
C006687,233378.19499565585,45.3,0
C006688,321937.4622761752,62.1,0
C006689,253949.82356933644,49.6,0
C006690,345710.30783220066,65.3,0
C006691,4871539.3196522035,99.8,1
C006692,0.0,7.0,0
C006693,0.0,7.0,0
C006694,112574.39490499966,24.7,0
C006695,728806.4503520648,82.0,1
C006696,193445.09071377624,37.6,0
C006697,923957.7997648485,89.1,1
C006698,68503.20568325825,18.5,0
C006699,266054.64319132775,52.3,0
C006700,658792.108290305,78.7,0
C006701,223545.3772371319,43.4,0
C006702,307968.117937124,60.0,0
C006703,510417.08713596786,73.8,0
C006704,227742.7249665837,44.2,0
C006705,250345.48420496067,48.8,0
C006706,756398.3992355643,83.2,1
C006707,96073.90977342053,22.1,0
C006708,116706.04595117013,25.4,0
C006709,726964.9464038727,81.9,1
C006710,713030.0560301626,81.4,1
C006711,335872.9740869138,64.1,0
C006712,302271.92738656676,59.0,0
C006713,391198.7026006202,69.2,0
C006714,431872.4459703501,71.4,0
C006715,67675.07303419067,18.3,0
C006716,193304.37673994905,37.6,0
C006717,0.0,7.0,0
C006718,475339.36733406637,72.9,0
C006719,256929.22744559584,50.2,0
C006720,0.0,7.0,0
C006721,197136.8902513267,38.3,0
C006722,156291.77062925434,31.5,0
C006723,815851.6255524554,85.7,1
C006724,190851.1189717543,37.2,0
C006725,187671.81161975474,36.6,0
C006726,4201613.934652714,96.8,1
C006727,1047949.6343737097,90.5,1
C006728,110537.7607600821,24.3,0
C006729,351633.30253845954,65.9,0
C006730,0.0,7.0,0
C006731,130321.27627095132,27.5,0
C006732,0.0,7.0,0
C006733,45397.45079539737,16.2,0
C006734,3442578.428409822,92.0,1
C006735,355317.51711119927,66.3,0
C006736,3697652.47591924,93.4,1
C006737,280876.9268609994,55.2,0
C006738,167031.64406813442,33.2,0
C006739,269875.91761474934,53.1,0
C006740,273711.24591903866,53.8,0
C006741,149917.9257266369,30.5,0
C006742,3290182.9484991245,91.5,1
C006743,3971707.126358761,95.2,1
C006744,4795824.830149895,99.6,1
C006745,4103548.874016427,96.2,1
C006746,216993.54872136627,42.1,0
C006747,350447.618315118,65.8,0
C006748,86714.9565340254,20.8,0
C006749,173189.39503621496,34.1,0
C006750,3956149.003803055,95.1,1
C006751,597084.3482472646,76.3,0
C006752,0.0,7.0,0
C006753,388875.44940551283,69.1,0
C006754,220970.42949672128,42.8,0
C006755,3507544.0163022378,92.3,1
C006756,154339.56707619084,31.1,0
C006757,0.0,7.0,0
C006758,207597.2756135069,40.3,0
C006759,21028.09505987899,14.7,0
C006760,3941624.4760327297,95.0,1
C006761,158775.07236449418,31.9,0
C006762,233345.35622451792,45.3,0
C006763,323456.4061562388,62.4,0
C006764,98335.33371188826,22.5,0
C006765,0.0,7.0,0
C006766,0.0,7.0,0
C006767,210029.80013377714,40.8,0
C006768,28582.667102577892,15.0,0
C006769,236661.83496071774,46.0,0
C006770,122358.6337989141,26.2,0
C006771,394563.4145399564,69.5,0
C006772,117142.8668574729,25.4,0
C006773,0.0,7.0,0
C006774,214709.69102060507,41.6,0
C006775,22282.89398468769,14.8,0
C006776,159787.1786296815,32.1,0
C006777,178551.5051175667,35.0,0
C006778,134215.49538168067,28.0,0
C006779,117290.80186906677,25.5,0
C006780,76653.94742431062,19.4,0
C006781,204526.66052439847,39.7,0
C006782,229864.6312794494,44.6,0
C006783,3366090.5735921455,91.7,1
C006784,363857.6829353145,67.0,0
C006785,371804.177676917,67.7,0
C006786,264003.8536109296,51.8,0
C006787,110529.5950030663,24.3,0
C006788,126812.38175906001,26.9,0
C006789,0.0,7.0,0
C006790,79710.44683570976,19.9,0
C006791,190794.08134661737,37.2,0
C006792,108912.57969904039,24.0,0
C006793,203303.180461483,39.4,0
C006794,186974.89687636678,36.4,0
C006795,254739.84057878127,49.8,0
C006796,0.0,7.0,0
C006797,675017.5765769491,79.5,0
C006798,225947.7577869501,43.8,0
C006799,476811.1179221371,72.9,0
C006800,216677.66896649412,42.1,0
C006801,223623.88230914768,43.4,0
C006802,143556.3771511168,29.6,0
C006803,0.0,7.0,0
C006804,171646.10961794126,33.9,0
C006805,0.0,7.0,0
C006806,448742.4994538006,72.0,0
C006807,161025.19750500747,32.3,0
C006808,284570.3413314065,55.8,0
C006809,85079.37793935862,20.6,0
C006810,526021.153334646,74.3,0
C006811,677687.767599371,79.6,0
C006812,190980.4567197234,37.2,0
C006813,1033297.958696078,90.5,1
C006814,52811.43542835682,16.8,0
C006815,865074.2829825928,87.5,1
C006816,206584.81503332872,40.1,0
C006817,820793.6540531424,85.9,1
C006818,737221.2796430123,82.3,1
C006819,186498.15977098653,36.4,0
C006820,144251.05859092856,29.7,0
C006821,225395.90876081283,43.7,0
C006822,0.0,7.0,0
C006823,4756140.439378811,99.5,1
C006824,293699.5217991408,57.5,0
C006825,245479.0025702845,47.7,0
C006826,4526042.97161516,98.9,1
C006827,0.0,7.0,0
C006828,172727.12166870423,34.0,0
C006829,0.0,7.0,0
C006830,212459.46159593953,41.3,0
C006831,266185.16851763276,52.3,0
C006832,662658.4881145009,78.8,0
C006833,310240.25697957084,60.4,0
C006834,87692.93766219544,21.0,0
C006835,819057.8275376773,85.8,1
C006836,3766796.27645409,93.9,1
C006837,293568.58835565276,57.4,0
C006838,223181.99761375375,43.3,0
C006839,300518.47507527255,58.6,0
C006840,0.0,7.0,0
C006841,345701.77085532894,65.3,0
C006842,90042.65248534612,21.3,0
C006843,273204.0051066383,53.7,0
C006844,0.0,7.0,0
C006845,3731454.1466041883,93.7,1
C006846,818254.760005458,85.8,1
C006847,42352.55958565371,15.9,0
C006848,798447.8162734006,85.0,1
C006849,174182.37678905734,34.3,0
C006850,0.0,7.0,0
C006851,0.0,7.0,0
C006852,57414.634738769106,17.2,0
C006853,349754.06761178264,65.7,0
C006854,622211.3907807214,77.3,0
C006855,232609.92296294664,45.1,0
C006856,652757.4427842055,78.4,0
C006857,239311.71936086298,46.6,0
C006858,866948.3905146008,87.6,1
C006859,666405.8694104227,79.1,0
C006860,878226.6496630866,88.0,1
C006861,151592.0753673999,30.8,0
C006862,3509969.4988875124,92.3,1
C006863,0.0,7.0,0
C006864,300627.2527409388,58.7,0
C006865,0.0,7.0,0
C006866,215989.8141096267,42.0,0
C006867,3613340.9547220003,92.8,1
C006868,0.0,7.0,0
C006869,401593.43949095276,69.9,0
C006870,452135.53789837146,72.1,0
C006871,205473.35934990444,39.9,0
C006872,0.0,7.0,0
C006873,272565.06605973805,53.6,0
C006874,774727.1503015355,84.0,1
C006875,261119.8655491123,51.2,0
C006876,4397674.488438081,98.3,1
C006877,89569.07187814335,21.2,0
C006878,347945.0373544287,65.5,0
C006879,965495.2220082483,89.9,1
C006880,3685124.8533116593,93.3,1
C006881,0.0,7.0,0
C006882,269006.1331639868,52.9,0
C006883,42125.529368532654,15.9,0
C006884,107316.32182974565,23.8,0
C006885,440511.9997789429,71.7,0
C006886,155062.77716004095,31.3,0
C006887,541075.0444151561,74.7,0
C006888,206543.60193326138,40.1,0
C006889,288897.78700005525,56.5,0
C006890,149859.6316792871,30.5,0
C006891,166143.79206756118,33.1,0
C006892,4176722.8817170933,96.6,1
C006893,947546.1987677258,89.6,1
C006894,179001.57333381323,35.1,0
C006895,54705.69862327433,17.0,0
C006896,356916.32308596116,66.4,0
C006897,4212736.697496222,96.9,1
C006898,231698.159023785,44.9,0
C006899,184906.97741066242,36.1,0
C006900,113204.08446793628,24.8,0
C006901,264837.8621702945,52.1,0
C006902,178096.93260152783,34.9,0
C006903,116860.28618638086,25.4,0
C006904,140047.38917036832,28.9,0
C006905,84306.84660475943,20.5,0
C006906,0.0,7.0,0
C006907,0.0,7.0,0
C006908,189621.5602694544,37.0,0
C006909,192481.6449262089,37.4,0
C006910,129265.92489175158,27.3,0
C006911,383887.70661650226,68.8,0
C006912,86255.34908249821,20.7,0
C006913,175239.2709281958,34.4,0
C006914,83666.84727080047,20.4,0
C006915,277869.3803184815,54.6,0
C006916,235582.17234061824,45.7,0
C006917,330399.7468627914,63.4,0
C006918,820202.1802356581,85.9,1
C006919,575319.7431036077,75.7,0
C006920,0.0,7.0,0
C006921,0.0,7.0,0
C006922,211794.80490723555,41.1,0
C006923,353944.6150252283,66.2,0
C006924,239835.80297548143,46.7,0
C006925,302360.41721689195,59.0,0
C006926,571159.0272426357,75.6,0
C006927,0.0,7.0,0
C006928,248177.3562753638,48.4,0
C006929,409356.22062189184,70.3,0
C006930,714629.6770445715,81.5,1
C006931,0.0,7.0,0
C006932,233164.62699370764,45.2,0
C006933,118708.41984748987,25.6,0
C006934,388310.70076469873,69.0,0
C006935,140706.04470960732,29.0,0
C006936,139309.19036794265,28.8,0
C006937,402168.1668267594,70.0,0
C006938,4852442.889546932,99.7,1
C006939,605968.0625513887,76.7,0
C006940,76392.63887691831,19.4,0
C006941,164517.91492555622,32.7,0
C006942,326954.48863554664,62.9,0
C006943,113083.03084656871,24.8,0
C006944,313505.82626393193,60.9,0
C006945,141671.14085077346,29.3,0
C006946,0.0,7.0,0
C006947,0.0,7.0,0
C006948,0.0,7.0,0
C006949,230756.44068295855,44.7,0
C006950,311116.5714554066,60.6,0
C006951,199717.22702537559,38.8,0
C006952,873515.8894333388,87.8,1
C006953,0.0,7.0,0
C006954,90767.67102267951,21.4,0
C006955,69529.2339489408,18.6,0
C006956,665281.6956802132,79.0,0
C006957,0.0,7.0,0
C006958,167882.35826592092,33.3,0
C006959,126564.63536706171,26.9,0
C006960,151585.40844186826,30.8,0
C006961,966893.2453399254,89.9,1
C006962,206640.34257862624,40.2,0
C006963,263924.0521608703,51.8,0
C006964,3784816.5706337905,94.0,1
C006965,273131.20439421147,53.7,0
C006966,117053.71615396575,25.4,0
C006967,905635.7987008201,88.7,1
C006968,61699.07819674549,17.7,0
C006969,238162.4235602085,46.4,0
C006970,99728.9943595488,22.7,0
C006971,286471.8317542594,56.2,0
C006972,575357.3957285327,75.7,0
C006973,310555.4417771107,60.5,0
C006974,0.0,7.0,0
C006975,4022816.164281515,95.6,1
C006976,177229.28326662577,34.7,0
C006977,597481.2280628788,76.3,0
C006978,0.0,7.0,0
C006979,30618.102961836834,15.2,0
C006980,0.0,7.0,0
C006981,0.0,7.0,0
C006982,839436.330942049,86.7,1
C006983,0.0,7.0,0
C006984,227116.48773312414,44.1,0
C006985,436046.7537234987,71.5,0
C006986,360976.38954622886,66.8,0
C006987,3395517.7863830333,91.8,1
C006988,3871713.3451536247,94.5,1
C006989,3623473.8446406107,92.9,1
C006990,661730.1678318363,78.8,0
C006991,804396.7116261141,85.2,1
C006992,182371.38686286443,35.6,0
C006993,146166.8247823735,30.0,0
C006994,57787.8757936756,17.2,0
C006995,0.0,7.0,0
C006996,18223.698722744317,14.6,0
C006997,186689.8698699476,36.4,0
C006998,0.0,7.0,0
C006999,0.0,7.0,0
C007000,131679.8389166929,27.7,0
C007001,350270.5229135499,65.8,0
C007002,0.0,7.0,0
C007003,295356.9064899395,57.7,0
C007004,21927.70110003283,14.8,0
C007005,254354.64149505907,49.7,0
C007006,90118.07132571687,21.3,0
C007007,3560977.1590178777,92.5,1
C007008,4492531.852631957,98.7,1
C007009,335207.414005933,64.0,0
C007010,4085381.947442905,96.0,1
C007011,285307.0120459538,55.9,0
C007012,3736552.863570088,93.7,1
C007013,0.0,7.0,0
C007014,486379.2275748312,73.2,0
C007015,0.0,7.0,0
C007016,336390.3858279142,64.2,0
C007017,4591474.554593898,99.1,1
C007018,4180942.5154388193,96.7,1
C007019,235702.45290836727,45.8,0
C007020,334321.30662330246,63.9,0
C007021,250266.5704455067,48.8,0
C007022,289090.19208172464,56.6,0
C007023,212440.01278064412,41.3,0
C007024,850241.6925486522,87.1,1
C007025,345786.7304204055,65.3,0
C007026,0.0,7.0,0
C007027,570329.6052827836,75.5,0
C007028,433197.11289822985,71.4,0
C007029,203160.9335365668,39.4,0
C007030,3763579.794912679,93.9,1
C007031,627246.9278339272,77.5,0
C007032,723881.1634800925,81.8,1
C007033,499442.59041942237,73.6,0
C007034,973637.9641790678,90.0,1
C007035,91196.90548420079,21.5,0
C007036,844443.7874324672,86.9,1
C007037,0.0,7.0,0
C007038,112523.8847032306,24.7,0
C007039,311837.12646108173,60.7,0
C007040,524178.1798305392,74.2,0
C007041,599082.0163493865,76.4,0
C007042,4297888.731799639,97.6,1
C007043,583598.2944115928,75.9,0
C007044,198973.75766293565,38.7,0
C007045,270228.9679929656,53.1,0
C007046,52452.34772859173,16.8,0
C007047,248205.48347700544,48.4,0
C007048,292273.67171104206,57.2,0
C007049,824812.4755599969,86.1,1
C007050,0.0,7.0,0
C007051,829101.6631349423,86.3,1
C007052,0.0,7.0,0
C007053,196595.08295650157,38.2,0
C007054,779155.4125864481,84.2,1
C007055,244811.35690161271,47.6,0
C007056,311461.32468591107,60.6,0
C007057,948783.6337071579,89.6,1
C007058,226919.15848398625,44.0,0
C007059,313948.2146482536,61.0,0
C007060,855618.5903567752,87.3,1
C007061,4323557.979992373,97.8,1
C007062,711711.4992780262,81.3,1
C007063,3699360.0508889924,93.4,1
C007064,256377.2773379048,50.1,0
C007065,0.0,7.0,0
C007066,0.0,7.0,0
C007067,304573.17570821184,59.4,0
C007068,236216.99482880151,45.9,0
C007069,101939.58107880935,23.0,0
C007070,247894.5575029281,48.3,0
C007071,541076.2457627985,74.7,0
C007072,230421.60970687168,44.7,0
C007073,366375.88733219064,67.3,0
C007074,103704.88346177779,23.3,0
C007075,204984.8185639503,39.8,0
C007076,674719.9495567695,79.5,0
C007077,257585.90337644005,50.4,0
C007078,512108.5095634422,73.9,0
C007079,259802.13422696947,50.8,0
C007080,80088.58819408965,20.0,0
C007081,0.0,7.0,0
C007082,0.0,7.0,0
C007083,957347.4966449637,89.8,1
C007084,105668.80582673522,23.6,0
C007085,0.0,7.0,0
C007086,50329.80039721212,16.6,0
C007087,0.0,7.0,0
C007088,809666.6618162391,85.4,1
C007089,71717.02267907896,18.9,0
C007090,225846.83589502715,43.8,0
C007091,325495.5352181492,62.7,0
C007092,67910.94499336986,18.4,0
C007093,0.0,7.0,0
C007094,166283.91051417758,33.1,0
C007095,413264.8734426214,70.6,0
C007096,192417.13853360034,37.4,0
C007097,221745.81335600556,43.0,0
C007098,997717.0355734471,90.2,1
C007099,3404311.3589898963,91.8,1
C007100,262303.091905511,51.4,0
C007101,564955.8536021397,75.3,0
C007102,368375.69538628304,67.4,0
C007103,3661616.8048141445,93.1,1
C007104,847817.6884945345,87.0,1
C007105,4318984.314313893,97.8,1
C007106,406777.81604124623,70.2,0
C007107,245382.59283544272,47.7,0
C007108,0.0,7.0,0
C007109,89709.60467627269,21.2,0
C007110,302886.0987718956,59.1,0
C007111,247916.73234312914,48.3,0
C007112,281079.6716242618,55.2,0
C007113,483495.0892492492,73.1,0
C007114,0.0,7.0,0
C007115,326349.5617806628,62.8,0
C007116,166722.8568240164,33.1,0
C007117,247886.63002773694,48.2,0
C007118,611099.0319767566,76.9,0
C007119,370350.89573886775,67.6,0
C007120,206359.3741811457,40.1,0
C007121,3762739.577335017,93.9,1
C007122,254465.82371371263,49.7,0
C007123,501844.282386606,73.6,0
C007124,859512.6617977296,87.4,1
C007125,361580.5015481301,66.8,0
C007126,172404.10731810975,34.0,0
C007127,26071.30711550009,14.9,0
C007128,203110.85614745674,39.4,0
C007129,323691.74279430346,62.4,0
C007130,267926.67144593975,52.6,0
C007131,249611.19530531098,48.6,0
C007132,613678.2206495052,77.0,0
C007133,184281.16610011872,35.9,0
C007134,0.0,7.0,0
C007135,338675.0758539177,64.4,0
C007136,503642.23824923777,73.7,0
C007137,111463.27794372226,24.5,0
C007138,57992.94244990788,17.3,0
C007139,795925.7606591899,84.9,1
C007140,314562.4351139911,61.1,0
C007141,0.0,7.0,0
C007142,111924.4082683573,24.6,0
C007143,4792664.873579897,99.6,1
C007144,320680.8778592046,62.0,0
C007145,69145.07575759589,18.5,0
C007146,260812.2991135523,51.1,0
C007147,61488.84605864085,17.6,0
C007148,0.0,7.0,0
C007149,324888.8419837911,62.6,0
C007150,342715.1087245774,64.9,0
C007151,0.0,7.0,0
C007152,336759.63136379083,64.2,0
C007153,363469.7678221713,67.0,0
C007154,89747.05189196579,21.2,0
C007155,70699.02473405388,18.8,0
C007156,331196.0949946926,63.5,0
C007157,0.0,7.0,0
C007158,499391.5608769405,73.6,0
C007159,0.0,7.0,0
C007160,154603.46349668907,31.2,0
C007161,181204.37987471098,35.5,0
C007162,141504.67363250727,29.2,0
C007163,0.0,7.0,0
C007164,381001.54019628913,68.5,0
C007165,226075.14187633278,43.9,0
C007166,40475.97549195474,15.8,0
C007167,739879.4868497105,82.5,1
C007168,293678.7607374978,57.4,0
C007169,67799.63200504398,18.4,0
C007170,246598.4035725222,48.0,0
C007171,184531.01021670428,36.0,0
C007172,0.0,7.0,0
C007173,120390.90792717105,25.9,0
C007174,88798.92795447691,21.1,0
C007175,4670070.834857525,99.3,1
C007176,835575.1118032647,86.5,1
C007177,359908.5331337599,66.7,0
C007178,116318.25600053632,25.3,0
C007179,131884.03890518355,27.7,0
C007180,869527.859869551,87.6,1
C007181,234291.6216600709,45.5,0
C007182,364188.3190409268,67.1,0
C007183,243116.20713861508,47.3,0
C007184,3918006.753763506,94.8,1
C007185,0.0,7.0,0
C007186,639233.5038470845,77.9,0
C007187,183383.5995911138,35.8,0
C007188,938408.728967758,89.4,1
C007189,223084.40113771954,43.2,0
C007190,425613.4341317725,71.2,0
C007191,619820.1210851802,77.2,0
C007192,195558.83740352225,38.0,0
C007193,250909.68997612462,48.9,0
C007194,124573.55150048718,26.6,0
C007195,172663.351638841,34.0,0
C007196,261045.2326930212,51.1,0
C007197,390121.59652851004,69.2,0
C007198,0.0,7.0,0
C007199,212427.81590533748,41.2,0
C007200,120757.54646702358,26.0,0
C007201,286564.9100373299,56.2,0
C007202,4226085.397611874,97.0,1
C007203,405481.1517675921,70.1,0
C007204,102387.47870340712,23.1,0
C007205,251286.86758477698,49.0,0
C007206,161526.12583636725,32.4,0
C007207,3730742.968599914,93.7,1
C007208,559533.886059237,75.2,0
C007209,268975.99718933523,52.9,0
C007210,302811.21897498774,59.1,0
C007211,109197.2625869308,24.1,0
C007212,326872.2499987836,62.9,0
C007213,341725.35749765544,64.8,0
C007214,0.0,7.0,0
C007215,4313927.679385939,97.7,1
C007216,165772.42772744482,33.0,0
C007217,142049.87240756018,29.3,0
C007218,477171.3062298252,72.9,0
C007219,970817.0995281844,90.0,1
C007220,882886.5861540881,88.1,1
C007221,709777.7054831102,81.2,1
C007222,238907.40156386662,46.5,0
C007223,614761.2998769706,77.0,0
C007224,283301.0476290461,55.6,0
C007225,898234.8982820836,88.5,1
C007226,3517828.7618064275,92.3,1
C007227,175694.6066684097,34.5,0
C007228,728672.5925656398,82.0,1
C007229,224992.39320787688,43.6,0
C007230,195114.63525987472,37.9,0
C007231,1027169.7783162233,90.4,1
C007232,812438.4006774504,85.5,1
C007233,183321.26741747587,35.8,0
C007234,475917.75766802614,72.9,0
C007235,62985.70481897041,17.8,0
C007236,93748.66338618973,21.8,0
C007237,349306.6002345193,65.7,0
C007238,277514.6701637993,54.5,0
C007239,0.0,7.0,0
C007240,335351.15534784057,64.0,0
C007241,676539.435782921,79.6,0
C007242,0.0,7.0,0
C007243,0.0,7.0,0
C007244,201490.79523742033,39.1,0
C007245,117332.31136102189,25.5,0
C007246,0.0,7.0,0
C007247,30104.2995384878,15.1,0
C007248,0.0,7.0,0
C007249,0.0,7.0,0
C007250,386205.6501833147,68.9,0
C007251,243348.24441154615,47.4,0
C007252,97207.11297220127,22.3,0
C007253,318241.5582269242,61.7,0
C007254,356197.70808500535,66.4,0
C007255,3383888.0167156123,91.8,1
C007256,157328.22703369282,31.7,0
C007257,0.0,7.0,0
C007258,0.0,7.0,0
C007259,3897809.097308844,94.7,1
C007260,146454.99036044301,30.1,0
C007261,62779.301054355776,17.8,0
C007262,234678.14714717626,45.6,0
C007263,8993.58538932565,14.4,0
C007264,217550.17662832866,42.2,0
C007265,3712683.205247147,93.5,1
C007266,215459.4577014668,41.8,0
C007267,461286.9500417642,72.4,0
C007268,232765.73117189715,45.1,0
C007269,203661.13165011114,39.5,0
C007270,204228.93996987198,39.6,0
C007271,124027.41594496185,26.5,0
C007272,4661979.396053661,99.3,1
C007273,643752.1739064436,78.1,0
C007274,100213.58878482596,22.7,0
C007275,91552.241849551,21.6,0
C007276,0.0,7.0,0
C007277,178988.00984148143,35.0,0
C007278,191511.48203932607,37.4,0
C007279,0.0,7.0,0
C007280,33404.066291059324,15.4,0
C007281,3424768.9680574033,91.9,1
C007282,312583.7812342751,60.8,0
C007283,713554.4506586377,81.4,1
C007284,304825.0326480275,59.5,0
C007285,127219.69237921933,27.0,0
C007286,54775.28007839377,17.0,0
C007287,822166.3556587121,86.0,1
C007288,263404.4516607144,51.7,0
C007289,968143.5339145202,89.9,1
C007290,300805.6846468676,58.7,0
C007291,264014.60310632444,51.8,0
C007292,130216.54432591629,27.5,0
C007293,88144.76973276905,21.0,0
C007294,266441.0815042403,52.4,0
C007295,238529.27674669065,46.4,0
C007296,287053.9944338982,56.3,0
C007297,2929820.3346769162,90.9,1
C007298,225353.0399039202,43.7,0
C007299,100055.2259543602,22.7,0
C007300,148847.89316942423,30.4,0
C007301,221401.23056789307,42.9,0
C007302,0.0,7.0,0
C007303,78682.09934624011,19.7,0
C007304,177921.2114737083,34.8,0
C007305,266367.52535111713,52.4,0
C007306,3686781.817059421,93.3,1
C007307,0.0,7.0,0
C007308,785784.944117446,84.5,1
C007309,270699.3387154332,53.2,0
C007310,120163.05817242996,25.9,0
C007311,859595.1239631401,87.4,1
C007312,221531.81248814106,43.0,0
C007313,289195.2568242272,56.6,0
C007314,258450.51030551424,50.5,0
C007315,0.0,7.0,0
C007316,291985.06352546054,57.1,0
C007317,25046.03940309808,14.9,0
C007318,269024.9049267482,52.9,0
C007319,256692.07900483283,50.1,0
C007320,3857847.406524913,94.4,1
C007321,3750110.0112568266,93.8,1
C007322,257163.99964660726,50.2,0
C007323,0.0,7.0,0
C007324,52776.62760498644,16.8,0
C007325,214199.5790941112,41.6,0
C007326,316112.792740237,61.3,0
C007327,209440.8175088729,40.7,0
C007328,550849.8814982096,75.0,0
C007329,0.0,7.0,0
C007330,0.0,7.0,0
C007331,325522.32241983316,62.7,0
C007332,173719.2330605534,34.2,0
C007333,317481.324240923,61.5,0
C007334,327841.5830170312,63.0,0
C007335,286228.86272161093,56.1,0
C007336,372471.71860226715,67.8,0
C007337,230450.2754400497,44.7,0
C007338,451729.9254072796,72.1,0
C007339,0.0,7.0,0
C007340,0.0,7.0,0
C007341,937375.350145934,89.4,1
C007342,0.0,7.0,0
C007343,4016590.2347498713,95.5,1
C007344,262905.3216282739,51.6,0
C007345,205976.53779562737,40.0,0
C007346,219121.6176198218,42.5,0
C007347,204044.68684583344,39.5,0
C007348,697075.3593677329,80.6,1
C007349,686514.7943036905,80.0,1
C007350,3273858.865233675,91.5,1
C007351,982014.5239887112,90.1,1
C007352,271165.5459653866,53.3,0
C007353,320019.37802956125,61.9,0
C007354,191036.24443064045,37.3,0
C007355,186281.24173648783,36.3,0
C007356,75456.82037179357,19.3,0
C007357,598280.8934002119,76.4,0
C007358,882484.2434096948,88.1,1
C007359,441475.8882543299,71.7,0
C007360,294172.65495166345,57.5,0
C007361,0.0,7.0,0
C007362,203507.2654518858,39.4,0
C007363,0.0,7.0,0
C007364,971140.0044599649,90.0,1
C007365,3028268.3634233163,91.1,1
C007366,687767.2150968588,80.1,1
C007367,139479.8872732557,28.8,0
C007368,206252.41735407035,40.0,0
C007369,0.0,7.0,0
C007370,415941.5171474776,70.7,0
C007371,105327.14138470626,23.5,0
C007372,362941.97752456524,67.0,0
C007373,69012.97309496503,18.5,0
C007374,0.0,7.0,0
C007375,809598.7776502512,85.4,1
C007376,4169051.058688569,96.6,1
C007377,144124.89335780696,29.7,0
C007378,225241.30652571245,43.7,0
C007379,0.0,7.0,0
C007380,277970.00536925904,54.6,0
C007381,0.0,7.0,0
C007382,226116.14988022594,43.9,0
C007383,4721176.612881397,99.4,1
C007384,741859.4054974765,82.5,1
C007385,123239.04543578927,26.3,0
C007386,259349.8465348884,50.7,0
C007387,650270.0999710024,78.3,0
C007388,4052075.412306096,95.8,1
C007389,945002.5600801761,89.5,1
C007390,663379.2689117012,78.9,0
C007391,4628071.128139927,99.2,1
C007392,72544.95057471549,18.9,0
C007393,0.0,7.0,0
C007394,0.0,7.0,0
C007395,238333.87629096027,46.4,0
C007396,258977.93695727774,50.6,0
C007397,322611.46043616196,62.3,0
C007398,337239.68454165984,64.2,0
C007399,143076.73128284112,29.5,0
C007400,224704.35757501985,43.6,0
C007401,598467.6417372185,76.4,0
C007402,245173.70027880865,47.7,0
C007403,166953.49665219846,33.2,0
C007404,229498.05012978264,44.5,0
C007405,3704878.4445406166,93.4,1
C007406,151175.39904765377,30.7,0
C007407,230016.90420029327,44.6,0
C007408,107009.45531751752,23.8,0
C007409,901486.0599398237,88.6,1
C007410,0.0,7.0,0
C007411,45282.94435827182,16.2,0
C007412,4179214.254733074,96.6,1
C007413,236318.76081872437,45.9,0
C007414,0.0,7.0,0
C007415,0.0,7.0,0
C007416,897838.6141834409,88.5,1
C007417,99364.67984519957,22.6,0
C007418,283194.21813132777,55.5,0
C007419,59660.77582195348,17.4,0
C007420,701115.2989325183,80.8,1
C007421,907555.8081056303,88.7,1
C007422,672177.0921287887,79.3,0
C007423,0.0,7.0,0
C007424,0.0,7.0,0
C007425,844509.2816455801,86.9,1
C007426,294584.0214464843,57.5,0
C007427,820843.091914398,85.9,1
C007428,381182.74121731,68.5,0
C007429,415708.0884840634,70.7,0
C007430,0.0,7.0,0
C007431,244199.0968753485,47.5,0
C007432,160607.5663182321,32.2,0
C007433,381019.3233465554,68.5,0
C007434,4060730.051553939,95.9,1
C007435,116795.60603922496,25.4,0
C007436,3976497.4466593917,95.3,1
C007437,382281.5913055987,68.6,0
C007438,754255.6868772119,83.1,1
C007439,0.0,7.0,0
C007440,290203.6615614087,56.8,0
C007441,0.0,7.0,0
C007442,90982.66521890977,21.4,0
C007443,473963.6543614793,72.8,0
C007444,3024972.8442180436,91.1,1
C007445,179334.17454183986,35.1,0
C007446,378576.97482961114,68.3,0
C007447,285529.33923759207,56.0,0
C007448,94680.10197504667,21.9,0
C007449,95644.27220869601,22.1,0
C007450,338231.71720639296,64.4,0
C007451,242891.7813302749,47.2,0
C007452,0.0,7.0,0
C007453,0.0,7.0,0
C007454,150677.17768319437,30.6,0
C007455,255493.01470643783,49.9,0
C007456,0.0,7.0,0
C007457,0.0,7.0,0
C007458,638805.654602941,77.9,0
C007459,486301.35040793865,73.2,0
C007460,221547.41787154294,43.0,0
C007461,29425.931944274693,15.0,0
C007462,4053473.277032947,95.8,1
C007463,170511.43800912617,33.7,0
C007464,197063.76026305114,38.3,0
C007465,3897435.378889487,94.7,1
C007466,887933.0579317498,88.3,1
C007467,985984.2460749855,90.1,1
C007468,52371.26547358687,16.7,0
C007469,462707.71084903687,72.5,0
C007470,677149.0598276663,79.6,0
C007471,0.0,7.0,0
C007472,135102.93969728507,28.1,0
C007473,215352.2460008365,41.8,0
C007474,0.0,7.0,0
C007475,395511.0425701252,69.6,0
C007476,279914.0250348486,55.0,0
C007477,662369.0727927537,78.8,0
C007478,320959.78612870665,62.0,0
C007479,0.0,7.0,0
C007480,176906.2621395166,34.7,0
C007481,248111.10988476544,48.3,0
C007482,376791.8530980039,68.2,0
C007483,0.0,7.0,0
C007484,946954.1805084588,89.6,1
C007485,108946.31404998904,24.0,0
C007486,641350.0005672721,78.0,0
C007487,1529209.3425187748,90.7,1
C007488,769506.3077049119,83.8,1
C007489,3620438.1656254306,92.9,1
C007490,257093.5313992775,50.2,0
C007491,345100.8908363618,65.2,0
C007492,76600.48554221906,19.4,0
C007493,718368.7682082455,81.6,1
C007494,228706.94390782184,44.4,0
C007495,0.0,7.0,0
C007496,243183.2143678052,47.3,0
C007497,256994.48544494098,50.2,0
C007498,0.0,7.0,0
C007499,3853662.211979397,94.4,1
C007500,357060.6236617105,66.5,0
C007501,119036.46870835492,25.7,0
C007502,553179.1138279571,75.0,0
C007503,22535.684713703286,14.8,0
C007504,363423.7679897072,67.0,0
C007505,60566.65133192699,17.5,0
C007506,253316.09369820615,49.5,0
C007507,166772.21858572942,33.1,0
C007508,5.655625717137997,14.1,0
C007509,289900.90504636423,56.7,0
C007510,290615.17363158416,56.8,0
C007511,437660.020183935,71.6,0
C007512,4544874.431623248,99.0,1
C007513,275629.6868316218,54.2,0
C007514,0.0,7.0,0
C007515,276833.5086944753,54.4,0
C007516,253529.36472195204,49.5,0
C007517,298106.4060618012,58.2,0
C007518,217875.74894390293,42.3,0
C007519,3640756.888827524,93.0,1
C007520,4269785.319776952,97.4,1
C007521,246050.4307263241,47.9,0
C007522,298891.51806685707,58.3,0
C007523,837562.6758263881,86.6,1
C007524,871769.4166633,87.8,1
C007525,616469.7690039517,77.1,0
C007526,266345.9868328477,52.3,0
C007527,79613.59079702175,19.9,0
C007528,0.0,7.0,0
C007529,678634.7998737055,79.7,0
C007530,384847.2100846513,68.8,0
C007531,3199349.3975185724,91.3,1
C007532,38040.310354732894,15.6,0
C007533,4667012.593959523,99.3,1
C007534,0.0,7.0,0
C007535,61685.9593904982,17.7,0
C007536,127564.47808492286,27.1,0
C007537,0.0,7.0,0
C007538,690689.1117831167,80.3,1
C007539,737298.2401866373,82.4,1
C007540,0.0,7.0,0
C007541,331060.323762622,63.5,0
C007542,0.0,7.0,0
C007543,165372.52680973572,32.9,0
C007544,322277.3995979685,62.2,0
C007545,299321.54315632285,58.4,0
C007546,237618.24769526836,46.3,0
C007547,3271256.865937539,91.5,1
C007548,969172.0414369174,90.0,1
C007549,3075898.8484540223,91.1,1
C007550,175852.76885589512,34.5,0
C007551,60682.83954387266,17.5,0
C007552,790019.6850165913,84.6,1
C007553,754605.27200032,83.2,1
C007554,272676.9758198504,53.6,0
C007555,200743.77907446693,39.0,0
C007556,763907.6302286434,83.6,1
C007557,0.0,7.0,0
C007558,186361.30627969094,36.3,0
C007559,64886.126625833946,18.0,0
C007560,267551.99281038134,52.6,0
C007561,947465.4676282882,89.6,1
C007562,882122.141184569,88.1,1
C007563,0.0,7.0,0
C007564,794878.3852118418,84.8,1
C007565,278787.00787736103,54.7,0
C007566,3632396.345671599,93.0,1
C007567,217351.2538087097,42.2,0
C007568,237918.52704348243,46.3,0
C007569,268002.9044323758,52.6,0
C007570,554080.7929446091,75.1,0
C007571,293297.0147435952,57.4,0
C007572,4418631.880153398,98.4,1
C007573,237545.61895197188,46.2,0
C007574,4344104.200381476,97.9,1
C007575,151110.86394857327,30.7,0
C007576,172577.37469859156,34.0,0
C007577,3467747.8660998708,92.1,1
C007578,2973832.6504568066,91.0,1
C007579,145453.62429098066,29.9,0
C007580,786519.5312223232,84.5,1
C007581,0.0,7.0,0
C007582,704362.1533033643,81.0,1
C007583,0.0,7.0,0
C007584,345787.04648833926,65.3,0
C007585,308468.8923054132,60.1,0
C007586,843193.2843114027,86.9,1
C007587,79722.23178378232,19.9,0
C007588,169996.01838921173,33.6,0
C007589,0.0,7.0,0
C007590,249665.52754281656,48.7,0
C007591,350509.3090639612,65.8,0
C007592,0.0,7.0,0
C007593,141481.5943380597,29.2,0
C007594,407335.59680685925,70.2,0
C007595,0.0,7.0,0
C007596,646859.9367723613,78.2,0
C007597,0.0,7.0,0
C007598,237444.62222217227,46.2,0
C007599,351387.60346808477,65.9,0
C007600,415233.8216675132,70.7,0
C007601,269221.73588365765,52.9,0
C007602,223189.12406829305,43.3,0
C007603,299763.484767196,58.5,0
C007604,222204.35777383242,43.1,0
C007605,65093.64388254424,18.0,0
C007606,141907.52943386164,29.3,0
C007607,3570923.9102762686,92.6,1
C007608,227027.60056195734,44.1,0
C007609,0.0,7.0,0
C007610,0.0,7.0,0
C007611,155821.83108960197,31.4,0
C007612,300017.5734002865,58.5,0
C007613,204922.6769987348,39.8,0
C007614,196056.33933648482,38.1,0
C007615,100253.3638502921,22.8,0
C007616,693111.2227478026,80.4,1
C007617,0.0,7.0,0
C007618,97748.32700926282,22.4,0
C007619,92240.94175541765,21.6,0
C007620,315557.03457012784,61.2,0
C007621,0.0,7.0,0
C007622,511561.19024165167,73.9,0
C007623,565249.2533802604,75.4,0
C007624,193331.34653803342,37.6,0
C007625,4035290.9399423664,95.7,1
C007626,125161.22361408442,26.7,0
C007627,297379.7358310803,58.1,0
C007628,10875.13033611628,14.4,0
C007629,0.0,7.0,0
C007630,143745.3801089912,29.6,0
C007631,71606.33700486692,18.9,0
C007632,303880.2642700381,59.3,0
C007633,280470.5536530486,55.1,0
C007634,725499.9192331439,81.9,1
C007635,4726483.218319279,99.5,1
C007636,301404.2721696646,58.8,0
C007637,434212.16201878525,71.5,0
C007638,288579.1540548705,56.5,0
C007639,265990.2838804,52.3,0
C007640,3351631.267996315,91.7,1
C007641,313314.79679243016,60.9,0
C007642,184746.50479990715,36.0,0
C007643,173598.38316906078,34.2,0
C007644,379921.4562003318,68.4,0
C007645,476024.75828839507,72.9,0
C007646,3333416.9995293883,91.6,1
C007647,232541.05703114998,45.1,0
C007648,90510.6323381402,21.3,0
C007649,128877.43903097764,27.3,0
C007650,68033.64217620305,18.4,0
C007651,884557.6061126216,88.2,1
C007652,464593.4141169039,72.6,0
C007653,3814321.748387236,94.2,1
C007654,272134.97478724795,53.5,0
C007655,0.0,7.0,0
C007656,0.0,7.0,0
C007657,0.0,7.0,0
C007658,848874.7288088782,87.1,1
C007659,0.0,7.0,0
C007660,182222.5297039747,35.6,0
C007661,259779.5685148428,50.8,0
C007662,0.0,7.0,0
C007663,156878.9942192533,31.6,0
C007664,176849.50319456233,34.7,0
C007665,246538.96655908594,48.0,0
C007666,7.679475154159355,14.1,0
C007667,297331.7503785302,58.1,0
C007668,313050.93058619765,60.8,0
C007669,346737.4334917824,65.4,0
C007670,0.0,7.0,0
C007671,697443.6087021035,80.6,1
C007672,298577.8131381844,58.3,0
C007673,0.0,7.0,0
C007674,179602.1879091391,35.2,0
C007675,290447.48995809536,56.8,0
C007676,652856.2680677027,78.5,0
C007677,258886.20661836752,50.6,0
C007678,350496.1110058793,65.8,0
C007679,169663.03331319822,33.6,0
C007680,168255.3979048663,33.4,0
C007681,273613.5977607509,53.8,0
C007682,199561.62748153886,38.8,0
C007683,204615.55596475687,39.7,0
C007684,3416620.3462032326,91.9,1
C007685,147361.5435852625,30.2,0
C007686,254717.8945177767,49.7,0
C007687,357952.138495754,66.6,0
C007688,178945.4862359134,35.0,0
C007689,214359.22586167097,41.6,0
C007690,4161800.0243803062,96.5,1
C007691,138091.06455778613,28.6,0
C007692,290756.8954437321,56.9,0
C007693,649349.6049782995,78.3,0
C007694,817516.4549196458,85.8,1
C007695,116466.1385993233,25.3,0
C007696,235273.48316496494,45.6,0
C007697,65044.91270314749,18.0,0
C007698,740321.9275180786,82.5,1
C007699,290559.1144921228,56.8,0
C007700,828119.2227647181,86.2,1
C007701,321434.08456070523,62.1,0
C007702,465869.49235410686,72.6,0
C007703,352427.8762501061,66.0,0
C007704,171480.3996771552,33.8,0
C007705,380193.9253106983,68.4,0
C007706,881426.1595505932,88.1,1
C007707,100999.20283315088,22.9,0
C007708,219730.1286243708,42.6,0
C007709,274383.17737391894,53.9,0
C007710,268821.7756977568,52.8,0
C007711,0.0,7.0,0
C007712,244154.0231733275,47.5,0
C007713,873317.407753316,87.8,1
C007714,798986.1319821728,85.0,1
C007715,3549692.247434214,92.5,1
C007716,347649.94525163603,65.5,0
C007717,41297.84539896393,15.8,0
C007718,110769.27034946183,24.3,0
C007719,220845.54153657693,42.8,0
C007720,807407.5192907065,85.3,1
C007721,0.0,7.0,0
C007722,3632053.941233713,92.9,1
C007723,202789.7483820386,39.3,0
C007724,258771.56414203992,50.6,0
C007725,260534.78713721517,51.0,0
C007726,718114.921435966,81.6,1
C007727,169890.20279880232,33.6,0
C007728,438937.8740155404,71.6,0
C007729,722980.1973363223,81.8,1
C007730,220108.11991722288,42.7,0
C007731,138656.40860376178,28.7,0
C007732,195791.98492454353,38.1,0
C007733,908966.7436066533,88.8,1
C007734,0.0,7.0,0
C007735,271865.16553762567,53.4,0
C007736,136137.9116788524,28.3,0
C007737,172481.09521176617,34.0,0
C007738,4449963.8200706355,98.5,1
C007739,98889.83768826416,22.6,0
C007740,101719.89996668645,23.0,0
C007741,230143.92900698358,44.6,0
C007742,0.0,7.0,0
C007743,345600.98461446905,65.3,0
C007744,0.0,7.0,0
C007745,223107.7967370833,43.2,0
C007746,260799.73183597694,51.1,0
C007747,126896.43941368858,27.0,0
C007748,769837.2128967259,83.9,1
C007749,77272.7824516702,19.5,0
C007750,211779.90673261706,41.1,0
C007751,781728.2642237467,84.3,1
C007752,0.0,7.0,0
C007753,0.0,7.0,0
C007754,268848.97929007036,52.8,0
C007755,361114.65221577184,66.8,0
C007756,700699.9238636688,80.8,1
C007757,3708208.857038101,93.5,1
C007758,0.0,7.0,0
C007759,336183.62384180666,64.1,0
C007760,183641.31181259218,35.8,0
C007761,0.0,7.0,0
C007762,715498.2841839388,81.5,1
C007763,380127.7040259286,68.4,0
C007764,173012.4971936702,34.1,0
C007765,4642095.850463022,99.2,1
C007766,0.0,7.0,0
C007767,395048.09597299667,69.5,0
C007768,189287.31165331358,37.0,0
C007769,397468.96371046896,69.7,0
C007770,3679540.064596733,93.2,1
C007771,4226058.487739039,97.0,1
C007772,3621940.4608908524,92.9,1
C007773,396019.36970336636,69.6,0
C007774,0.0,7.0,0
C007775,260030.60312730135,50.9,0
C007776,718616.7120860447,81.6,1
C007777,120670.58244608964,26.0,0
C007778,1120578.8285017211,90.7,1
C007779,95162.77013511083,22.0,0
C007780,0.0,7.0,0
C007781,666873.2306603985,79.1,0
C007782,0.0,7.0,0
C007783,607040.3982273162,76.7,0
C007784,101167.15391031533,22.9,0
C007785,170776.2276754626,33.8,0
C007786,367017.52795321,67.3,0
C007787,0.0,7.0,0
C007788,357194.17786812206,66.5,0
C007789,601643.011416731,76.5,0
C007790,105895.38108386267,23.6,0
C007791,38161.877819800524,15.6,0
C007792,878427.9010048308,88.0,1
C007793,0.0,7.0,0
C007794,288736.6884496828,56.5,0
C007795,94070.40647687459,21.9,0
C007796,576164.5190916345,75.7,0
C007797,396424.6029867687,69.6,0
C007798,358234.3821415658,66.6,0
C007799,657651.0804770504,78.6,0
C007800,310960.3984267254,60.5,0
C007801,37699.9001973774,15.6,0
C007802,198142.72819806635,38.6,0
C007803,0.0,7.0,0
C007804,675965.8420792312,79.5,0
C007805,270545.9536378635,53.2,0
C007806,91028.38452156918,21.5,0
C007807,140471.4002394362,29.0,0
C007808,199710.6812321125,38.8,0
C007809,3615403.5970692323,92.8,1
C007810,764182.4872912103,83.6,1
C007811,266148.53578289924,52.3,0
C007812,0.0,7.0,0
C007813,357911.83117790014,66.5,0
C007814,286795.69939580787,56.2,0
C007815,237245.37468838936,46.1,0
C007816,368433.00120081153,67.4,0
C007817,323255.94495820184,62.4,0
C007818,0.0,7.0,0
C007819,285357.56374279433,56.0,0
C007820,101536.84734684943,23.0,0
C007821,312829.47209379205,60.8,0
C007822,227036.73323824242,44.1,0
C007823,754112.8390035427,83.1,1
C007824,363229.67460854945,67.0,0
C007825,787267.1930588244,84.6,1
C007826,94034.90756454485,21.9,0
C007827,900226.7915030548,88.6,1
C007828,73401.36990315402,19.0,0
C007829,803863.2202519863,85.2,1
C007830,64687.22537085897,18.0,0
C007831,237577.89984101887,46.2,0
C007832,4605291.300915337,99.1,1
C007833,271795.17493952275,53.4,0
C007834,145444.6522719998,29.9,0
C007835,306166.7516617897,59.7,0
C007836,744431.6428243158,82.7,1
C007837,72868.24018674105,19.0,0
C007838,127052.09740733169,27.0,0
C007839,191271.78199413256,37.3,0
C007840,341621.34795364924,64.8,0
C007841,819666.3291305675,85.9,1
C007842,4401775.149085294,98.3,1
C007843,304080.50429149414,59.3,0
C007844,767829.1019378373,83.8,1
C007845,625155.3106862158,77.4,0
C007846,394437.26894074795,69.5,0
C007847,536813.0790223634,74.6,0
C007848,801532.1272389655,85.1,1
C007849,0.0,7.0,0
C007850,203161.06333454372,39.4,0
C007851,80777.48047346073,20.0,0
C007852,260098.95526536411,50.9,0
C007853,292748.15731648565,57.2,0
C007854,846604.4578132865,87.0,1
C007855,0.0,7.0,0
C007856,671770.4885211946,79.3,0
C007857,849066.5766726387,87.1,1
C007858,65309.017999900774,18.1,0
C007859,113577.60966319988,24.9,0
C007860,199915.5763124038,38.9,0
C007861,3804801.20957874,94.1,1
C007862,470703.71482816414,72.8,0
C007863,209787.77132534824,40.7,0
C007864,187108.94231690094,36.5,0
C007865,134685.74443369504,28.0,0
C007866,4833145.292529103,99.7,1
C007867,463167.0768390723,72.5,0
C007868,334039.462914545,63.9,0
C007869,293871.3518822302,57.5,0
C007870,3505996.7098422125,92.3,1
C007871,4395128.568469386,98.3,1
C007872,665844.9275205177,79.0,0
C007873,3901676.488874485,94.7,1
C007874,347404.32288833335,65.5,0
C007875,557617.5949195267,75.2,0
C007876,267278.5560134576,52.5,0
C007877,0.0,7.0,0
C007878,303265.34473017,59.2,0
C007879,265931.1305831303,52.3,0
C007880,833367.3218734877,86.4,1
C007881,3862196.079778004,94.5,1
C007882,0.0,7.0,0
C007883,43183.08735185905,16.0,0
C007884,5063505.125276173,99.9,1
C007885,328097.8447504998,63.1,0
C007886,663050.8033294227,78.9,0
C007887,699916.0360232512,80.7,1
C007888,100725.49803142213,22.8,0
C007889,179315.70685386384,35.1,0
C007890,162435.68214645542,32.5,0
C007891,371216.8395992945,67.7,0
C007892,836751.8972938027,86.6,1
C007893,589738.3838339634,76.1,0
C007894,116092.3438230583,25.3,0
C007895,185143.23624569082,36.1,0
C007896,127480.78989407433,27.1,0
C007897,3811272.2919282326,94.2,1
C007898,0.0,7.0,0
C007899,222622.91471704745,43.2,0
C007900,268002.6294589555,52.6,0
C007901,207793.86282053764,40.3,0
C007902,446229.5382608534,71.9,0
C007903,321235.11060125066,62.1,0
C007904,204913.40920267816,39.8,0
C007905,893433.0707608359,88.4,1
C007906,203870.13962204318,39.5,0
C007907,29471.434368897502,15.0,0
C007908,231496.61951014458,44.9,0
C007909,189055.58825260075,36.9,0
C007910,0.0,7.0,0
C007911,927903.8409563359,89.2,1
C007912,132984.90964164544,27.8,0
C007913,150229.97300746635,30.6,0
C007914,74676.269839764,19.2,0
C007915,394318.03877146356,69.4,0
C007916,75198.82905419415,19.3,0
C007917,3704858.5425849697,93.4,1
C007918,179371.94055191308,35.1,0
C007919,294768.590074389,57.6,0
C007920,315891.76797449973,61.3,0
C007921,168841.0111700171,33.5,0
C007922,95843.52925700825,22.1,0
C007923,150750.96242177126,30.6,0
C007924,41895.411075106735,15.9,0
C007925,745624.9282389376,82.7,1
C007926,751394.5874262787,83.0,1
C007927,0.0,7.0,0
C007928,36141.81518861088,15.5,0
C007929,247956.35784614773,48.3,0
C007930,1021509.5509819086,90.4,1
C007931,234996.03914821992,45.6,0
C007932,3495403.7564858245,92.2,1
C007933,141558.39774818713,29.2,0
C007934,493762.88647729927,73.4,0
C007935,212581.30134211134,41.3,0
C007936,779461.5394245165,84.2,1
C007937,579422.0404331281,75.8,0
C007938,889159.2720721485,88.3,1
C007939,201290.37519036097,39.1,0
C007940,658065.406390162,78.6,0
C007941,188820.4364974154,36.9,0
C007942,0.0,7.0,0
C007943,349264.580999747,65.6,0
C007944,196880.88891871704,38.3,0
C007945,897334.2353192787,88.5,1
C007946,184846.653571992,36.0,0
C007947,235319.62140847696,45.7,0
C007948,698938.2645065223,80.7,1
C007949,0.0,7.0,0
C007950,259505.74562378478,50.7,0
C007951,185377.50530624564,36.1,0
C007952,65546.37973069001,18.1,0
C007953,4004285.857495035,95.5,1
C007954,13930.134193047084,14.5,0
C007955,235785.37769348608,45.8,0
C007956,0.0,7.0,0
C007957,642933.2832566553,78.1,0
C007958,632335.7408961259,77.7,0
C007959,155735.9729720331,31.4,0
C007960,651944.627925159,78.4,0
C007961,1030199.0319064949,90.4,1
C007962,240859.53091760943,46.8,0
C007963,0.0,7.0,0
C007964,122403.69597576174,26.2,0
C007965,0.0,7.0,0
C007966,194833.92929121887,37.9,0
C007967,77443.78962851911,19.6,0
C007968,4374059.001148599,98.1,1
C007969,3974336.921167031,95.2,1
C007970,309068.5208263335,60.2,0
C007971,791509.2714521014,84.7,1
C007972,260033.19671583665,50.9,0
C007973,4714582.746209142,99.4,1
C007974,101517.1583497625,22.9,0
C007975,112494.47133019415,24.7,0
C007976,88296.018041362,21.0,0
C007977,331045.20029779384,63.5,0
C007978,234218.05296879803,45.5,0
C007979,120657.47846119737,25.9,0
C007980,233251.3321172926,45.3,0
C007981,0.0,7.0,0
C007982,0.0,7.0,0
C007983,0.0,7.0,0
C007984,0.0,7.0,0
C007985,743684.504959368,82.6,1
C007986,303697.6866780642,59.3,0
C007987,0.0,7.0,0
C007988,299719.809217491,58.5,0
C007989,0.0,7.0,0
C007990,438446.4813759281,71.6,0
C007991,98565.46925742876,22.5,0
C007992,3970936.9664314766,95.2,1
C007993,0.0,7.0,0
C007994,4102835.6423334973,96.2,1
C007995,215019.35408304358,41.7,0
C007996,380951.0253318711,68.5,0
C007997,229600.0168386702,44.6,0
C007998,291495.470835007,57.0,0
C007999,404550.4563648263,70.1,0
C008000,109913.43725343232,24.2,0
C008001,179260.3402599786,35.1,0
C008002,568127.1564255663,75.4,0
C008003,3935989.527596295,95.0,1
C008004,81302.22238899571,20.1,0
C008005,111232.01663390268,24.4,0
C008006,340837.7161289434,64.7,0
C008007,0.0,7.0,0
C008008,0.0,7.0,0
C008009,369882.0279795647,67.6,0
C008010,151179.81198453158,30.7,0
C008011,0.0,7.0,0
C008012,259936.7738661601,50.8,0
C008013,242966.55631198912,47.3,0
C008014,3854862.3171788305,94.4,1
C008015,967525.4238862495,89.9,1
C008016,27513.305704114064,15.0,0
C008017,149659.69639472826,30.5,0
C008018,190431.06151053112,37.2,0
C008019,347945.78804322716,65.5,0
C008020,556646.6153034735,75.1,0
C008021,735170.1098575364,82.2,1
C008022,0.0,7.0,0
C008023,256875.15545872372,50.1,0
C008024,530070.3813030248,74.4,0
C008025,217212.86862205248,42.2,0
C008026,310733.24631354416,60.5,0
C008027,0.0,7.0,0
C008028,0.0,7.0,0
C008029,264705.65420258517,52.0,0
C008030,315853.6884797866,61.3,0
C008031,308457.4709254997,60.1,0
C008032,262792.1315627924,51.6,0
C008033,215844.82890773207,41.9,0
C008034,4014922.3505884814,95.5,1
C008035,92107.53776209935,21.6,0
C008036,243130.55641707228,47.3,0
C008037,155270.29735909984,31.3,0
C008038,4181610.52648947,96.7,1
C008039,91369.65322843348,21.5,0
C008040,614264.8040535466,77.0,0
C008041,0.0,7.0,0
C008042,118573.02347404958,25.6,0
C008043,0.0,7.0,0
C008044,317161.5001670756,61.5,0
C008045,0.0,7.0,0
C008046,42094.19622307296,15.9,0
C008047,361903.82896268606,66.9,0
C008048,204120.8125861467,39.6,0
C008049,336037.99579504965,64.1,0
C008050,114951.04888497932,25.1,0
C008051,57997.76375098907,17.3,0
C008052,217872.8597995548,42.3,0
C008053,90088.02865063747,21.3,0
C008054,294377.4517158519,57.5,0
C008055,413237.4138996487,70.6,0
C008056,302164.2465060186,58.9,0
C008057,254842.44735756898,49.8,0
C008058,100779.72040505605,22.8,0
C008059,0.0,7.0,0
C008060,0.0,7.0,0
C008061,1194043.1227407185,90.7,1
C008062,260760.42309322982,51.1,0
C008063,0.0,7.0,0
C008064,205640.61302484278,39.9,0
C008065,589385.7379205449,76.0,0
C008066,532324.1771612626,74.4,0
C008067,280822.1795153124,55.1,0
C008068,962490.0110425485,89.8,1
C008069,0.0,7.0,0
C008070,259688.70224341442,50.8,0
C008071,402498.3986141042,70.0,0
C008072,0.0,7.0,0
C008073,224347.94539910922,43.5,0
C008074,215426.47459711114,41.8,0
C008075,0.0,7.0,0
C008076,4299811.821903025,97.7,1
C008077,311954.6285064218,60.7,0
C008078,293698.89406846353,57.5,0
C008079,293281.4980784713,57.4,0
C008080,396729.33051058825,69.6,0
C008081,335672.02363612026,64.1,0
C008082,4562912.029991294,99.0,1
C008083,380778.3178555848,68.5,0
C008084,753967.1888574841,83.1,1
C008085,0.0,7.0,0
C008086,0.0,7.0,0
C008087,0.0,7.0,0
C008088,66869.79923921697,18.2,0
C008089,610882.0730660947,76.9,0
C008090,173877.43040866073,34.2,0
C008091,81437.62067554185,20.1,0
C008092,772775.9796738584,84.0,1
C008093,263798.83735397225,51.8,0
C008094,4773411.726555274,99.6,1
C008095,0.0,7.0,0
C008096,3417750.784469193,91.9,1
C008097,302954.302476025,59.1,0
C008098,165201.6093201837,32.9,0
C008099,240498.6547499794,46.8,0
C008100,720012.165106452,81.7,1
C008101,639858.6886231031,78.0,0
C008102,0.0,7.0,0
C008103,126238.31275757299,26.8,0
C008104,0.0,7.0,0
C008105,3612513.697467674,92.8,1
C008106,228830.1105297049,44.4,0
C008107,65055.78555031027,18.0,0
C008108,174734.33378815366,34.4,0
C008109,468004.29378299153,72.7,0
C008110,738967.0562602334,82.4,1
C008111,493996.15943693125,73.4,0
C008112,279475.49244396813,54.9,0
C008113,0.0,7.0,0
C008114,800463.4949688752,85.1,1
C008115,256283.08103118656,50.0,0
C008116,422001.03936201625,71.0,0
C008117,289677.0386051493,56.7,0
C008118,208660.95831826146,40.5,0
C008119,0.0,7.0,0
C008120,252064.53582965874,49.2,0
C008121,317640.82551943714,61.6,0
C008122,73048.23291955446,19.0,0
C008123,623874.3908595627,77.4,0
C008124,265366.38638222136,52.1,0
C008125,249961.85006086307,48.7,0
C008126,236274.95120211545,45.9,0
C008127,374623.3627068699,68.0,0
C008128,365515.8795698361,67.2,0
C008129,205014.5673115827,39.8,0
C008130,165423.32894784282,32.9,0
C008131,21520.939311344628,14.7,0
C008132,0.0,7.0,0
C008133,146008.83730975652,30.0,0
C008134,102881.50232580375,23.2,0
C008135,0.0,7.0,0
C008136,245338.29849270722,47.7,0
C008137,3154894.9077118956,91.2,1
C008138,0.0,7.0,0
C008139,172336.124496009,34.0,0
C008140,0.0,7.0,0
C008141,526146.7767939446,74.3,0
C008142,847136.1719729202,87.0,1
C008143,186891.95348376813,36.4,0
C008144,277668.26974822907,54.5,0
C008145,443786.35577839334,71.8,0
C008146,878343.668852301,88.0,1
C008147,686402.3281979996,80.0,1
C008148,0.0,7.0,0
C008149,4278072.029019906,97.5,1
C008150,222597.58504292407,43.1,0
C008151,141572.034150836,29.2,0
C008152,313741.10443136725,60.9,0
C008153,311208.40543089586,60.6,0
C008154,418362.1061424631,70.9,0
C008155,248786.0247854038,48.5,0
C008156,341383.78069282515,64.7,0
C008157,731579.0591043485,82.1,1
C008158,607287.7190349979,76.8,0
C008159,169887.10370115156,33.6,0
C008160,288059.8980269325,56.4,0
C008161,386211.4552255641,68.9,0
C008162,829793.1901659528,86.3,1
C008163,608458.4525362095,76.8,0
C008164,0.0,7.0,0
C008165,328621.9670504257,63.2,0
C008166,411336.9057010953,70.5,0
C008167,133443.0996572598,27.9,0
C008168,545483.2747661059,74.8,0
C008169,110965.37145908653,24.4,0
C008170,0.0,7.0,0
C008171,369809.43243971246,67.6,0
C008172,262304.8736682054,51.4,0
C008173,128228.00211934347,27.2,0
C008174,4054377.2244030377,95.8,1
C008175,121906.50637853806,26.1,0
C008176,182965.69229233396,35.7,0
C008177,259102.965807275,50.7,0
C008178,315237.60214437474,61.2,0
C008179,243187.38879644495,47.3,0
C008180,558847.9117308472,75.2,0
C008181,78541.51171975226,19.7,0
C008182,271291.25978326355,53.3,0
C008183,4332142.358387939,97.9,1
C008184,306407.3484253069,59.7,0
C008185,0.0,7.0,0
C008186,315304.71985843446,61.2,0
C008187,0.0,7.0,0
C008188,356114.40009435464,66.4,0
C008189,0.0,7.0,0
C008190,386501.6890327956,69.0,0
C008191,306758.85140401626,59.8,0
C008192,688485.9913801872,80.1,1
C008193,222788.41985863046,43.2,0
C008194,229862.54103801897,44.6,0
C008195,158666.40647555198,31.9,0
C008196,182644.89901577818,35.7,0
C008197,594702.9009244703,76.2,0
C008198,209588.8102597205,40.7,0
C008199,605787.7059241943,76.7,0
C008200,3353320.877873409,91.7,1
C008201,406497.1624357304,70.2,0
C008202,811882.7023446372,85.5,1
C008203,252087.27368228917,49.2,0
C008204,268348.29149347486,52.7,0
C008205,0.0,7.0,0
C008206,0.0,7.0,0
C008207,139831.7708655027,28.9,0
C008208,364996.5332055499,67.2,0
C008209,143344.38526497767,29.5,0
C008210,344396.41182946536,65.1,0
C008211,0.0,7.0,0
C008212,210637.03577528772,40.9,0
C008213,276961.594407498,54.4,0
C008214,477087.09629152325,72.9,0
C008215,4484859.386563535,98.7,1
C008216,281887.3668281956,55.3,0
C008217,264787.1812145674,52.0,0
C008218,303311.31243925967,59.2,0
C008219,0.0,7.0,0
C008220,273532.57174382295,53.8,0
C008221,53411.66559205934,16.9,0
C008222,211446.50387132016,41.1,0
C008223,0.0,7.0,0
C008224,632241.4465136143,77.7,0
C008225,174302.12301461358,34.3,0
C008226,332237.24884304707,63.7,0
C008227,718328.8269995233,81.6,1
C008228,348019.2173291214,65.5,0
C008229,0.0,7.0,0
C008230,961553.7776722488,89.8,1
C008231,615243.2674901542,77.0,0
C008232,425315.6013370369,71.1,0
C008233,323933.2096532437,62.5,0
C008234,180519.43733990454,35.3,0
C008235,796157.6325967967,84.9,1
C008236,0.0,7.0,0
C008237,395698.8738579523,69.6,0
C008238,370566.73197945073,67.7,0
C008239,326358.94614800793,62.8,0
C008240,4827950.037691459,99.7,1
C008241,265667.4735678365,52.2,0
C008242,393595.61860504514,69.4,0
C008243,232948.64843017614,45.2,0
C008244,194873.8306714914,37.9,0
C008245,671901.2128796945,79.3,0
C008246,807622.1261715194,85.4,1
C008247,4713322.441036006,99.4,1
C008248,158123.7277596365,31.8,0
C008249,3434529.256978169,92.0,1
C008250,259004.53364600101,50.6,0
C008251,670304.8614791363,79.3,0
C008252,0.0,7.0,0
C008253,67242.3715598716,18.3,0
C008254,136959.1523434245,28.4,0
C008255,910471.579817367,88.8,1
C008256,112775.58214213737,24.8,0
C008257,480829.6395846362,73.0,0
C008258,0.0,7.0,0
C008259,434003.58621077286,71.4,0
C008260,71485.04150100396,18.8,0
C008261,4850562.211750809,99.7,1
C008262,99669.26475674575,22.7,0
C008263,349582.9104623648,65.7,0
C008264,375796.4918238647,68.1,0
C008265,0.0,7.0,0
C008266,266809.48687762907,52.4,0
C008267,671351.4402108382,79.3,0
C008268,0.0,7.0,0
C008269,306795.69183525693,59.8,0
C008270,0.0,7.0,0
C008271,597212.7866365778,76.3,0
C008272,264313.92813822645,51.9,0
C008273,130588.45069112285,27.5,0
C008274,964482.8124560731,89.9,1
C008275,229731.20548669636,44.6,0
C008276,174112.23186520347,34.2,0
C008277,131970.52102925937,27.7,0
C008278,219764.8658682135,42.6,0
C008279,218653.43337625076,42.4,0
C008280,129157.23112531404,27.3,0
C008281,296497.944315402,57.9,0
C008282,265538.0659399164,52.2,0
C008283,326539.2407332286,62.9,0
C008284,769386.5105323311,83.8,1
C008285,828862.4073493012,86.3,1
C008286,221111.72554406626,42.9,0
C008287,385387.4014224144,68.9,0
C008288,208952.30688813308,40.6,0
C008289,684314.9810100759,79.9,0
C008290,120466.50968501797,25.9,0
C008291,159829.67835106392,32.1,0
C008292,202955.10885299058,39.3,0
C008293,3808981.9102127715,94.2,1
C008294,206457.11692557827,40.1,0
C008295,0.0,7.0,0
C008296,267554.67803906125,52.6,0
C008297,483566.31822438096,73.1,0
C008298,4270484.8771731,97.4,1
C008299,235185.1555426533,45.6,0
C008300,5.166585094180241,14.0,0
C008301,250604.18995936913,48.8,0
C008302,0.0,7.0,0
C008303,250636.4444821628,48.9,0
C008304,115908.67973832309,25.2,0
C008305,735990.6026431934,82.3,1
C008306,0.0,7.0,0
C008307,319456.7211026922,61.8,0
C008308,266593.80088042945,52.4,0
C008309,161059.001630973,32.3,0
C008310,0.0,7.0,0
C008311,218371.70822944122,42.4,0
C008312,3801356.196455376,94.1,1
C008313,142920.58980655152,29.5,0
C008314,822069.3677655063,86.0,1
C008315,0.0,7.0,0
C008316,329881.2376854618,63.3,0
C008317,363666.37630092667,67.0,0
C008318,0.0,7.0,0
C008319,341063.76343503146,64.7,0
C008320,4354474.221742583,98.0,1
C008321,52595.33853840099,16.8,0
C008322,4631364.275124481,99.2,1
C008323,297194.57112234284,58.0,0
C008324,136827.18225302847,28.4,0
C008325,826785.8673089519,86.2,1
C008326,218806.05567309898,42.5,0
C008327,0.0,7.0,0
C008328,124280.0167381668,26.5,0
C008329,156558.2372467989,31.6,0
C008330,1004404.3478264326,90.3,1
C008331,118301.41936430719,25.6,0
C008332,4631012.602471464,99.2,1
C008333,238953.21143931118,46.5,0
C008334,781725.1693572605,84.3,1
C008335,257052.77560837672,50.2,0
C008336,0.0,7.0,0
C008337,603352.1767731577,76.6,0
C008338,307204.0277078818,59.8,0
C008339,57911.19994235594,17.2,0
C008340,519468.14471577836,74.1,0
C008341,239513.97852528238,46.6,0
C008342,296869.42474900675,58.0,0
C008343,207250.7921658956,40.2,0
C008344,120504.70385866602,25.9,0
C008345,333573.61473538773,63.9,0
C008346,432418.83982502297,71.4,0
C008347,159447.2190386739,32.0,0
C008348,4195955.089530024,96.8,1
C008349,4373001.218253183,98.1,1
C008350,0.0,7.0,0
C008351,226053.09735632944,43.9,0
C008352,74077.4854094043,19.1,0
C008353,748263.0764241328,82.8,1
C008354,54962.676418472896,17.0,0
C008355,0.0,7.0,0
C008356,317990.32962466765,61.6,0
C008357,673661.5673102947,79.4,0
C008358,250677.02274454728,48.9,0
C008359,879522.5603759368,88.0,1
C008360,735469.3498135953,82.3,1
C008361,185755.6444300125,36.2,0
C008362,286697.6709656715,56.2,0
C008363,135333.5237176475,28.1,0
C008364,83019.34505227258,20.3,0
C008365,0.0,7.0,0
C008366,953601.1877139034,89.7,1
C008367,0.0,7.0,0
C008368,119033.48592578615,25.7,0
C008369,589079.7056528508,76.0,0
C008370,182515.97092188091,35.6,0
C008371,372137.18641026056,67.8,0
C008372,417459.98730883084,70.8,0
C008373,0.0,7.0,0
C008374,274540.7441597684,54.0,0
C008375,295207.37640996877,57.7,0
C008376,27567.46832398153,15.0,0
C008377,101025.47138951188,22.9,0
C008378,329986.20135959674,63.4,0
C008379,191031.5454539038,37.3,0
C008380,283535.44400436216,55.6,0
C008381,411146.9241096352,70.5,0
C008382,196347.4453580586,38.2,0
C008383,256277.32636604476,50.0,0
C008384,709063.3847469462,81.2,1
C008385,226933.37506121869,44.0,0
C008386,211388.348484937,41.0,0
C008387,313757.5915941197,61.0,0
C008388,0.0,7.0,0
C008389,512538.7726935764,73.9,0
C008390,301888.2649493423,58.9,0
C008391,354806.262993548,66.3,0
C008392,118299.98635754101,25.6,0
C008393,154532.15345011,31.2,0
C008394,3755771.7805448254,93.8,1
C008395,170007.24074281368,33.6,0
C008396,132340.94098702326,27.8,0
C008397,0.0,7.0,0
C008398,373356.1462407669,67.9,0
C008399,0.0,7.0,0
C008400,394487.0599213021,69.5,0
C008401,626046.4706169334,77.5,0
C008402,234553.52604347398,45.5,0
C008403,142391.0717928022,29.4,0
C008404,223737.22331279636,43.4,0
C008405,0.0,7.0,0
C008406,815207.1146033638,85.7,1
C008407,0.0,7.0,0
C008408,0.0,7.0,0
C008409,216543.30003596272,42.0,0
C008410,358799.2852644479,66.6,0
C008411,170314.52879070916,33.7,0
C008412,184509.6079292379,36.0,0
C008413,434054.7919469344,71.4,0
C008414,3981965.072390405,95.3,1
C008415,0.0,7.0,0
C008416,0.0,7.0,0
C008417,190689.1715342687,37.2,0
C008418,188370.22754281768,36.7,0
C008419,4086341.8630805705,96.0,1
C008420,908553.2950006516,88.8,1
C008421,0.0,7.0,0
C008422,0.0,7.0,0
C008423,230327.61388586723,44.7,0
C008424,312630.98717812117,60.8,0
C008425,351618.4969316762,65.9,0
C008426,143305.86585351854,29.5,0
C008427,822757.439267537,86.0,1
C008428,335587.9394329582,64.0,0
C008429,412185.3299529467,70.5,0
C008430,3921798.822110856,94.8,1
C008431,4895077.869576882,99.8,1
C008432,184117.67256102944,35.9,0
C008433,271026.0666449844,53.3,0
C008434,0.0,7.0,0
C008435,136375.79764153677,28.3,0
C008436,278557.86024498614,54.7,0
C008437,0.0,7.0,0
C008438,258520.76578533358,50.5,0
C008439,945594.0026004172,89.5,1
C008440,0.0,7.0,0
C008441,213505.33193968915,41.4,0
C008442,228901.95193714864,44.4,0
C008443,222057.8281018066,43.0,0
C008444,301851.5094873067,58.9,0
C008445,4343221.6068056775,97.9,1
C008446,198004.33885866712,38.5,0
C008447,210064.39715951518,40.8,0
C008448,563612.2090635827,75.3,0
C008449,0.0,7.0,0
C008450,288865.9144541592,56.5,0
C008451,4429402.560465312,98.4,1
C008452,120887.71075965042,26.0,0
C008453,139006.45762105245,28.7,0
C008454,650811.7556274857,78.3,0
C008455,3811270.3591761785,94.2,1
C008456,121039.62839240547,26.0,0
C008457,268630.69876004185,52.8,0
C008458,153326.02833345757,31.0,0
C008459,217101.79347768752,42.1,0
C008460,236791.71929500945,46.1,0
C008461,307224.67782934185,59.8,0
C008462,270429.1220918864,53.1,0
C008463,142061.33694750175,29.3,0
C008464,140660.06084634663,29.0,0
C008465,211823.51803981824,41.2,0
C008466,270559.3712994587,53.2,0
C008467,165983.86905822475,33.0,0
C008468,279962.7233840646,55.0,0
C008469,256085.63933570927,50.0,0
C008470,0.0,7.0,0
C008471,31436.352106896135,15.2,0
C008472,231488.37567164918,44.9,0
C008473,3656935.387624787,93.1,1
C008474,809579.3321878586,85.4,1
C008475,696382.653561615,80.5,1
C008476,0.0,7.0,0
C008477,257523.46538147394,50.4,0
C008478,666394.3139999782,79.1,0
C008479,0.0,7.0,0
C008480,3859713.742662735,94.4,1
C008481,724717.5004398014,81.8,1
C008482,118181.75055947149,25.6,0
C008483,375446.7112843405,68.1,0
C008484,67682.58219244759,18.3,0
C008485,0.0,7.0,0
C008486,240032.74166739042,46.7,0
C008487,4729419.233383488,99.5,1
C008488,0.0,7.0,0
C008489,102098.01446056992,23.0,0
C008490,1002692.786298569,90.3,1
C008491,153271.1772891511,31.0,0
C008492,192829.5933458223,37.5,0
C008493,352873.2888947581,66.1,0
C008494,305606.5242511081,59.6,0
C008495,267087.0095784791,52.5,0
C008496,491818.0170227566,73.3,0
C008497,355476.2246783736,66.3,0
C008498,317681.98733113095,61.6,0
C008499,4890128.8145729555,99.8,1
C008500,3935580.4181635086,94.9,1
C008501,51206.330673124845,16.6,0
C008502,865060.464203768,87.5,1
C008503,318667.1459256379,61.7,0
C008504,101215.53924498646,22.9,0
C008505,909273.7101109374,88.8,1
C008506,315914.53999697923,61.3,0
C008507,549683.3179431673,75.0,0
C008508,0.0,7.0,0
C008509,217153.76433781534,42.1,0
C008510,803387.5092162144,85.2,1
C008511,228269.15436365714,44.3,0
C008512,128344.66106109481,27.2,0
C008513,279326.21236635494,54.8,0
C008514,180357.84279505504,35.3,0
C008515,402024.0819415955,70.0,0
C008516,337579.7794903945,64.3,0
C008517,555015.9089360299,75.1,0
C008518,301667.5646862144,58.8,0
C008519,522044.3452507548,74.2,0
C008520,231925.00961888634,45.0,0
C008521,364990.9669862617,67.2,0
C008522,262103.6988731009,51.4,0
C008523,289819.57034882787,56.7,0
C008524,834949.5111462257,86.5,1
C008525,140147.92225907097,29.0,0
C008526,121767.22134378567,26.1,0
C008527,314072.2473780587,61.0,0
C008528,0.0,7.0,0
C008529,892984.1186093348,88.4,1
C008530,321533.36640276614,62.1,0
C008531,3524916.5135717327,92.4,1
C008532,915676.6217084463,89.0,1
C008533,333096.37563037244,63.8,0
C008534,0.0,7.0,0
C008535,665746.0302825177,79.0,0
C008536,791852.607015975,84.7,1
C008537,316636.2021919542,61.4,0
C008538,843605.3803833311,86.9,1
C008539,651773.394420193,78.4,0
C008540,720297.2575955063,81.7,1
C008541,4155908.4713844843,96.5,1
C008542,168861.76019232432,33.5,0
C008543,107511.03183409553,23.8,0
C008544,113632.16983431773,24.9,0
C008545,283681.79897843907,55.6,0
C008546,128824.20298116235,27.2,0
C008547,206268.74394410753,40.0,0
C008548,0.0,7.0,0
C008549,453281.5409398428,72.2,0
C008550,262473.7343039,51.5,0
C008551,136205.5535666385,28.3,0
C008552,150867.3037879103,30.6,0
C008553,0.0,7.0,0
C008554,0.0,7.0,0
C008555,782088.9952564473,84.3,1
C008556,408597.24488866824,70.3,0
C008557,0.0,7.0,0
C008558,576029.5469145973,75.7,0
C008559,225429.0073370003,43.7,0
C008560,236775.3425999997,46.1,0
C008561,776426.1771900811,84.1,1
C008562,0.0,7.0,0
C008563,526527.9890558968,74.3,0
C008564,287155.23230151105,56.3,0
C008565,272319.90890818025,53.5,0
C008566,68221.8639031143,18.4,0
C008567,266295.05642942584,52.3,0
C008568,272970.2587618123,53.7,0
C008569,83214.61099983995,20.4,0
C008570,215215.27283377643,41.8,0
C008571,311959.3430408424,60.7,0
C008572,0.0,7.0,0
C008573,110140.11422213905,24.2,0
C008574,315236.13367838826,61.2,0
C008575,306364.0349370478,59.7,0
C008576,3733654.9441764615,93.7,1
C008577,920744.572858899,89.1,1
C008578,303998.4791570387,59.3,0
C008579,900997.664128645,88.6,1
C008580,394796.63169407577,69.5,0
C008581,220308.58057229925,42.8,0
C008582,303094.49720866827,59.2,0
C008583,3876347.4924715254,94.5,1
C008584,0.0,7.0,0
C008585,272729.0593669753,53.6,0
C008586,752721.9805556844,83.1,1
C008587,83609.74596269501,20.4,0
C008588,187634.85578780706,36.6,0
C008589,439153.0570520939,71.7,0
C008590,156873.92637579958,31.6,0
C008591,3353518.994981045,91.7,1
C008592,23287.764626715558,14.8,0
C008593,245714.44037783355,47.8,0
C008594,4061866.702778862,95.9,1
C008595,0.0,7.0,0
C008596,305752.6570402362,59.6,0
C008597,0.0,7.0,0
C008598,391047.58763152803,69.2,0
C008599,189752.6411418379,37.1,0
C008600,206462.11512628224,40.1,0
C008601,4503668.361574565,98.8,1
C008602,628974.4112016236,77.5,0
C008603,0.0,7.0,0
C008604,118296.18885400248,25.6,0
C008605,289533.7603555806,56.7,0
C008606,1008431.3175259911,90.3,1
C008607,0.0,7.0,0
C008608,723676.6718882823,81.8,1
C008609,745650.2596318938,82.7,1
C008610,689236.538055538,80.2,1
C008611,118712.86086224373,25.6,0
C008612,156187.78174642113,31.5,0
C008613,3976287.0303420564,95.3,1
C008614,661353.2601663624,78.8,0
C008615,338415.961954064,64.4,0
C008616,282428.69953059714,55.4,0
C008617,252764.2160554385,49.3,0
C008618,907568.7474684659,88.7,1
C008619,0.0,7.0,0
C008620,369402.93360057165,67.5,0
C008621,0.0,7.0,0
C008622,846217.277797476,87.0,1
C008623,207884.35218710554,40.4,0
C008624,264442.4453427143,52.0,0
C008625,4138476.3954990315,96.4,1
C008626,92208.46945176594,21.6,0
C008627,117693.14256982823,25.5,0
C008628,360635.24966330046,66.8,0
C008629,340177.67961798946,64.6,0
C008630,0.0,7.0,0
C008631,156889.3090326493,31.6,0
C008632,3151469.3392685573,91.2,1
C008633,124257.61965313577,26.5,0
C008634,801516.4994861698,85.1,1
C008635,253369.48156552808,49.5,0
C008636,669310.7884703,79.2,0
C008637,323725.7318603732,62.4,0
C008638,389669.9339412272,69.1,0
C008639,4431396.837359408,98.4,1
C008640,284090.0115274718,55.7,0
C008641,0.0,7.0,0
C008642,4425865.0612312015,98.4,1
C008643,284166.57573937107,55.7,0
C008644,218475.2943932172,42.4,0
C008645,267983.3425662351,52.6,0
C008646,314004.02410592895,61.0,0
C008647,363340.6225639128,67.0,0
C008648,139966.1607689248,28.9,0
C008649,356755.58904679836,66.4,0
C008650,0.0,7.0,0
C008651,0.0,7.0,0
C008652,136274.6627552776,28.3,0
C008653,780899.2244853148,84.3,1
C008654,188167.66436211855,36.7,0
C008655,707740.1858281542,81.1,1
C008656,868099.2789116238,87.6,1
C008657,0.0,7.0,0
C008658,274540.2573160468,54.0,0
C008659,241813.40091718116,47.1,0
C008660,730769.1043105258,82.1,1
C008661,897197.7673485823,88.5,1
C008662,177013.98167427263,34.7,0
C008663,230236.83855471085,44.7,0
C008664,4809095.200929597,99.6,1
C008665,143761.31126334425,29.6,0
C008666,300237.78803398146,58.6,0
C008667,122141.27163649673,26.2,0
C008668,394993.1656829702,69.5,0
C008669,219931.85514752747,42.7,0
C008670,4066955.648917407,95.9,1
C008671,312968.63148819114,60.8,0
C008672,40153.15611048757,15.8,0
C008673,848475.8394205323,87.1,1
C008674,604520.7193525056,76.6,0
C008675,73386.43179465477,19.0,0
C008676,24109.909637409295,14.9,0
C008677,0.0,7.0,0
C008678,0.0,7.0,0
C008679,380702.27039205324,68.5,0
C008680,782857.7024972509,84.4,1
C008681,315554.95528109465,61.2,0
C008682,0.0,7.0,0
C008683,282744.0084673031,55.5,0
C008684,817105.9674696386,85.7,1
C008685,1025019.2222003199,90.4,1
C008686,143744.93546668132,29.6,0
C008687,713435.2147863603,81.4,1
C008688,4267693.272867614,97.4,1
C008689,0.0,7.0,0
C008690,0.0,7.0,0
C008691,234981.81738663994,45.6,0
C008692,4470719.807998287,98.6,1
C008693,4173621.7745423294,96.6,1
C008694,120973.15459976517,26.0,0
C008695,260027.04638329387,50.8,0
C008696,916179.8489008708,89.0,1
C008697,228139.08852920542,44.3,0
C008698,688409.6995747669,80.1,1
C008699,730860.6249815564,82.1,1
C008700,466954.56254036154,72.6,0
C008701,171364.4895125744,33.8,0
C008702,510738.5128306785,73.9,0
C008703,239949.84091571052,46.7,0
C008704,148260.6492600574,30.3,0
C008705,183096.97490288064,35.8,0
C008706,598931.5865101197,76.4,0
C008707,3716676.01311419,93.5,1
C008708,3783197.4719414585,94.0,1
C008709,134360.10764872583,28.0,0
C008710,136754.05060684585,28.4,0
C008711,762279.8747183862,83.5,1
C008712,0.0,7.0,0
C008713,0.0,7.0,0
C008714,3988778.9021206917,95.4,1
C008715,3936044.2639091806,95.0,1
C008716,718845.6651269202,81.6,1
C008717,3965105.791319005,95.2,1
C008718,319675.07018274814,61.8,0
C008719,4168129.9198551034,96.6,1
C008720,77107.56224069436,19.5,0
C008721,314596.4625973257,61.1,0
C008722,82526.03225481021,20.3,0
C008723,102618.46276573592,23.1,0
C008724,424293.2352772486,71.1,0
C008725,245603.5189779806,47.8,0
C008726,188989.97909174324,36.9,0
C008727,295941.5982140925,57.8,0
C008728,743702.2954980239,82.6,1
C008729,187356.60504690133,36.5,0
C008730,806988.7189336913,85.3,1
C008731,428247.8003348757,71.2,0
C008732,134680.65044577693,28.0,0
C008733,186243.31000392747,36.3,0
C008734,0.0,7.0,0
C008735,623254.5136927967,77.4,0
C008736,453641.6541705136,72.2,0
C008737,306568.6084153675,59.7,0
C008738,0.0,7.0,0
C008739,291989.8923162549,57.1,0
C008740,4237881.630952004,97.1,1
C008741,0.0,7.0,0
C008742,609515.9763696966,76.8,0
C008743,0.0,7.0,0
C008744,289039.71452311985,56.6,0
C008745,262521.4562493254,51.5,0
C008746,126553.62675876627,26.9,0
C008747,201140.19297477955,39.0,0
C008748,0.0,7.0,0
C008749,280250.0127675113,55.0,0
C008750,93143.50999893516,21.8,0
C008751,239384.43157759745,46.6,0
C008752,0.0,7.0,0
C008753,0.0,7.0,0
C008754,740397.1857932403,82.5,1
C008755,596570.8463858584,76.3,0
C008756,663612.9898118163,78.9,0
C008757,762497.6325378548,83.5,1
C008758,332291.8630380237,63.7,0
C008759,645365.6330473407,78.1,0
C008760,382741.64922601613,68.6,0
C008761,679286.8611677464,79.7,0
C008762,525827.7508367234,74.3,0
C008763,291603.0660213451,57.0,0
C008764,242685.46851946478,47.2,0
C008765,241968.6934904609,47.1,0
C008766,0.0,7.0,0
C008767,373846.8589358789,67.9,0
C008768,0.0,7.0,0
C008769,14973.466583503465,14.5,0
C008770,659376.4769314603,78.7,0
C008771,343697.7277765119,65.0,0
C008772,126995.7718281731,27.0,0
C008773,108295.39033038488,23.9,0
C008774,202033.15519188152,39.2,0
C008775,683309.4970726653,79.9,0
C008776,262717.15552348015,51.5,0
C008777,104983.64524521744,23.5,0
C008778,348534.08348736196,65.6,0
C008779,848633.8578890939,87.1,1
C008780,196379.92404572078,38.2,0
C008781,580804.484507881,75.8,0
C008782,358120.27729257813,66.6,0
C008783,671995.9643255763,79.3,0
C008784,0.0,7.0,0
C008785,757429.7961199371,83.3,1
C008786,212740.02203287126,41.3,0
C008787,203713.83232025633,39.5,0
C008788,269481.4781305054,53.0,0
C008789,0.0,7.0,0
C008790,146067.39472813392,30.0,0
C008791,141145.64229136962,29.1,0
C008792,181392.45189182163,35.5,0
C008793,9856.376024283098,14.4,0
C008794,384791.6671748834,68.8,0
C008795,220344.35923584606,42.8,0
C008796,209868.95293623442,40.8,0
C008797,195770.739329211,38.0,0
C008798,114574.99830917956,25.1,0
C008799,261584.69866562285,51.3,0
C008800,668568.945879967,79.2,0
C008801,793496.405029676,84.8,1
C008802,734329.4689098742,82.2,1
C008803,387708.70527225744,69.0,0
C008804,0.0,7.0,0
C008805,212651.10844234377,41.3,0
C008806,3454211.0544474516,92.0,1
C008807,159758.06766862952,32.1,0
C008808,0.0,7.0,0
C008809,0.0,7.0,0
C008810,88703.55836166213,21.1,0
C008811,306095.2281585713,59.7,0
C008812,205469.63305514512,39.9,0
C008813,262236.3583343955,51.4,0
C008814,271028.4190838879,53.3,0
C008815,183232.6864945211,35.8,0
C008816,327476.0637088883,63.0,0
C008817,0.0,7.0,0
C008818,81810.899231975,20.2,0
C008819,44719.65964712713,16.1,0
C008820,226167.66003089666,43.9,0
C008821,0.0,7.0,0
C008822,285388.5295254581,56.0,0
C008823,0.0,7.0,0
C008824,107803.90091170413,23.9,0
C008825,379603.0382596508,68.4,0
C008826,0.0,7.0,0
C008827,381084.80698461103,68.5,0
C008828,692875.2293152482,80.4,1
C008829,335923.02316797344,64.1,0
C008830,3937448.588459074,95.0,1
C008831,217673.36453954526,42.2,0
C008832,3833166.490661789,94.3,1
C008833,259164.13588311634,50.7,0
C008834,262246.6723571466,51.4,0
C008835,3072.771693874886,14.2,0
C008836,323911.78352922684,62.5,0
C008837,97286.03117033027,22.3,0
C008838,727576.0165178718,81.9,1
C008839,169314.70787869932,33.5,0
C008840,394652.78853867593,69.5,0
C008841,707845.1046256404,81.1,1
C008842,853537.8397673751,87.2,1
C008843,469544.5336693858,72.7,0
C008844,61748.5778499186,17.7,0
C008845,283151.6803049696,55.5,0
C008846,0.0,7.0,0
C008847,0.0,7.0,0
C008848,0.0,7.0,0
C008849,0.0,7.0,0
C008850,229024.66310925572,44.5,0
C008851,607895.963372271,76.8,0
C008852,550831.8538243797,75.0,0
C008853,235014.80382156416,45.6,0
C008854,240904.28253987117,46.8,0
C008855,797350.8880289732,84.9,1
C008856,181134.42501485415,35.4,0
C008857,0.0,7.0,0
C008858,898745.0713368168,88.5,1
C008859,746821.3596884585,82.8,1
C008860,545636.9994347641,74.8,0
C008861,260212.80283732232,50.9,0
C008862,214330.6889999397,41.6,0
C008863,342931.2411766681,64.9,0
C008864,3742572.79030204,93.8,1
C008865,94619.74845167078,21.9,0
C008866,4377589.388830614,98.2,1
C008867,159158.70378581743,32.0,0
C008868,184711.19452632294,36.0,0
C008869,344202.9962065893,65.1,0
C008870,449820.688441618,72.0,0
C008871,280634.29396176257,55.1,0
C008872,4018841.4203606113,95.6,1
C008873,166706.97250486247,33.1,0
C008874,3664195.5803193892,93.2,1
C008875,195768.54691669752,38.0,0
C008876,113801.41673224166,24.9,0
C008877,292948.6670428686,57.3,0
C008878,861112.1082368768,87.4,1
C008879,0.0,7.0,0
C008880,79423.89234884812,19.8,0
C008881,257312.5817740564,50.3,0
C008882,346175.2580925729,65.3,0
C008883,4105109.3556155283,96.2,1
C008884,139541.80574963437,28.8,0
C008885,416618.1477363793,70.8,0
C008886,3026991.4319494837,91.1,1
C008887,446962.22525068186,71.9,0
C008888,141915.606444785,29.3,0
C008889,3540662.485957215,92.4,1
C008890,50695.71865218812,16.6,0
C008891,0.0,7.0,0
C008892,0.0,7.0,0
C008893,571345.3636020928,75.6,0
C008894,343777.9244603151,65.0,0
C008895,738516.1749552945,82.4,1
C008896,913236.582631777,88.9,1
C008897,231625.58204544953,44.9,0
C008898,204394.618815897,39.7,0
C008899,687547.9095536561,80.1,1
C008900,729837.6505806388,82.0,1
C008901,129218.42240828939,27.3,0
C008902,103851.05924025472,23.3,0
C008903,235706.8725603993,45.8,0
C008904,358609.883967451,66.6,0
C008905,556976.3854723694,75.2,0
C008906,0.0,7.0,0
C008907,0.0,7.0,0
C008908,231104.134536126,44.8,0
C008909,394448.8858413358,69.5,0
C008910,172905.56277874706,34.1,0
C008911,269381.7956813367,53.0,0
C008912,379900.0842206328,68.4,0
C008913,126372.37234027561,26.9,0
C008914,0.0,7.0,0
C008915,858406.7621268237,87.3,1
C008916,0.0,7.0,0
C008917,745710.8606004698,82.8,1
C008918,248727.71814205573,48.5,0
C008919,95078.75924108698,22.0,0
C008920,159642.64127339583,32.0,0
C008921,0.0,7.0,0
C008922,4052928.2656533285,95.8,1
C008923,199721.1766290911,38.8,0
C008924,235722.9579955068,45.8,0
C008925,88052.23352296963,21.0,0
C008926,41117.623845260765,15.8,0
C008927,323956.31497766706,62.5,0
C008928,303335.1983982496,59.2,0
C008929,211709.21635111017,41.1,0
C008930,489354.95920424495,73.3,0
C008931,650608.8113140067,78.3,0
C008932,678053.9258815225,79.7,0
C008933,477863.64348357444,72.9,0
C008934,5.448271630350768,14.1,0
C008935,176624.23382950062,34.6,0
C008936,584846.2734572354,75.9,0
C008937,4094252.2234874745,96.1,1
C008938,314388.6461630969,61.0,0
C008939,293982.93512915954,57.5,0
C008940,657139.111392759,78.6,0
C008941,509679.05103208614,73.8,0
C008942,4066693.764548258,95.9,1
C008943,0.0,7.0,0
C008944,48536.51112203577,16.5,0
C008945,277138.4288180119,54.4,0
C008946,4382078.397452011,98.2,1
C008947,0.0,7.0,0
C008948,213634.42557439295,41.4,0
C008949,744148.2343170476,82.6,1
C008950,677443.2011477749,79.6,0
C008951,135863.43678427296,28.2,0
C008952,202077.17134164242,39.2,0
C008953,364120.07225770125,67.1,0
C008954,314695.054910925,61.1,0
C008955,210399.86695314173,40.9,0
C008956,322049.1360231625,62.2,0
C008957,255178.29834023712,49.8,0
C008958,4780893.659098306,99.6,1
C008959,155032.22520007342,31.3,0
C008960,620337.2833707978,77.3,0
C008961,181645.83533388356,35.5,0
C008962,0.0,7.0,0
C008963,309628.5911942988,60.3,0
C008964,252428.28911757978,49.3,0
C008965,757091.8579819613,83.3,1
C008966,215540.61165215302,41.9,0
C008967,332031.066137506,63.7,0
C008968,304874.36360698595,59.5,0
C008969,196134.589363727,38.1,0
C008970,0.0,7.0,0
C008971,180844.41038007336,35.4,0
C008972,0.0,7.0,0
C008973,3565348.7000233415,92.5,1
C008974,650465.3902258399,78.3,0
C008975,4578395.841771104,99.1,1
C008976,5139.580449751973,14.3,0
C008977,0.0,7.0,0
C008978,111958.18797870836,24.6,0
C008979,0.0,7.0,0
C008980,234347.80429544367,45.5,0
C008981,152596.69616764635,30.9,0
C008982,360682.78295284556,66.8,0
C008983,46438.35732654348,16.2,0
C008984,302464.01102680137,59.0,0
C008985,0.0,7.0,0
C008986,0.0,7.0,0
C008987,182028.0354087044,35.6,0
C008988,3854908.0107416236,94.4,1
C008989,224047.61769343252,43.5,0
C008990,370433.75561549584,67.6,0
C008991,498535.6659198644,73.5,0
C008992,540141.0774608258,74.6,0
C008993,274120.62581617315,53.9,0
C008994,46807.54870544456,16.3,0
C008995,52384.02871248769,16.7,0
C008996,91537.8693916529,21.5,0
C008997,233252.32711352716,45.3,0
C008998,286393.13544075796,56.2,0
C008999,100934.11777597826,22.8,0
C009000,0.0,7.0,0
C009001,822069.4906613473,86.0,1
C009002,148270.67524795825,30.3,0
C009003,4666992.891192712,99.3,1
C009004,4222719.304089233,97.0,1
C009005,0.0,7.0,0
C009006,978405.2339928272,90.0,1
C009007,335553.6006806327,64.0,0
C009008,262768.102038811,51.6,0
C009009,4892386.389707986,99.8,1
C009010,130165.97177179316,27.5,0
C009011,366912.9906244506,67.3,0
C009012,133526.3593762174,27.9,0
C009013,540060.0120885918,74.6,0
C009014,0.0,7.0,0
C009015,109517.84959704647,24.1,0
C009016,335574.92498336855,64.0,0
C009017,27156.60442114073,15.0,0
C009018,0.0,7.0,0
C009019,0.0,7.0,0
C009020,0.0,7.0,0
C009021,178333.58391773075,34.9,0
C009022,0.0,7.0,0
C009023,118659.10305274086,25.6,0
C009024,97645.17761616006,22.4,0
C009025,106954.63763350384,23.8,0
C009026,75318.20152023973,19.3,0
C009027,0.0,7.0,0
C009028,3756635.2778929397,93.8,1
C009029,3709985.0103107914,93.5,1
C009030,202755.5409338981,39.3,0
C009031,0.0,7.0,0
C009032,0.0,7.0,0
C009033,241724.99015330413,47.0,0
C009034,280136.7139024459,55.0,0
C009035,871440.7586400349,87.8,1
C009036,0.0,7.0,0
C009037,283821.9440727482,55.7,0
C009038,0.0,7.0,0
C009039,3380233.875062331,91.8,1
C009040,498101.92918888415,73.5,0
C009041,657766.0246401812,78.6,0
C009042,44455.33113249121,16.1,0
C009043,0.0,7.0,0
C009044,203025.08951344376,39.4,0
C009045,4170171.05275936,96.6,1
C009046,782518.0508274622,84.3,1
C009047,164032.62484158503,32.7,0
C009048,424069.3661939759,71.1,0
C009049,235903.69553995182,45.8,0
C009050,3883483.2821441866,94.6,1
C009051,206644.52938220042,40.2,0
C009052,0.0,7.0,0
C009053,107142.5508253958,23.8,0
C009054,0.0,7.0,0
C009055,219762.20423507356,42.6,0
C009056,308569.5887170768,60.1,0
C009057,381493.981189209,68.5,0
C009058,2162463.41808311,90.8,1
C009059,122670.12069849153,26.3,0
C009060,262428.27586656786,51.5,0
C009061,341163.3838142969,64.7,0
C009062,260565.73491520993,51.0,0
C009063,0.0,7.0,0
C009064,951732.4616225872,89.6,1
C009065,195795.94089970534,38.1,0
C009066,204090.12053853902,39.5,0
C009067,379156.12054625765,68.4,0
C009068,287381.3429135868,56.3,0
C009069,0.0,7.0,0
C009070,43001.67615299005,16.0,0
C009071,282379.5961219955,55.4,0
C009072,259532.21968164615,50.7,0
C009073,172690.03914690687,34.0,0
C009074,0.0,7.0,0
C009075,496440.63324067177,73.5,0
C009076,0.0,7.0,0
C009077,414511.81846644083,70.7,0
C009078,4169637.5145535837,96.6,1
C009079,113023.70483540198,24.8,0
C009080,247876.92039054394,48.2,0
C009081,177626.85668588962,34.8,0
C009082,874849.9088918208,87.9,1
C009083,880036.7819634816,88.0,1
C009084,3659428.3229190535,93.1,1
C009085,3234775.067558875,91.4,1
C009086,881266.60662021,88.1,1
C009087,132927.66483619637,27.8,0
C009088,0.0,7.0,0
C009089,0.0,7.0,0
C009090,118883.91952987957,25.6,0
C009091,435043.46664572647,71.5,0
C009092,965111.6155728847,89.9,1
C009093,793514.1430189178,84.8,1
C009094,749738.4275141247,82.9,1
C009095,140632.48297191632,29.0,0
C009096,64577.02037514259,18.0,0
C009097,0.0,7.0,0
C009098,105215.96379906463,23.5,0
C009099,0.0,7.0,0
C009100,265481.53254393267,52.2,0
C009101,226436.6998666364,43.9,0
C009102,290504.51617046806,56.8,0
C009103,0.0,7.0,0
C009104,0.0,7.0,0
C009105,0.0,7.0,0
C009106,484778.27079115546,73.1,0
C009107,134221.51077113606,28.0,0
C009108,154992.8741111688,31.3,0
C009109,318467.3403609162,61.7,0
C009110,188390.56023030338,36.8,0
C009111,110713.01718552245,24.3,0
C009112,127323.14848845312,27.1,0
C009113,174105.9050339958,34.2,0
C009114,368916.37856593827,67.5,0
C009115,0.0,7.0,0
C009116,906115.7830835588,88.7,1
C009117,0.0,7.0,0
C009118,386385.9019078533,68.9,0
C009119,176607.3292731422,34.6,0
C009120,309688.6410694845,60.3,0
C009121,262508.7028431711,51.5,0
C009122,0.0,7.0,0
C009123,146758.5354971293,30.1,0
C009124,132984.91524889652,27.9,0
C009125,328460.2771794315,63.1,0
C009126,672266.1661523331,79.3,0
C009127,295346.4560840837,57.7,0
C009128,633564.5483779529,77.7,0
C009129,402356.4616634996,70.0,0
C009130,4530460.068947227,98.9,1
C009131,187964.47050932923,36.7,0
C009132,0.0,7.0,0
C009133,366754.3536884766,67.3,0
C009134,3523316.784317725,92.4,1
C009135,302936.3177122101,59.1,0
C009136,214577.0441326185,41.6,0
C009137,306358.6605000242,59.7,0
C009138,0.0,7.0,0
C009139,489536.5574643938,73.3,0
C009140,0.0,7.0,0
C009141,203815.5287838597,39.5,0
C009142,299457.5841242976,58.4,0
C009143,242493.2921779033,47.2,0
C009144,3296160.5238105683,91.5,1
C009145,0.0,7.0,0
C009146,790130.135739244,84.7,1
C009147,197456.60820652777,38.4,0
C009148,319118.0426777592,61.8,0
C009149,61609.89488590929,17.7,0
C009150,0.0,7.0,0
C009151,160002.52499412783,32.1,0
C009152,273957.64187399193,53.9,0
C009153,268616.3823936172,52.8,0
C009154,184132.31225903193,35.9,0
C009155,117721.13549647787,25.5,0
C009156,166007.6063808992,33.0,0
C009157,768922.8142190534,83.8,1
C009158,70333.16916380997,18.7,0
C009159,308379.6433236076,60.0,0
C009160,325494.11336589046,62.7,0
C009161,145755.95074929294,29.9,0
C009162,375376.27689244045,68.0,0
C009163,414206.67341137026,70.6,0
C009164,124167.64057944315,26.5,0
C009165,198361.81660884438,38.6,0
C009166,0.0,7.0,0
C009167,707646.0246172063,81.1,1
C009168,652145.0385591785,78.4,0
C009169,217870.6273628741,42.3,0
C009170,189528.12675413876,37.0,0
C009171,286053.563888047,56.1,0
C009172,4356378.947582704,98.0,1
C009173,599086.1615087999,76.4,0
C009174,133831.3461452124,27.9,0
C009175,0.0,7.0,0
C009176,205327.920877081,39.9,0
C009177,0.0,7.0,0
C009178,0.0,7.0,0
C009179,4246882.298688627,97.2,1
C009180,304526.12294579827,59.4,0
C009181,3382829.250840062,91.8,1
C009182,333426.9961100923,63.8,0
C009183,281717.78663216275,55.3,0
C009184,0.0,7.0,0
C009185,353144.89322495816,66.1,0
C009186,72249.12773935033,18.9,0
C009187,342680.07231290115,64.9,0
C009188,77413.05453553308,19.6,0
C009189,248108.51100837064,48.3,0
C009190,29233.52045780576,15.0,0
C009191,868649.0999327921,87.6,1
C009192,80038.79335832121,20.0,0
C009193,926780.5111755914,89.2,1
C009194,0.0,7.0,0
C009195,916686.1607977164,89.0,1
C009196,181860.36126564088,35.6,0
C009197,622652.4895737194,77.3,0
C009198,613648.7557390009,77.0,0
C009199,173794.20052041727,34.2,0
C009200,697005.2895715595,80.6,1
C009201,202796.9121951399,39.3,0
C009202,293236.4330203347,57.4,0
C009203,346475.4643620775,65.4,0
C009204,3653386.2972144596,93.1,1
C009205,57398.44604789658,17.2,0
C009206,245089.82403100876,47.7,0
C009207,139472.9241097192,28.8,0
C009208,862556.5245066897,87.4,1
C009209,126782.67242585288,26.9,0
C009210,141859.3426565244,29.3,0
C009211,271323.18136543845,53.3,0
C009212,694303.1458865714,80.5,1
C009213,307435.77352908836,59.9,0
C009214,57269.58840487359,17.2,0
C009215,0.0,7.0,0
C009216,0.0,7.0,0
C009217,168562.3096062921,33.5,0
C009218,74341.10796021413,19.2,0
C009219,654868.4049275041,78.5,0
C009220,0.0,7.0,0
C009221,278690.71193553513,54.7,0
C009222,122527.19477281591,26.2,0
C009223,252399.4360394025,49.2,0
C009224,3842772.7780852905,94.3,1
C009225,17670.81175757507,14.6,0
C009226,116927.41968813352,25.4,0
C009227,0.0,7.0,0
C009228,142840.06611416626,29.4,0
C009229,198830.79150238808,38.7,0
C009230,5007065.770383336,99.9,1
C009231,145549.71429574597,29.9,0
C009232,278335.074537894,54.7,0
C009233,281516.98692556913,55.2,0
C009234,491498.10595604446,73.3,0
C009235,258120.4647511613,50.5,0
C009236,321917.68560791045,62.1,0
C009237,499512.3175223951,73.6,0
C009238,0.0,7.0,0
C009239,225261.26934999425,43.7,0
C009240,529944.8155042245,74.4,0
C009241,263866.1593874431,51.8,0
C009242,4510793.360880755,98.8,1
C009243,562357.8999465189,75.3,0
C009244,237352.88576078523,46.2,0
C009245,430095.07246263867,71.3,0
C009246,218863.14593185004,42.5,0
C009247,277417.46332002996,54.5,0
C009248,280296.23693024326,55.0,0
C009249,0.0,7.0,0
C009250,745624.3933385011,82.7,1
C009251,204688.25164011598,39.7,0
C009252,0.0,7.0,0
C009253,93152.57253829238,21.8,0
C009254,40455.642297912476,15.8,0
C009255,814466.9922622514,85.6,1
C009256,284418.27099014615,55.8,0
C009257,184543.04874501747,36.0,0
C009258,150871.9735245375,30.7,0
C009259,293051.93968180614,57.3,0
C009260,207918.3008695475,40.4,0
C009261,840257.6155110254,86.7,1
C009262,76077.86757815836,19.4,0
C009263,220778.01997350084,42.8,0
C009264,521202.4223750384,74.1,0
C009265,59300.23504653551,17.4,0
C009266,233264.8573271575,45.3,0
C009267,138963.62428058207,28.7,0
C009268,0.0,7.0,0
C009269,0.0,7.0,0
C009270,3683039.096485568,93.3,1
C009271,121536.33752936104,26.0,0
C009272,231472.77798394568,44.9,0
C009273,259967.82984104124,50.8,0
C009274,152257.25142505337,30.9,0
C009275,3207890.821930148,91.3,1
C009276,76885.68713258863,19.5,0
C009277,4288301.219841781,97.6,1
C009278,8517.250153532044,14.3,0
C009279,299956.4031805895,58.5,0
C009280,446695.4468667806,71.9,0
C009281,198252.11393513036,38.6,0
C009282,12748.414252502298,14.5,0
C009283,620259.0659662484,77.2,0
C009284,300381.66339280055,58.6,0
C009285,171539.2226268505,33.8,0
C009286,205475.0419263637,39.9,0
C009287,276386.6445480345,54.3,0
C009288,198798.4201045823,38.7,0
C009289,4270372.414975265,97.4,1
C009290,144345.6718186522,29.7,0
C009291,102490.73712689371,23.1,0
C009292,114511.13172216142,25.0,0
C009293,4125544.5303861964,96.3,1
C009294,332211.5380573291,63.7,0
C009295,282449.4135410353,55.4,0
C009296,1006117.7272462043,90.3,1
C009297,256149.59906576207,50.0,0
C009298,188250.05419095978,36.7,0
C009299,3859501.5907156775,94.4,1
C009300,0.0,7.0,0
C009301,56300.32019677458,17.1,0
C009302,680514.3424713694,79.7,0
C009303,266021.78567273956,52.3,0
C009304,4907101.606182696,99.9,1
C009305,348326.98496906075,65.6,0
C009306,0.0,7.0,0
C009307,177065.54253302637,34.7,0
C009308,209730.76461381227,40.7,0
C009309,251677.30158620168,49.1,0
C009310,443646.88432880415,71.8,0
C009311,278020.2612854624,54.6,0
C009312,665506.0371454944,79.0,0
C009313,308439.6912372074,60.1,0
C009314,957731.3653820043,89.8,1
C009315,0.0,7.0,0
C009316,144689.29183137463,29.7,0
C009317,118921.4117869598,25.7,0
C009318,0.0,7.0,0
C009319,4071567.922458942,96.0,1
C009320,157976.04823060808,31.8,0
C009321,783385.0517065487,84.4,1
C009322,646863.5632308421,78.2,0
C009323,330617.29388673574,63.5,0
C009324,168676.3375332264,33.5,0
C009325,158248.69073867786,31.8,0
C009326,216959.132221354,42.1,0
C009327,4110865.2475389875,96.2,1
C009328,4011775.116435691,95.5,1
C009329,275257.24509810307,54.1,0
C009330,366995.79014041205,67.3,0
C009331,4068795.8407289702,96.0,1
C009332,163011.0863930907,32.5,0
C009333,0.0,7.0,0
C009334,354631.72375287255,66.3,0
C009335,0.0,7.0,0
C009336,240961.6454760291,46.9,0
C009337,200647.47542978093,39.0,0
C009338,0.0,7.0,0
C009339,220663.00384242347,42.8,0
C009340,4435438.973369509,98.5,1
C009341,3109267.5126468353,91.1,1
C009342,137094.3703076577,28.4,0
C009343,662743.7733246253,78.8,0
C009344,248632.60674681602,48.4,0
C009345,302029.37311405514,58.9,0
C009346,115518.16909403734,25.2,0
C009347,0.0,7.0,0
C009348,197518.5875838941,38.4,0
C009349,4567643.16555268,99.0,1
C009350,83290.35300002861,20.4,0
C009351,141437.37784734313,29.2,0
C009352,333987.9905856223,63.9,0
C009353,72335.43127405213,18.9,0
C009354,248614.58380631954,48.4,0
C009355,92680.5879955444,21.7,0
C009356,151355.37370739193,30.7,0
C009357,245216.6880095934,47.7,0
C009358,0.0,7.0,0
C009359,3774044.303813215,93.9,1
C009360,910804.448408284,88.8,1
C009361,234576.05691730737,45.5,0
C009362,369245.8396530083,67.5,0
C009363,79972.03536995835,19.9,0
C009364,97396.35381420769,22.3,0
C009365,651163.9472983276,78.4,0
C009366,86838.65778864849,20.8,0
C009367,131707.7457312703,27.7,0
C009368,56037.767845177514,17.1,0
C009369,0.0,7.0,0
C009370,300305.63949703745,58.6,0
C009371,4301798.394114094,97.7,1
C009372,367033.6210661173,67.3,0
C009373,0.0,7.0,0
C009374,114391.12683182038,25.0,0
C009375,955592.395790369,89.7,1
C009376,0.0,7.0,0
C009377,934680.2282576936,89.3,1
C009378,197794.39492089459,38.4,0
C009379,780978.7325450904,84.3,1
C009380,180257.54035843068,35.3,0
C009381,102339.85830424925,23.1,0
C009382,268106.5555967086,52.7,0
C009383,208553.46765617013,40.5,0
C009384,0.0,7.0,0
C009385,370289.8287176851,67.6,0
C009386,294670.53161073517,57.6,0
C009387,69121.77948261041,18.5,0
C009388,616805.8295094618,77.1,0
C009389,4029764.9140430167,95.6,1
C009390,266439.1288213006,52.4,0
C009391,0.0,7.0,0
C009392,179689.51772674458,35.2,0
C009393,630188.420426684,77.6,0
C009394,0.0,7.0,0
C009395,295061.17513448116,57.7,0
C009396,467364.49223987036,72.6,0
C009397,162969.7244629331,32.5,0
C009398,0.0,7.0,0
C009399,131329.13468787342,27.6,0
C009400,270129.32591662876,53.1,0
C009401,0.0,7.0,0
C009402,364149.53639997216,67.1,0
C009403,223260.84031394598,43.3,0
C009404,43998.182702329184,16.1,0
C009405,316154.7275936417,61.4,0
C009406,188515.74276823748,36.8,0
C009407,791784.7816970405,84.7,1
C009408,1291.2922386037194,14.2,0
C009409,188840.81108664212,36.9,0
C009410,313290.75255611236,60.9,0
C009411,161595.69814312158,32.4,0
C009412,907695.6554336114,88.8,1
C009413,216894.7433366959,42.1,0
C009414,0.0,7.0,0
C009415,246481.5377071183,47.9,0
C009416,0.0,7.0,0
C009417,0.0,7.0,0
C009418,74152.34285110167,19.1,0
C009419,0.0,7.0,0
C009420,3575928.332935096,92.6,1
C009421,4059640.717142973,95.9,1
C009422,280078.1691546118,55.0,0
C009423,762409.3765925866,83.5,1
C009424,351806.33385827864,65.9,0
C009425,0.0,7.0,0
C009426,902037.8504482628,88.6,1
C009427,35513.22685620114,15.4,0
C009428,349587.30620490096,65.7,0
C009429,114346.42250751443,25.0,0
C009430,228213.59348598693,44.3,0
C009431,811094.3254090309,85.5,1
C009432,265922.0975086768,52.3,0
C009433,172398.1351707603,34.0,0
C009434,85831.00766237978,20.7,0
C009435,405743.76770014304,70.1,0
C009436,647869.5285841513,78.2,0
C009437,88656.36827417898,21.1,0
C009438,233944.36997540924,45.4,0
C009439,681105.1656762022,79.8,0
C009440,198018.27304416493,38.5,0
C009441,345897.01396873617,65.3,0
C009442,0.0,7.0,0
C009443,516516.5988390984,74.0,0
C009444,135058.56648521786,28.1,0
C009445,660309.659072934,78.7,0
C009446,342440.6697518857,64.9,0
C009447,356105.92771657964,66.4,0
C009448,602914.8255923446,76.6,0
C009449,186400.7119738429,36.3,0
C009450,268950.238616605,52.9,0
C009451,1071813.3106771288,90.6,1
C009452,0.0,7.0,0
C009453,273193.3422615987,53.7,0
C009454,252006.68169527323,49.1,0
C009455,907512.0268968442,88.7,1
C009456,763653.0823265506,83.5,1
C009457,525256.894640999,74.2,0
C009458,0.0,7.0,0
C009459,210465.55238714122,40.9,0
C009460,188748.8385071037,36.9,0
C009461,3818947.010351366,94.2,1
C009462,614396.0636750072,77.0,0
C009463,761828.1569077583,83.4,1
C009464,0.0,7.0,0
C009465,810014.5623544992,85.5,1
C009466,874268.955801226,87.9,1
C009467,0.0,7.0,0
C009468,110812.27424540718,24.4,0
C009469,786865.4182351592,84.5,1
C009470,196932.58463617213,38.3,0
C009471,2832208.702337718,90.9,1
C009472,4683713.142482187,99.3,1
C009473,2881877.494526008,90.9,1
C009474,295499.4507429171,57.8,0
C009475,41633.28667165392,15.9,0
C009476,425213.15092085436,71.1,0
C009477,122235.0291664575,26.2,0
C009478,104268.4791121227,23.4,0
C009479,0.0,7.0,0
C009480,395242.6522262363,69.6,0
C009481,222778.24236927822,43.2,0
C009482,354575.87413127196,66.3,0
C009483,156401.74494280532,31.5,0
C009484,137932.12419391738,28.5,0
C009485,833871.5316413553,86.5,1
C009486,415646.34263484745,70.7,0
C009487,159792.2645443456,32.1,0
C009488,516759.68750481354,74.0,0
C009489,93341.25960142809,21.8,0
C009490,116858.76672304439,25.4,0
C009491,211199.0445089624,41.0,0
C009492,140079.81471983998,28.9,0
C009493,271917.07687891566,53.4,0
C009494,3561165.2081228355,92.5,1
C009495,564675.7418464483,75.3,0
C009496,3830689.908210354,94.3,1
C009497,506927.21041445824,73.7,0
C009498,225653.4897996185,43.8,0
C009499,882488.5015838869,88.1,1
C009500,331878.3511216822,63.6,0
C009501,484518.7434135617,73.1,0
C009502,276839.1680056354,54.4,0
C009503,500684.4164197422,73.6,0
C009504,316182.9710202682,61.4,0
C009505,298968.26821973134,58.4,0
C009506,78707.35254763541,19.7,0
C009507,789780.1468401959,84.6,1
C009508,0.0,7.0,0
C009509,4110836.1175255296,96.2,1
C009510,244618.42556015137,47.6,0
C009511,241180.01749934658,46.9,0
C009512,894314.4476246483,88.4,1
C009513,0.0,7.0,0
C009514,342066.5652730146,64.8,0
C009515,114634.43927135633,25.1,0
C009516,0.0,7.0,0
C009517,210042.87645944537,40.8,0
C009518,119084.10413658795,25.7,0
C009519,494399.8281621733,73.4,0
C009520,195838.43244550403,38.1,0
C009521,261303.98345032713,51.2,0
C009522,4366615.663145994,98.1,1
C009523,256897.25267057665,50.2,0
C009524,4133965.335588164,96.4,1
C009525,382342.40031788533,68.6,0
C009526,318222.0549996782,61.6,0
C009527,3652547.0552021125,93.1,1
C009528,0.0,7.0,0
C009529,680586.7064008885,79.8,0
C009530,156168.36882418013,31.5,0
C009531,276001.13739916624,54.2,0
C009532,0.0,7.0,0
C009533,233666.9959222114,45.4,0
C009534,174869.66986775244,34.4,0
C009535,194389.89608728673,37.8,0
C009536,224240.088598829,43.5,0
C009537,776178.378272987,84.1,1
C009538,86039.25828121387,20.7,0
C009539,4338511.508334864,97.9,1
C009540,264800.13045887573,52.0,0
C009541,318112.5129477088,61.6,0
C009542,128702.3838628698,27.2,0
C009543,412349.94043696387,70.5,0
C009544,395603.07474998094,69.6,0
C009545,333068.9348985719,63.8,0
C009546,143875.9103824617,29.6,0
C009547,475689.91658371326,72.9,0
C009548,339874.0670878835,64.5,0
C009549,735174.308298807,82.3,1
C009550,200779.48281162223,39.0,0
C009551,814187.5774770977,85.6,1
C009552,246362.15673515238,47.9,0
C009553,761648.3061696333,83.4,1
C009554,450725.20495685755,72.1,0
C009555,3678673.887155491,93.2,1
C009556,248580.2614697418,48.4,0
C009557,296273.6641674874,57.9,0
C009558,45762.51108204904,16.2,0
C009559,264351.80298520427,51.9,0
C009560,248643.6152510594,48.4,0
C009561,221872.63833274762,43.0,0
C009562,3289639.630891384,91.5,1
C009563,346624.4738214358,65.4,0
C009564,227542.80060446355,44.2,0
C009565,452020.7351175552,72.1,0
C009566,124220.31739952658,26.5,0
C009567,0.0,7.0,0
C009568,3952600.8565163994,95.1,1
C009569,348496.60611929407,65.6,0
C009570,845631.6633653122,87.0,1
C009571,310595.4668114293,60.5,0
C009572,105148.56209808459,23.5,0
C009573,77055.29256903034,19.5,0
C009574,4218395.311619753,97.0,1
C009575,250292.73720371368,48.8,0
C009576,896624.8879156441,88.5,1
C009577,0.0,7.0,0
C009578,442118.03034629894,71.8,0
C009579,3775467.946635929,94.0,1
C009580,0.0,7.0,0
C009581,4710549.445235429,99.4,1
C009582,540238.9906492168,74.7,0
C009583,77826.9409510374,19.6,0
C009584,0.0,7.0,0
C009585,0.0,7.0,0
C009586,241324.12021241672,46.9,0
C009587,249477.11788241702,48.6,0
C009588,0.0,7.0,0
C009589,642401.4382086762,78.0,0
C009590,48051.470029913165,16.4,0
C009591,4517731.013012786,98.8,1
C009592,326998.27302201354,62.9,0
C009593,375258.73643090756,68.0,0
C009594,162255.0559770072,32.4,0
C009595,311374.74475707527,60.6,0
C009596,664424.8258448377,79.0,0
C009597,163048.7195147807,32.6,0
C009598,0.0,7.0,0
C009599,309588.7443288456,60.3,0
C009600,336805.99065502384,64.2,0
C009601,880077.8216123338,88.0,1
C009602,304469.6475487012,59.4,0
C009603,244424.74419352855,47.5,0
C009604,554710.816528467,75.1,0
C009605,0.0,7.0,0
C009606,64722.206633513255,18.0,0
C009607,192530.60887289065,37.5,0
C009608,0.0,7.0,0
C009609,147504.3834781353,30.2,0
C009610,215012.09673325936,41.7,0
C009611,385964.31297445303,68.9,0
C009612,458103.69103872136,72.4,0
C009613,845963.0181282763,87.0,1
C009614,3015878.041782472,91.0,1
C009615,241639.08452977,47.0,0
C009616,0.0,7.0,0
C009617,3313128.371045223,91.6,1
C009618,220239.72036241787,42.8,0
C009619,0.0,7.0,0
C009620,876722.9262891471,87.9,1
C009621,0.0,7.0,0
C009622,92465.93460344242,21.7,0
C009623,0.0,7.0,0
C009624,0.0,7.0,0
C009625,81951.09702661178,20.2,0
C009626,561464.42057315,75.3,0
C009627,241127.93476438004,46.9,0
C009628,0.0,7.0,0
C009629,370414.83729614154,67.6,0
C009630,99749.57177172006,22.7,0
C009631,129140.96881310488,27.3,0
C009632,847346.9536409727,87.0,1
C009633,33100.2174090834,15.4,0
C009634,251921.23580198543,49.1,0
C009635,4396414.643709278,98.3,1
C009636,326997.105262597,62.9,0
C009637,110919.65724346986,24.4,0
C009638,386601.6361257747,69.0,0
C009639,506030.9212250608,73.7,0
C009640,0.0,7.0,0
C009641,958356.2808367938,89.8,1
C009642,261268.24947160593,51.2,0
C009643,117237.66400753793,25.4,0
C009644,139401.24320896555,28.8,0
C009645,311853.86502164736,60.7,0
C009646,228052.24109338317,44.3,0
C009647,298111.9129795094,58.2,0
C009648,961592.2220635306,89.8,1
C009649,139819.20186824398,28.9,0
C009650,125199.1724491866,26.7,0
C009651,57224.780847196285,17.2,0
C009652,624461.9864553774,77.4,0
C009653,0.0,7.0,0
C009654,204841.57973723602,39.7,0
C009655,78198.68410651329,19.7,0
C009656,281884.80567018106,55.3,0
C009657,4054935.5494609335,95.8,1
C009658,86128.8853841199,20.7,0
C009659,229316.9614049519,44.5,0
C009660,201821.88850789898,39.1,0
C009661,68647.46137205428,18.5,0
C009662,780350.6337680708,84.2,1
C009663,124653.31054517157,26.6,0
C009664,3288152.96976872,91.5,1
C009665,0.0,7.0,0
C009666,52036.48269046092,16.7,0
C009667,0.0,7.0,0
C009668,293394.96185292513,57.4,0
C009669,0.0,7.0,0
C009670,680806.3384471494,79.8,0
C009671,151443.99103457318,30.7,0
C009672,324492.6146134012,62.6,0
C009673,227711.0196806144,44.2,0
C009674,221891.93774779298,43.0,0
C009675,749576.5128251367,82.9,1
C009676,328071.09855571296,63.1,0
C009677,0.0,7.0,0
C009678,247341.4768546953,48.1,0
C009679,158288.9829714684,31.8,0
C009680,326662.41682644666,62.9,0
C009681,4101891.456565133,96.2,1
C009682,116981.91391538407,25.4,0
C009683,854650.9067039677,87.3,1
C009684,798595.0040924513,85.0,1
C009685,3349676.1041148216,91.7,1
C009686,270554.0148396512,53.2,0
C009687,303550.8411377743,59.2,0
C009688,4016727.65074995,95.6,1
C009689,858788.1581655012,87.3,1
C009690,233148.21514686025,45.2,0
C009691,449519.16808713,72.0,0
C009692,0.0,7.0,0
C009693,3231333.2803064934,91.4,1
C009694,167598.77889181374,33.3,0
C009695,283457.66755286214,55.6,0
C009696,255888.2029253952,50.0,0
C009697,276437.3124967941,54.4,0
C009698,702989.6455927014,80.9,1
C009699,735761.1798172675,82.3,1
C009700,4558119.509957482,99.0,1
C009701,549320.2168450649,75.0,0
C009702,204120.94162518426,39.6,0
C009703,947340.165295756,89.6,1
C009704,222800.96159679664,43.2,0
C009705,559501.5093365576,75.2,0
C009706,108157.9495380243,23.9,0
C009707,218008.826365476,42.3,0
C009708,18064.11942631898,14.6,0
C009709,113714.2458061066,24.9,0
C009710,0.0,7.0,0
C009711,448132.62104196154,72.0,0
C009712,223484.84653261123,43.3,0
C009713,82969.02421780108,20.3,0
C009714,3427428.317481903,91.9,1
C009715,242855.07752235763,47.2,0
C009716,887267.1892409099,88.2,1
C009717,4535053.501574061,98.9,1
C009718,0.0,7.0,0
C009719,4243812.175565945,97.2,1
C009720,168802.33084185838,33.5,0
C009721,0.0,7.0,0
C009722,225941.06958403368,43.8,0
C009723,232738.17474574767,45.1,0
C009724,218075.09525179496,42.3,0
C009725,0.0,7.0,0
C009726,692351.6021530951,80.4,1
C009727,454983.8046364587,72.3,0
C009728,323626.1929069105,62.4,0
C009729,439475.20962463826,71.7,0
C009730,867554.5927386645,87.6,1
C009731,197052.470153671,38.3,0
C009732,260077.25974706915,50.9,0
C009733,1020959.1909964136,90.4,1
C009734,3297615.9516206775,91.5,1
C009735,361517.5881967498,66.8,0
C009736,3215280.932846522,91.4,1
C009737,36532.72567766696,15.5,0
C009738,0.0,7.0,0
C009739,412960.6778475177,70.5,0
C009740,333296.31732335006,63.8,0
C009741,192345.8512350908,37.4,0
C009742,142307.81863849392,29.4,0
C009743,295489.3598224317,57.8,0
C009744,0.0,7.0,0
C009745,74771.45994523707,19.2,0
C009746,376575.8972486826,68.2,0
C009747,262115.3672221846,51.4,0
C009748,0.0,7.0,0
C009749,712788.3778212807,81.4,1
C009750,161065.69146615104,32.3,0
C009751,223289.97033831492,43.3,0
C009752,234814.2519200061,45.6,0
C009753,4314977.7095509395,97.8,1
C009754,0.0,7.0,0
C009755,231659.47980470568,44.9,0
C009756,55260.91027468616,17.0,0
C009757,454295.2968193897,72.2,0
C009758,3690702.5789887407,93.3,1
C009759,686388.4495126383,80.0,1
C009760,300143.19183464564,58.6,0
C009761,4258045.138584597,97.3,1
C009762,0.0,7.0,0
C009763,535852.6623287591,74.5,0
C009764,147952.78862791831,30.3,0
C009765,0.0,7.0,0
C009766,646639.5294473096,78.2,0
C009767,503516.6852602247,73.7,0
C009768,380657.9298091013,68.5,0
C009769,3828612.6419062023,94.3,1
C009770,267898.56944089266,52.6,0
C009771,106455.75880848509,23.7,0
C009772,103129.90486489522,23.2,0
C009773,340719.3390109413,64.7,0
C009774,63069.969343765835,17.8,0
C009775,825314.8335066271,86.1,1
C009776,696941.8440048171,80.6,1
C009777,370407.3487344012,67.6,0
C009778,0.0,7.0,0
C009779,0.0,7.0,0
C009780,826475.4000354607,86.2,1
C009781,199706.50130386744,38.8,0
C009782,409690.1450938884,70.3,0
C009783,1072063.6088978995,90.6,1
C009784,298976.5340416448,58.4,0
C009785,395284.3753678195,69.6,0
C009786,801576.3180026442,85.1,1
C009787,261134.75050761184,51.2,0
C009788,432217.3906916891,71.4,0
C009789,260471.49096474837,51.0,0
C009790,744913.9840901804,82.7,1
C009791,696511.9861613973,80.6,1
C009792,3528516.473402397,92.4,1
C009793,3475315.4116342613,92.1,1
C009794,587136.0571249414,76.0,0
C009795,0.0,7.0,0
C009796,3764101.3508097255,93.9,1
C009797,994039.5744628187,90.2,1
C009798,3874947.1551591204,94.5,1
C009799,240808.16155276433,46.8,0
C009800,3614097.0521239196,92.8,1
C009801,0.0,7.0,0
C009802,223701.1619369678,43.4,0
C009803,0.0,7.0,0
C009804,659780.057093855,78.7,0
C009805,0.0,7.0,0
C009806,238940.2687434376,46.5,0
C009807,3892000.9804211208,94.6,1
C009808,219398.52532598024,42.6,0
C009809,0.0,7.0,0
C009810,147872.1032802259,30.2,0
C009811,163441.93573403993,32.6,0
C009812,238401.03384162326,46.4,0
C009813,4181673.3299429524,96.7,1
C009814,0.0,7.0,0
C009815,638368.725974631,77.9,0
C009816,4621606.869248792,99.2,1
C009817,4142252.43753881,96.4,1
C009818,55802.83502205684,17.1,0
C009819,229022.52531814337,44.5,0
C009820,0.0,7.0,0
C009821,341839.7791251474,64.8,0
C009822,195493.88742092878,38.0,0
C009823,237558.8333869131,46.2,0
C009824,212090.80541933686,41.2,0
C009825,4368775.687963994,98.1,1
C009826,345262.93313240254,65.2,0
C009827,215128.75731350857,41.8,0
C009828,127937.83186548534,27.1,0
C009829,353808.8478189758,66.2,0
C009830,179509.31799996883,35.2,0
C009831,897001.6329789513,88.5,1
C009832,0.0,7.0,0
C009833,98752.59876685932,22.5,0
C009834,66436.85218172746,18.2,0
C009835,4414975.739887963,98.3,1
C009836,904969.293254839,88.7,1
C009837,135825.36398419738,28.2,0
C009838,275682.93496340944,54.2,0
C009839,90563.045682027,21.4,0
C009840,208974.3360611389,40.6,0
C009841,832393.7509607942,86.4,1
C009842,577625.1713289924,75.7,0
C009843,239840.73575523586,46.7,0
C009844,622134.5047617586,77.3,0
C009845,382934.0597635037,68.6,0
C009846,63883.33315139545,17.9,0
C009847,236277.36537027,45.9,0
C009848,0.0,7.0,0
C009849,3893560.2437758637,94.6,1
C009850,952162.2531682573,89.7,1
C009851,198448.31706998093,38.6,0
C009852,0.0,7.0,0
C009853,466139.267003573,72.6,0
C009854,746652.617592369,82.8,1
C009855,3555129.9302401533,92.5,1
C009856,0.0,7.0,0
C009857,383702.2441062606,68.7,0
C009858,181830.6097779065,35.5,0
C009859,326326.00427998527,62.8,0
C009860,323359.2488187099,62.4,0
C009861,302252.9379505127,59.0,0
C009862,2906282.119762359,90.9,1
C009863,331361.90745908284,63.6,0
C009864,3588415.7985403165,92.7,1
C009865,109755.20090226748,24.2,0
C009866,4164455.32242543,96.6,1
C009867,0.0,7.0,0
C009868,909583.0333888114,88.8,1
C009869,0.0,7.0,0
C009870,4553275.240938882,99.0,1
C009871,0.0,7.0,0
C009872,326862.2331871939,62.9,0
C009873,702268.9974147264,80.8,1
C009874,398857.6837511757,69.8,0
C009875,278233.8376091744,54.6,0
C009876,0.0,7.0,0
C009877,437706.40575752256,71.6,0
C009878,568351.5095470893,75.4,0
C009879,233533.08234438708,45.4,0
C009880,317294.5668776988,61.5,0
C009881,413705.9248718439,70.6,0
C009882,278069.82414254366,54.6,0
C009883,228735.77857514366,44.4,0
C009884,548304.7163378762,74.9,0
C009885,266892.91530313814,52.5,0
C009886,34414.0708397938,15.4,0
C009887,0.0,7.0,0
C009888,4346705.628722049,98.0,1
C009889,204364.32755871053,39.6,0
C009890,388653.55336905585,69.1,0
C009891,237807.48140343913,46.3,0
C009892,3308506.918853942,91.6,1
C009893,201583.66255668993,39.1,0
C009894,88572.8713586838,21.1,0
C009895,164640.0636096902,32.8,0
C009896,311611.624013445,60.6,0
C009897,127992.53371590123,27.1,0
C009898,293985.26113123057,57.5,0
C009899,189621.65814470712,37.0,0
C009900,153413.21156018926,31.0,0
C009901,785614.8811439744,84.5,1
C009902,0.0,7.0,0
C009903,250446.65207611027,48.8,0
C009904,281523.70953872974,55.2,0
C009905,0.0,7.0,0
C009906,284129.50233861624,55.7,0
C009907,0.0,7.0,0
C009908,197372.18463146294,38.4,0
C009909,145438.0914940995,29.9,0
C009910,68284.57632637826,18.4,0
C009911,418552.0556125526,70.9,0
C009912,318068.4110446683,61.6,0
C009913,574802.0743820712,75.6,0
C009914,304324.7682292229,59.4,0
C009915,69736.74926774231,18.6,0
C009916,209424.59151237685,40.7,0
C009917,183528.3994280361,35.8,0
C009918,896353.3402135513,88.4,1
C009919,210448.37500927827,40.9,0
C009920,582868.677518753,75.9,0
C009921,376329.3648178723,68.1,0
C009922,181373.40480394507,35.5,0
C009923,3710747.6467906036,93.5,1
C009924,4244494.910891667,97.2,1
C009925,455772.4666192911,72.3,0
C009926,361424.9541266383,66.8,0
C009927,4903021.214867235,99.8,1
C009928,0.0,7.0,0
C009929,237235.39617941075,46.1,0
C009930,3522176.0969728264,92.4,1
C009931,145160.6044553396,29.8,0
C009932,0.0,7.0,0
C009933,621657.3889297495,77.3,0
C009934,188681.52155484623,36.8,0
C009935,662663.6496972169,78.8,0
C009936,98313.19512717835,22.5,0
C009937,734545.9473182264,82.2,1
C009938,0.0,7.0,0
C009939,32318.17217214523,15.3,0
C009940,394078.5133790483,69.4,0
C009941,792393.9440115265,84.8,1
C009942,0.0,7.0,0
C009943,97533.1389806266,22.4,0
C009944,211737.58599851187,41.1,0
C009945,3689208.7753793807,93.3,1
C009946,0.0,7.0,0
C009947,989835.5249999072,90.1,1
C009948,306502.33016020857,59.7,0
C009949,292839.47743980034,57.3,0
C009950,4482843.2363955425,98.7,1
C009951,201149.7342423806,39.1,0
C009952,84398.39890472339,20.5,0
C009953,105550.84228457318,23.6,0
C009954,180887.7827283308,35.4,0
C009955,218382.00863476924,42.4,0
C009956,9342.970442430256,14.4,0
C009957,207386.06940532074,40.3,0
C009958,325503.0457516178,62.7,0
C009959,230457.5428504839,44.7,0
C009960,128943.51359604436,27.3,0
C009961,275352.56534345174,54.1,0
C009962,800323.9385809001,85.1,1
C009963,0.0,7.0,0
C009964,3655583.092695545,93.1,1
C009965,4093374.268571668,96.1,1
C009966,220264.34713690184,42.8,0
C009967,162840.49510789328,32.5,0
C009968,829226.1020500439,86.3,1
C009969,326515.8569820042,62.8,0
C009970,137840.35186858222,28.5,0
C009971,3706054.899049078,93.4,1
C009972,153452.4951366076,31.0,0
C009973,0.0,7.0,0
C009974,330589.4618563342,63.4,0
C009975,653249.2419599734,78.5,0
C009976,47943.66435266546,16.4,0
C009977,12.982209801876431,14.1,0
C009978,1004709.3325158174,90.3,1
C009979,84867.34970572586,20.6,0
C009980,398778.94734551286,69.8,0
C009981,3642608.8834393634,93.0,1
C009982,337446.61034463695,64.3,0
C009983,237486.6974160954,46.2,0
C009984,345628.83001696377,65.3,0
C009985,299873.2571389381,58.5,0
C009986,14621.620306718107,14.5,0
C009987,125402.10414914464,26.7,0
C009988,0.0,7.0,0
C009989,78790.69362444515,19.7,0
C009990,744987.5080525365,82.7,1
C009991,283664.64977721137,55.6,0
C009992,198052.64061795187,38.5,0
C009993,0.0,7.0,0
C009994,0.0,7.0,0
C009995,0.0,7.0,0
C009996,65070.34374474925,18.0,0
C009997,669882.948363257,79.2,0
C009998,349587.06476531184,65.7,0
C009999,131562.66370196734,27.7,0
C010000,42990.128574415605,16.0,0
C010001,80272.80673942887,20.0,0
C010002,648304.6600130666,78.2,0
C010003,2622873.198500827,90.8,1
C010004,221438.96724286152,42.9,0
C010005,748936.4388948958,82.9,1
C010006,0.0,7.0,0
C010007,74997.61839958103,19.3,0
C010008,983618.2500389487,90.1,1
C010009,282136.8797388803,55.3,0
C010010,0.0,7.0,0
C010011,60346.39950644253,17.5,0
C010012,3646545.9962342223,93.0,1
C010013,718858.7151297817,81.6,1
C010014,168162.93586898752,33.4,0
C010015,123334.51211349541,26.4,0
C010016,157405.31182304586,31.7,0
C010017,0.0,7.0,0
C010018,903825.407969216,88.6,1
C010019,98134.42393690822,22.4,0
C010020,764463.429987763,83.6,1
C010021,588404.5689265721,76.0,0
C010022,218463.87477460626,42.4,0
C010023,0.0,7.0,0
C010024,865212.9838372001,87.5,1
C010025,528729.083803346,74.3,0
C010026,305112.3697751249,59.5,0
C010027,555277.7005895423,75.1,0
C010028,313002.81484883936,60.8,0
C010029,270946.0003914887,53.3,0
C010030,222566.9554259939,43.1,0
C010031,154593.62865282604,31.2,0
C010032,0.0,7.0,0
C010033,546031.6111258821,74.8,0
C010034,302603.94755561335,59.1,0
C010035,0.0,7.0,0
C010036,149682.52595578964,30.5,0
C010037,244434.73685113364,47.5,0
C010038,310132.40881642204,60.4,0
C010039,57950.92023365478,17.2,0
C010040,4179814.7286374443,96.7,1
C010041,148375.84242038897,30.3,0
C010042,271160.18735966634,53.3,0
C010043,262057.07984260083,51.4,0
C010044,161331.7167585024,32.3,0
C010045,260385.27651234888,51.0,0
C010046,237247.46613100736,46.1,0
C010047,228249.64796317334,44.3,0
C010048,306796.0629340527,59.8,0
C010049,13.39832939416382,14.2,0
C010050,3465411.8484498304,92.1,1
C010051,3190828.122106461,91.3,1
C010052,0.0,7.0,0
C010053,237613.52161479817,46.3,0
C010054,31192.38066281499,15.2,0
C010055,684598.9588859783,80.0,1
C010056,32909.78943897785,15.3,0
C010057,111675.17753969727,24.5,0
C010058,68309.09008596167,18.4,0
C010059,145005.5790423437,29.8,0
C010060,301259.87712885375,58.8,0
C010061,225116.9755540676,43.7,0
C010062,133318.434253593,27.9,0
C010063,4266206.010236555,97.4,1
C010064,99302.30546695659,22.6,0
C010065,345351.5798971774,65.2,0
C010066,113016.75647333742,24.8,0
C010067,297667.03545461106,58.1,0
C010068,532684.5972684232,74.4,0
C010069,493928.68688183464,73.4,0
C010070,260186.3002468986,50.9,0
C010071,289461.32690402813,56.6,0
C010072,330363.0225297429,63.4,0
C010073,150593.74232682894,30.6,0
C010074,823689.924596078,86.0,1
C010075,0.0,7.0,0
C010076,173601.72818781767,34.2,0
C010077,976232.62779286,90.0,1
C010078,0.0,7.0,0
C010079,77692.18042809017,19.6,0
C010080,375426.4845972005,68.0,0
C010081,695026.9105652206,80.5,1
C010082,810470.5240670677,85.5,1
C010083,373112.1303732733,67.9,0
C010084,380622.02662930294,68.4,0
C010085,135750.49752384782,28.2,0
C010086,329611.8754677181,63.3,0
C010087,0.0,7.0,0
C010088,936016.8985790549,89.4,1
C010089,319696.19937937346,61.9,0
C010090,302700.28622514894,59.1,0
C010091,0.0,7.0,0
C010092,589184.5292309453,76.0,0
C010093,340579.5954669378,64.6,0
C010094,201892.40887548693,39.1,0
C010095,0.0,7.0,0
C010096,4748801.381778124,99.5,1
C010097,200114.76016822946,38.9,0
C010098,471220.039011896,72.8,0
C010099,669642.4553184159,79.2,0
C010100,152996.33544444267,31.0,0
C010101,0.0,7.0,0
C010102,217096.24730892142,42.1,0
C010103,129097.52074886268,27.3,0
C010104,237436.09451148292,46.2,0
C010105,613487.6404832185,77.0,0
C010106,170623.6533854879,33.7,0
C010107,0.0,7.0,0
C010108,288985.86202902003,56.5,0
C010109,180786.0719916884,35.4,0
C010110,324700.89367109793,62.6,0
C010111,948996.0913022393,89.6,1
C010112,161278.99187566992,32.3,0
C010113,275112.54218053457,54.1,0
C010114,3730079.5066734785,93.6,1
C010115,193530.92302206863,37.7,0
C010116,302253.27631615533,59.0,0
C010117,373636.4701452843,67.9,0
C010118,0.0,7.0,0
C010119,366761.80367441155,67.3,0
C010120,4201312.863646411,96.8,1
C010121,23555.09058273935,14.8,0
C010122,3105300.9020993593,91.1,1
C010123,951077.6402680461,89.6,1
C010124,707580.2783509196,81.1,1
C010125,0.0,7.0,0
C010126,3189862.0099348635,91.3,1
C010127,177094.797580441,34.7,0
C010128,536712.4542344362,74.6,0
C010129,249346.2267953361,48.6,0
C010130,0.0,7.0,0
C010131,698146.4794102033,80.6,1
C010132,149342.94069688447,30.4,0
C010133,0.0,7.0,0
C010134,459711.21507873584,72.4,0
C010135,757094.6894641527,83.3,1
C010136,99135.93780849184,22.6,0
C010137,223391.5122665766,43.3,0
C010138,219121.9903924304,42.5,0
C010139,3520718.5644498514,92.3,1
C010140,4242412.397166873,97.2,1
C010141,39337.100923339545,15.7,0
C010142,248554.86451051926,48.4,0
C010143,352107.6595433799,66.0,0
C010144,533667.926279281,74.5,0
C010145,0.0,7.0,0
C010146,3849756.0041619483,94.4,1
C010147,3917679.9769509826,94.8,1
C010148,225841.39209295265,43.8,0
C010149,226332.6462762043,43.9,0
C010150,155673.64735942133,31.4,0
C010151,320370.74091634597,61.9,0
C010152,4479848.522823356,98.7,1
C010153,273982.3777229049,53.9,0
C010154,196706.4746163639,38.2,0
C010155,91910.09221803107,21.6,0
C010156,257253.61626401343,50.3,0
C010157,88717.08658224148,21.1,0
C010158,256131.69347572397,50.0,0
C010159,120352.42976782283,25.9,0
C010160,635874.0176370452,77.8,0
C010161,210640.45996950488,40.9,0
C010162,204643.40396824494,39.7,0
C010163,228141.14866278577,44.3,0
C010164,982054.076875219,90.1,1
C010165,0.0,7.0,0
C010166,298565.59011846554,58.3,0
C010167,82564.25765248621,20.3,0
C010168,235525.84493594876,45.7,0
C010169,846236.1809830449,87.0,1
C010170,0.0,7.0,0
C010171,230668.39553212433,44.7,0
C010172,302463.6353308198,59.0,0
C010173,447484.59850416664,71.9,0
C010174,743059.0306808304,82.6,1
C010175,206030.27443188615,40.0,0
C010176,4478727.398609372,98.7,1
C010177,0.0,7.0,0
C010178,518402.7207723901,74.0,0
C010179,329441.64455691434,63.3,0
C010180,146611.37228357507,30.1,0
C010181,294425.8106829826,57.5,0
C010182,836773.0242864761,86.6,1
C010183,4927441.374133223,99.9,1
C010184,3522844.2963255197,92.4,1
C010185,3972072.7034595157,95.2,1
C010186,331214.04212844,63.6,0
C010187,261275.9056233935,51.2,0
C010188,445871.76325291867,71.9,0
C010189,861039.9896307242,87.4,1
C010190,316294.4842611034,61.4,0
C010191,698824.8500916334,80.7,1
C010192,247973.72595158085,48.3,0
C010193,147856.0453022609,30.2,0
C010194,3770948.7466253014,93.9,1
C010195,0.0,7.0,0
C010196,4147503.0713138613,96.4,1
C010197,156678.82295404183,31.6,0
C010198,297433.7284523882,58.1,0
C010199,0.0,7.0,0
C010200,287850.6278813557,56.4,0
C010201,0.0,7.0,0
C010202,245252.14345868322,47.7,0
C010203,252490.69322938353,49.3,0
C010204,112177.11798968991,24.6,0
C010205,307857.73459265346,60.0,0
C010206,362574.6131965947,66.9,0
C010207,769697.8882694913,83.8,1
C010208,798263.2474671582,85.0,1
C010209,193012.25141466572,37.6,0
C010210,3729746.504324211,93.6,1
C010211,0.0,7.0,0
C010212,3696656.066199322,93.4,1
C010213,269268.56843314896,53.0,0
C010214,0.0,7.0,0
C010215,315557.4951963713,61.2,0
C010216,191062.95179279547,37.3,0
C010217,3361303.338508822,91.7,1
C010218,4728027.4652618915,99.5,1
C010219,356970.31149885565,66.4,0
C010220,67868.77631300308,18.4,0
C010221,0.0,7.0,0
C010222,247983.8876978647,48.3,0
C010223,0.0,7.0,0
C010224,47883.27644539761,16.4,0
C010225,0.0,7.0,0
C010226,210796.70404613236,40.9,0
C010227,4002021.764040439,95.4,1
C010228,3618060.2558927084,92.8,1
C010229,240208.4359202509,46.7,0
C010230,225806.27855468536,43.8,0
C010231,0.0,7.0,0
C010232,219999.35309107677,42.7,0
C010233,854341.5249120118,87.2,1
C010234,67494.47254735434,18.3,0
C010235,454648.69363906106,72.2,0
C010236,135413.6979271673,28.2,0
C010237,160221.30333442945,32.2,0
C010238,193327.18703810475,37.6,0
C010239,0.0,7.0,0
C010240,611748.7945945641,76.9,0
C010241,4327584.08883129,97.8,1
C010242,758814.9455461805,83.3,1
C010243,259962.300647651,50.8,0
C010244,260343.25586523282,51.0,0
C010245,109240.47444041469,24.1,0
C010246,3921788.9629692626,94.8,1
C010247,188649.85318408086,36.8,0
C010248,3945927.81080465,95.0,1
C010249,388777.45391004387,69.1,0
C010250,0.0,7.0,0
C010251,323919.0786557486,62.5,0
C010252,190777.86828867046,37.2,0
C010253,0.0,7.0,0
C010254,140243.13485650692,29.0,0
C010255,81880.96410475772,20.2,0
C010256,0.0,7.0,0
C010257,272448.53509924375,53.5,0
C010258,0.0,7.0,0
C010259,263979.19114077283,51.8,0
C010260,0.0,7.0,0
C010261,144201.05600865817,29.7,0
C010262,4243120.764085258,97.2,1
C010263,792215.515075624,84.8,1
C010264,295262.22158481897,57.7,0
C010265,242221.05589575856,47.1,0
C010266,301296.1931497843,58.8,0
C010267,357700.90457030054,66.5,0
C010268,62495.64455939564,17.8,0
C010269,86669.28222470287,20.8,0
C010270,28707.388643835464,15.0,0
C010271,0.0,7.0,0
C010272,256424.36095901942,50.1,0
C010273,140808.27990801356,29.1,0
C010274,771646.6058163788,83.9,1
C010275,752442.2045467111,83.0,1
C010276,0.0,7.0,0
C010277,56899.38176196793,17.2,0
C010278,3152535.4970516083,91.2,1
C010279,204025.98080682932,39.5,0
C010280,155519.81830122304,31.4,0
C010281,105802.65615359526,23.6,0
C010282,154679.89447027116,31.2,0
C010283,134112.18713059643,28.0,0
C010284,177948.82860563614,34.8,0
C010285,59094.24792685618,17.4,0
C010286,0.0,7.0,0
C010287,373893.39882168674,67.9,0
C010288,246902.93376167194,48.1,0
C010289,846588.6233863008,87.0,1
C010290,274487.89902119385,53.9,0
C010291,64308.28300854927,17.9,0
C010292,0.0,7.0,0
C010293,337090.11632855743,64.2,0
C010294,24792.77343626624,14.9,0
C010295,122703.80489076546,26.3,0
C010296,131447.29023394114,27.6,0
C010297,109699.41528633964,24.2,0
C010298,159108.62282938423,32.0,0
C010299,292211.7870356165,57.2,0
C010300,842175.4208212574,86.8,1
C010301,399178.6701170382,69.8,0
C010302,350098.41756274976,65.8,0
C010303,322774.7248650594,62.3,0
C010304,329033.2494072544,63.2,0
C010305,430460.5918600478,71.3,0
C010306,173657.90354330078,34.2,0
C010307,640923.8313668339,78.0,0
C010308,48805.95598334678,16.5,0
C010309,856192.153100853,87.3,1
C010310,4480989.265181734,98.7,1
C010311,0.0,7.0,0
C010312,436486.67136394605,71.6,0
C010313,58818.93839305296,17.3,0
C010314,35711.85759205913,15.4,0
C010315,122228.40729563161,26.2,0
C010316,246524.5688165718,48.0,0
C010317,284158.8517445873,55.7,0
C010318,139934.26532665384,28.9,0
C010319,39941.45921426911,15.7,0
C010320,0.0,7.0,0
C010321,282841.7584442504,55.5,0
C010322,629525.0325342297,77.6,0
C010323,272580.21860457753,53.6,0
C010324,924259.4466568164,89.1,1
C010325,4609795.111663818,99.1,1
C010326,693133.5911722103,80.4,1
C010327,664083.9533850652,78.9,0
C010328,244083.4110934923,47.5,0
C010329,252028.40084302914,49.1,0
C010330,23089.495042148348,14.8,0
C010331,87271.13015650438,20.9,0
C010332,249232.64117825526,48.6,0
C010333,3898069.618824031,94.7,1
C010334,790581.0886804493,84.7,1
C010335,190707.27820509864,37.2,0
C010336,175891.45470426558,34.5,0
C010337,176750.14061906852,34.6,0
C010338,246496.95916068633,47.9,0
C010339,0.0,7.0,0
C010340,62633.0715817679,17.8,0
C010341,274163.3451436886,53.9,0
C010342,4768550.432446434,99.5,1
C010343,224680.31995919385,43.6,0
C010344,325684.0162745516,62.7,0
C010345,129347.62545690378,27.4,0
C010346,402177.74699043616,70.0,0
C010347,257415.90911703743,50.3,0
C010348,181150.03223921786,35.4,0
C010349,46262.75787777228,16.2,0
C010350,984641.89964978,90.1,1
C010351,189835.01214405196,37.1,0
C010352,242814.86480496815,47.2,0
C010353,0.0,7.0,0
C010354,257190.7451989211,50.3,0
C010355,368571.5304731806,67.5,0
C010356,203759.0200932179,39.5,0
C010357,363998.82471199485,67.1,0
C010358,263076.38173580106,51.6,0
C010359,0.0,7.0,0
C010360,0.0,7.0,0
C010361,82345.05362331071,20.3,0
C010362,471736.2439137194,72.8,0
C010363,252036.81419702797,49.1,0
C010364,4229032.465427084,97.1,1
C010365,673009.8464910656,79.4,0
C010366,0.0,7.0,0
C010367,245052.45370614034,47.7,0
C010368,95272.46650884018,22.0,0
C010369,182559.17005717,35.7,0
C010370,864237.528522201,87.5,1
C010371,3118101.9069963642,91.2,1
C010372,125921.94371326354,26.8,0
C010373,701340.5911932992,80.8,1
C010374,154518.40443743978,31.2,0
C010375,130103.66053826902,27.5,0
C010376,216498.35474657954,42.0,0
C010377,605232.0380672043,76.7,0
C010378,388328.82897664,69.0,0
C010379,4183390.777662356,96.7,1
C010380,333043.3397723533,63.8,0
C010381,191613.06073123091,37.4,0
C010382,4356012.057164191,98.0,1
C010383,102469.21671748643,23.1,0
C010384,0.0,7.0,0
C010385,187224.9006070683,36.5,0
C010386,105114.31622489291,23.5,0
C010387,225938.7069345561,43.8,0
C010388,301478.02824423613,58.8,0
C010389,744869.9891868931,82.7,1
C010390,217012.90053858067,42.1,0
C010391,208689.04607741535,40.5,0
C010392,268269.22225277766,52.7,0
C010393,300092.3503181442,58.5,0
C010394,260906.44417946014,51.1,0
C010395,228947.6240719145,44.5,0
C010396,3632055.8908764515,92.9,1
C010397,0.0,7.0,0
C010398,236320.9175213058,45.9,0
C010399,0.0,7.0,0
C010400,294946.9591049097,57.6,0
C010401,756401.7769985414,83.2,1
C010402,170891.52994392498,33.8,0
C010403,256773.56763777367,50.1,0
C010404,666172.5529317519,79.1,0
C010405,468245.23549310723,72.7,0
C010406,100262.11886091053,22.8,0
C010407,234569.97706433505,45.5,0
C010408,298127.6011866406,58.2,0
C010409,910586.0946204986,88.8,1
C010410,49885.429044600474,16.6,0
C010411,4233752.497587623,97.1,1
C010412,82217.69845608948,20.3,0
C010413,340238.8070775535,64.6,0
C010414,0.0,7.0,0
C010415,339703.86762868596,64.5,0
C010416,122223.81751364905,26.2,0
C010417,4143209.855223729,96.4,1
C010418,4007305.551188422,95.5,1
C010419,0.0,7.0,0
C010420,807351.6280123523,85.3,1
C010421,631215.9383305153,77.6,0
C010422,0.0,7.0,0
C010423,863673.7227651746,87.5,1
C010424,0.0,7.0,0
C010425,327443.6279286973,63.0,0
C010426,405089.67803352734,70.1,0
C010427,107130.18077620557,23.8,0
C010428,248746.91918006624,48.5,0
C010429,200137.62939872043,38.9,0
C010430,3794096.050887658,94.1,1
C010431,348207.7168563969,65.6,0
C010432,617551.9017486274,77.1,0
C010433,262194.972586944,51.4,0
C010434,644829.1207323849,78.1,0
C010435,218078.2826558951,42.3,0
C010436,755903.8345377598,83.2,1
C010437,301976.96717880794,58.9,0
C010438,231958.21742530816,45.0,0
C010439,143026.3115403953,29.5,0
C010440,0.0,7.0,0
C010441,192515.6258167686,37.5,0
C010442,190152.0569934592,37.1,0
C010443,393808.0328187861,69.4,0
C010444,159031.67057551973,32.0,0
C010445,2862582.15387147,90.9,1
C010446,55462.29258421244,17.0,0
C010447,3934990.9577758377,94.9,1
C010448,3431087.219657096,91.9,1
C010449,824666.956122219,86.1,1
C010450,272259.0658786095,53.5,0
C010451,75861.04331955816,19.3,0
C010452,0.0,7.0,0
C010453,933264.3811259661,89.3,1
C010454,157578.24423029114,31.7,0
C010455,0.0,7.0,0
C010456,127005.70121571666,27.0,0
C010457,738509.5667212657,82.4,1
C010458,167573.2127718832,33.3,0
C010459,464995.9410931421,72.6,0
C010460,0.0,7.0,0
C010461,345486.2828584593,65.2,0
C010462,4103461.3093458596,96.2,1
C010463,11995.050302238988,14.5,0
C010464,300182.0328949735,58.6,0
C010465,0.0,7.0,0
C010466,300158.85148129193,58.6,0
C010467,505495.14118977054,73.7,0
C010468,279820.6984952349,54.9,0
C010469,590051.6265666888,76.1,0
C010470,730557.0940889411,82.1,1
C010471,249013.98872801656,48.5,0
C010472,102256.73196666357,23.0,0
C010473,136342.39723765905,28.3,0
C010474,280261.3272021205,55.0,0
C010475,4032472.086279462,95.7,1
C010476,246459.51557543056,47.9,0
C010477,216309.2921627971,42.0,0
C010478,938935.0485382614,89.4,1
C010479,182242.894173637,35.6,0
C010480,268165.14962214854,52.7,0
C010481,3860387.4519880316,94.4,1
C010482,68211.73167826526,18.4,0
C010483,203243.63112844288,39.4,0
C010484,700711.7846439702,80.8,1
C010485,408297.2916321997,70.3,0
C010486,818842.2492334448,85.8,1
C010487,4147164.6175055993,96.4,1
C010488,177578.1720979766,34.8,0
C010489,184268.94057328932,35.9,0
C010490,697083.7359987167,80.6,1
C010491,286546.73138223955,56.2,0
C010492,163190.33915132808,32.6,0
C010493,70130.49215235436,18.7,0
C010494,400113.1130101856,69.8,0
C010495,308961.40540597425,60.2,0
C010496,243830.75340046606,47.4,0
C010497,253735.03623173313,49.6,0
C010498,0.0,7.0,0
C010499,86831.47997863147,20.8,0
C010500,244302.33985119272,47.5,0
C010501,3260815.2458648253,91.4,1
C010502,463289.7321615423,72.6,0
C010503,413718.80579539627,70.6,0
C010504,121868.01429954669,26.1,0
C010505,99459.61248358396,22.6,0
C010506,387679.4170034368,69.0,0
C010507,3778233.719948395,94.0,1
C010508,4761125.655092929,99.5,1
C010509,77303.48347462596,19.6,0
C010510,226385.6407547919,43.9,0
C010511,61562.31112739034,17.7,0
C010512,531589.6865012832,74.4,0
C010513,267658.029487032,52.6,0
C010514,340446.406620053,64.6,0
C010515,664952.001127762,79.0,0
C010516,3480294.8551830812,92.2,1
C010517,0.0,7.0,0
C010518,216620.1988873759,42.0,0
C010519,0.0,7.0,0
C010520,0.0,7.0,0
C010521,81173.06062209337,20.1,0
C010522,3956672.149459827,95.1,1
C010523,253202.361543363,49.4,0
C010524,0.0,7.0,0
C010525,297626.3570739401,58.1,0
C010526,0.0,7.0,0
C010527,327641.7982437622,63.0,0
C010528,0.0,7.0,0
C010529,400309.2102158782,69.9,0
C010530,461956.44745870546,72.5,0
C010531,4183299.191134517,96.7,1
C010532,50581.284911893374,16.6,0
C010533,0.0,7.0,0
C010534,718227.4324159534,81.6,1
C010535,165992.77360899493,33.0,0
C010536,410163.04295785405,70.4,0
C010537,109811.87056194467,24.2,0
C010538,343121.8375936605,65.0,0
C010539,0.0,7.0,0
C010540,265697.6007061354,52.2,0
C010541,307046.2038989949,59.8,0
C010542,656175.21878663,78.6,0
C010543,84755.56571719912,20.5,0
C010544,684127.7656702849,79.9,0
C010545,67748.3700559201,18.3,0
C010546,451487.83682131773,72.1,0
C010547,327949.0861950635,63.1,0
C010548,366810.1746506306,67.3,0
C010549,353844.6438110275,66.2,0
C010550,0.0,7.0,0
C010551,125484.41664278465,26.7,0
C010552,0.0,7.0,0
C010553,3750886.005715392,93.8,1
C010554,92697.08383029643,21.7,0
C010555,368308.8028374577,67.4,0
C010556,260360.74403737226,51.0,0
C010557,3375971.701814232,91.8,1
C010558,91893.08900673341,21.6,0
C010559,0.0,7.0,0
C010560,250236.35350665892,48.8,0
C010561,271848.1010236171,53.4,0
C010562,0.0,7.0,0
C010563,503064.7511502791,73.7,0
C010564,99852.91315475517,22.7,0
C010565,87382.79760189352,20.9,0
C010566,750695.4858150901,82.9,1
C010567,65012.9953270074,18.0,0
C010568,68501.73042362717,18.4,0
C010569,324382.2195602934,62.5,0
C010570,214791.05396024982,41.7,0
C010571,347462.2591683943,65.5,0
C010572,180081.91761529702,35.2,0
C010573,268051.580929708,52.7,0
C010574,0.0,7.0,0
C010575,301017.6550822746,58.7,0
C010576,0.0,7.0,0
C010577,237323.5743021632,46.2,0
C010578,504404.9131368417,73.7,0
C010579,3436087.4681293415,92.0,1
C010580,87571.77979423065,21.0,0
C010581,260093.97132358814,50.9,0
C010582,297218.1602986777,58.0,0
C010583,279795.2070528687,54.9,0
C010584,167022.20563218722,33.2,0
C010585,278365.2344539483,54.7,0
C010586,242291.82054378605,47.1,0
C010587,67862.6340820122,18.4,0
C010588,906258.9126345993,88.7,1
C010589,333040.46709695435,63.8,0
C010590,3910775.4517609645,94.8,1
C010591,46422.534034409815,16.2,0
C010592,208006.28428660115,40.4,0
C010593,297009.0740824767,58.0,0
C010594,0.0,7.0,0
C010595,230562.6420045853,44.7,0
C010596,222597.25799491507,43.1,0
C010597,119338.24279215017,25.7,0
C010598,4825208.243988184,99.7,1
C010599,192681.3935960279,37.5,0
C010600,0.0,7.0,0
C010601,0.0,7.0,0
C010602,132095.22620985936,27.7,0
C010603,177375.2998250582,34.8,0
C010604,179173.65010347468,35.1,0
C010605,466386.22846193705,72.6,0
C010606,124463.40367087162,26.6,0
C010607,209482.30730359274,40.7,0
C010608,290637.04911123845,56.8,0
C010609,107485.82575316208,23.8,0
C010610,865046.3722694537,87.5,1
C010611,971962.7842470782,90.0,1
C010612,289066.21232247906,56.6,0
C010613,622547.3479965669,77.3,0
C010614,260214.75449685077,50.9,0
C010615,167463.72968065765,33.2,0
C010616,149827.75630130345,30.5,0
C010617,0.0,7.0,0
C010618,288987.59924086183,56.6,0
C010619,120274.75103535177,25.9,0
C010620,308563.64305659855,60.1,0
C010621,66112.97047404206,18.2,0
C010622,318562.3306205193,61.7,0
C010623,299073.6063367042,58.4,0
C010624,159382.07624585816,32.0,0
C010625,496012.8709573446,73.5,0
C010626,548904.8884658827,74.9,0
C010627,3689380.0892230775,93.3,1
C010628,0.0,7.0,0
C010629,433985.94168526266,71.4,0
C010630,631127.3828960267,77.6,0
C010631,766961.7505617668,83.7,1
C010632,165750.38435492554,33.0,0
C010633,430391.6971137675,71.3,0
C010634,297450.87526774267,58.1,0
C010635,3691980.7230460225,93.3,1
C010636,407759.57827668014,70.2,0
C010637,300204.9166046019,58.6,0
C010638,260821.67504793522,51.1,0
C010639,79527.68692900724,19.9,0
C010640,388311.3843364499,69.0,0
C010641,0.0,7.0,0
C010642,0.0,7.0,0
C010643,30828.00032067584,15.2,0
C010644,129956.18241527991,27.4,0
C010645,196467.02920099394,38.2,0
C010646,329927.4883518384,63.4,0
C010647,0.0,7.0,0
C010648,218428.90755835344,42.4,0
C010649,843476.5270416738,86.9,1
C010650,60197.8873521075,17.5,0
C010651,0.0,7.0,0
C010652,13629.224085782676,14.5,0
C010653,833404.6449649376,86.4,1
C010654,317117.03733884403,61.5,0
C010655,513007.1054045652,73.9,0
C010656,262118.8214671863,51.4,0
C010657,0.0,7.0,0
C010658,142848.488300521,29.4,0
C010659,136761.07930881318,28.4,0
C010660,896765.6029426359,88.5,1
C010661,25957.860240559832,14.9,0
C010662,263023.871572385,51.6,0
C010663,180924.46848389448,35.4,0
C010664,840104.1883588271,86.7,1
C010665,58122.11664257557,17.3,0
C010666,906426.748493657,88.7,1
C010667,2458224.1006654254,90.8,1
C010668,808338.9220599589,85.4,1
C010669,615924.5435554809,77.1,0
C010670,616479.3651481969,77.1,0
C010671,83219.79900786483,20.4,0
C010672,481272.6973850826,73.0,0
C010673,0.0,7.0,0
C010674,194270.19613459377,37.8,0
C010675,400216.62350386806,69.8,0
C010676,321286.7240393258,62.1,0
C010677,113339.50943653857,24.9,0
C010678,4614192.845026829,99.2,1
C010679,344096.64338981896,65.1,0
C010680,239090.41626895568,46.5,0
C010681,134784.41498342287,28.0,0
C010682,0.0,7.0,0
C010683,0.0,7.0,0
C010684,325014.91890971665,62.6,0
C010685,141229.80442208264,29.1,0
C010686,0.0,7.0,0
C010687,102118.53566890668,23.0,0
C010688,0.0,7.0,0
C010689,262481.5776381847,51.5,0
C010690,0.0,7.0,0
C010691,235301.91322745333,45.6,0
C010692,4314739.120615711,97.8,1
C010693,573781.2834886253,75.6,0
C010694,0.0,7.0,0
C010695,1105384.7695920554,90.6,1
C010696,43510.46731039566,16.0,0
C010697,216734.3752366793,42.1,0
C010698,254377.16920199248,49.7,0
C010699,0.0,7.0,0
C010700,0.0,7.0,0
C010701,93338.97148323827,21.8,0
C010702,581822.0503276646,75.8,0
C010703,425528.55277179554,71.2,0
C010704,664771.2662801908,79.0,0
C010705,305196.8090441836,59.5,0
C010706,133480.6465731501,27.9,0
C010707,216343.5295807674,42.0,0
C010708,316927.4809805311,61.5,0
C010709,0.0,7.0,0
C010710,122833.49757654223,26.3,0
C010711,0.0,7.0,0
C010712,176970.92166124415,34.7,0
C010713,437172.74568864936,71.6,0
C010714,264121.08047033014,51.9,0
C010715,866498.5130678396,87.5,1
C010716,154797.8434175121,31.2,0
C010717,0.0,7.0,0
C010718,3868351.0950394194,94.5,1
C010719,0.0,7.0,0
C010720,812519.2979210868,85.5,1
C010721,0.0,7.0,0
C010722,3433293.355386477,91.9,1
C010723,768494.5446033635,83.8,1
C010724,118590.07161211071,25.6,0
C010725,0.0,7.0,0
C010726,0.0,7.0,0
C010727,0.0,7.0,0
C010728,0.0,7.0,0
C010729,31153.141237750588,15.2,0
C010730,450009.9636766827,72.1,0
C010731,3941850.1909298147,95.0,1
C010732,0.0,7.0,0
C010733,376092.8087071385,68.1,0
C010734,809580.1917880399,85.4,1
C010735,238971.0644036287,46.5,0
C010736,148316.8945698942,30.3,0
C010737,129795.83575241543,27.4,0
C010738,0.0,7.0,0
C010739,171817.40822871702,33.9,0
C010740,0.0,7.0,0
C010741,0.0,7.0,0
C010742,4207622.083746817,96.9,1
C010743,16145.100155002683,14.6,0
C010744,0.0,7.0,0
C010745,298826.45249209827,58.3,0
C010746,291867.09352252993,57.1,0
C010747,127023.75463840665,27.0,0
C010748,249120.35364616563,48.5,0
C010749,463684.0039116511,72.6,0
C010750,312845.5275993955,60.8,0
C010751,770345.3446612327,83.9,1
C010752,302844.3684063498,59.1,0
C010753,706009.0766568737,81.0,1
C010754,61302.36839978529,17.6,0
C010755,213838.10066155464,41.5,0
C010756,0.0,7.0,0
C010757,216597.38048968388,42.0,0
C010758,245135.27292903385,47.7,0
C010759,278885.2042566059,54.8,0
C010760,285499.2944470808,56.0,0
C010761,112380.89703510888,24.6,0
C010762,760051.1502252079,83.4,1
C010763,77381.05053154693,19.6,0
C010764,468575.4135899445,72.7,0
C010765,703298.2812545972,80.9,1
C010766,581769.3312581585,75.8,0
C010767,305038.5648795394,59.5,0
C010768,53999.670818680475,16.9,0
C010769,0.0,7.0,0
C010770,4203578.997047761,96.9,1
C010771,291040.8985559575,56.9,0
C010772,285991.7982193831,56.1,0
C010773,170145.2646874835,33.7,0
C010774,453604.4213265932,72.2,0
C010775,0.0,7.0,0
C010776,184285.2602905048,35.9,0
C010777,196311.1651619667,38.2,0
C010778,0.0,7.0,0
C010779,252097.15453860554,49.2,0
C010780,168255.74146630956,33.4,0
C010781,252712.78636720564,49.3,0
C010782,641180.12136759,78.0,0
C010783,670437.4643978192,79.3,0
C010784,316149.81522537366,61.4,0
C010785,427407.58929775277,71.2,0
C010786,37807.726205613064,15.6,0
C010787,608261.5418977714,76.8,0
C010788,3222498.957590561,91.4,1
C010789,976962.6270898436,90.0,1
C010790,427426.06420701556,71.2,0
C010791,92901.6426399927,21.7,0
C010792,281426.20890907827,55.2,0
C010793,0.0,7.0,0
C010794,841624.2065200608,86.8,1
C010795,329085.3374509648,63.2,0
C010796,626879.9610011036,77.5,0
C010797,94471.4972289604,21.9,0
C010798,332410.7075875586,63.7,0
C010799,222443.89076982762,43.1,0
C010800,42775.9912756473,16.0,0
C010801,942824.5834535034,89.5,1
C010802,220238.17405312083,42.8,0
C010803,3551254.6726765456,92.5,1
C010804,275588.69916688884,54.2,0
C010805,350367.3775108361,65.8,0
C010806,443587.46651104005,71.8,0
C010807,501579.1338547537,73.6,0
C010808,513666.10338794993,73.9,0
C010809,70019.0729645009,18.7,0
C010810,186268.01594806794,36.3,0
C010811,0.0,7.0,0
C010812,234329.06032751966,45.5,0
C010813,98544.76612710275,22.5,0
C010814,563931.3174159694,75.3,0
C010815,4522293.021560139,98.8,1
C010816,119797.50675610542,25.8,0
C010817,79574.60390889212,19.9,0
C010818,716039.8097159333,81.5,1
C010819,0.0,7.0,0
C010820,168307.3415533329,33.4,0
C010821,854430.6677498892,87.2,1
C010822,813681.0372597512,85.6,1
C010823,213984.51449489457,41.5,0
C010824,919387.4154797125,89.0,1
C010825,268494.1478023696,52.8,0
C010826,228604.6542554625,44.4,0
C010827,436156.91105434916,71.5,0
C010828,383331.64643594675,68.7,0
C010829,321234.6785492786,62.0,0
C010830,57078.845229365725,17.2,0
C010831,4099517.1699883263,96.1,1
C010832,0.0,7.0,0
C010833,157419.25804779073,31.7,0
C010834,282146.16771558684,55.4,0
C010835,3273537.5179014406,91.5,1
C010836,181518.15620047643,35.5,0
C010837,0.0,7.0,0
C010838,639173.0845133052,77.9,0
C010839,37987.017758947004,15.6,0
C010840,0.0,7.0,0
C010841,145312.77670710292,29.8,0
C010842,613033.8142357927,77.0,0
C010843,0.0,7.0,0
C010844,620711.1164878653,77.3,0
C010845,222833.56655788282,43.2,0
C010846,52470.40386561474,16.8,0
C010847,678.9109930569861,14.2,0
C010848,138236.37825127068,28.6,0
C010849,418795.22582839115,70.9,0
C010850,0.0,7.0,0
C010851,90249.31124051908,21.3,0
C010852,257364.76767679641,50.3,0
C010853,126588.75671326314,26.9,0
C010854,446685.62467635656,71.9,0
C010855,632640.9014497993,77.7,0
C010856,251287.097082331,49.0,0
C010857,219805.23148718374,42.7,0
C010858,322910.4722293378,62.3,0
C010859,101860.70770247855,23.0,0
C010860,313179.3201773603,60.9,0
C010861,136199.4684211391,28.3,0
C010862,167589.9839611454,33.3,0
C010863,418742.06137234205,70.9,0
C010864,214573.77407735345,41.6,0
C010865,792708.5609988143,84.8,1
C010866,3111620.272097635,91.1,1
C010867,4437653.2556509925,98.5,1
C010868,431604.1936606348,71.4,0
C010869,0.0,7.0,0
C010870,251844.2934676199,49.1,0
C010871,762689.2325837984,83.5,1
C010872,153720.71787199168,31.1,0
C010873,549055.3345543848,74.9,0
C010874,79335.01081233319,19.8,0
C010875,192248.0412983623,37.4,0
C010876,812451.8443393838,85.5,1
C010877,265149.92118265136,52.1,0
C010878,289912.58266909415,56.7,0
C010879,105185.17203329736,23.5,0
C010880,647179.4278945478,78.2,0
C010881,273632.8468314275,53.8,0
C010882,70233.88215776082,18.7,0
C010883,160644.14537099825,32.2,0
C010884,383130.3427315945,68.7,0
C010885,569504.9182808615,75.5,0
C010886,161931.37081974628,32.4,0
C010887,0.0,7.0,0
C010888,175058.67452303137,34.4,0
C010889,3412243.8898801366,91.9,1
C010890,165069.5881705259,32.8,0
C010891,750822.7908755002,83.0,1
C010892,284798.6058236273,55.8,0
C010893,203127.75679544272,39.4,0
C010894,310218.57684953633,60.4,0
C010895,111855.50101370667,24.5,0
C010896,551776.8892769195,75.0,0
C010897,0.0,7.0,0
C010898,4168217.6298804553,96.6,1
C010899,501962.4308794625,73.6,0
C010900,823819.2967050808,86.0,1
C010901,301480.73136329826,58.8,0
C010902,195556.76084610177,38.0,0
C010903,262494.45722565276,51.5,0
C010904,631481.7352099194,77.6,0
C010905,4025135.738941332,95.6,1
C010906,0.0,7.0,0
C010907,3848721.948896219,94.4,1
C010908,0.0,7.0,0
C010909,0.0,7.0,0
C010910,22124.220042085984,14.8,0
C010911,65506.41146656768,18.1,0
C010912,186530.47438086176,36.4,0
C010913,442868.46939900034,71.8,0
C010914,389727.70567257237,69.1,0
C010915,326976.37831182685,62.9,0
C010916,219387.49807404494,42.6,0
C010917,197901.7507365785,38.5,0
C010918,0.0,7.0,0
C010919,3726635.4956212617,93.6,1
C010920,0.0,7.0,0
C010921,329250.1488003654,63.3,0
C010922,93350.66444915945,21.8,0
C010923,57898.99550361861,17.2,0
C010924,723739.5416971388,81.8,1
C010925,603463.3806967778,76.6,0
C010926,0.0,7.0,0
C010927,221073.77749289142,42.9,0
C010928,131323.56472195947,27.6,0
C010929,381346.97119979264,68.5,0
C010930,170034.83709842106,33.7,0
C010931,18862.221458357988,14.7,0
C010932,157726.28682592924,31.7,0
C010933,330217.1103242003,63.4,0
C010934,222964.2997484512,43.2,0
C010935,0.0,7.0,0
C010936,0.0,7.0,0
C010937,292695.4433985205,57.2,0
C010938,155738.85352019127,31.4,0
C010939,158138.91873839698,31.8,0
C010940,325451.5604083451,62.7,0
C010941,200313.73214315955,38.9,0
C010942,283578.0944095745,55.6,0
C010943,322298.87168214325,62.2,0
C010944,20752.073296975872,14.7,0
C010945,304011.64219753916,59.3,0
C010946,240228.4387406679,46.7,0
C010947,95261.4793940305,22.0,0
C010948,185729.4406318566,36.2,0
C010949,737684.1792585825,82.4,1
C010950,204446.0925585273,39.7,0
C010951,278873.01421269815,54.8,0
C010952,297437.6885272462,58.1,0
C010953,0.0,7.0,0
C010954,97813.16002955627,22.4,0
C010955,0.0,7.0,0
C010956,100461.30959775699,22.8,0
C010957,311069.83221437,60.6,0
C010958,122928.63057755126,26.3,0
C010959,0.0,7.0,0
C010960,931143.1953005317,89.3,1
C010961,720406.9746307817,81.7,1
C010962,0.0,7.0,0
C010963,253766.11415148448,49.6,0
C010964,412678.2113992595,70.5,0
C010965,603273.1005339465,76.6,0
C010966,204334.80283726056,39.6,0
C010967,0.0,7.0,0
C010968,260310.08882786735,51.0,0
C010969,213869.89076411974,41.5,0
C010970,90094.37880072117,21.3,0
C010971,358420.7529980492,66.6,0
C010972,263322.3599962138,51.7,0
C010973,187431.75492503354,36.6,0
C010974,372309.3844644237,67.8,0
C010975,728030.0691657308,82.0,1
C010976,0.0,7.0,0
C010977,816443.6684338404,85.7,1
C010978,343239.038819258,65.0,0
C010979,53273.10946895082,16.8,0
C010980,0.0,7.0,0
C010981,806730.4895253509,85.3,1
C010982,871636.2735576571,87.8,1
C010983,128934.89752148319,27.3,0
C010984,253048.51235211093,49.4,0
C010985,775708.19237422,84.1,1
C010986,813394.0892350986,85.6,1
C010987,266350.2901813432,52.4,0
C010988,878465.5657741629,88.0,1
C010989,336057.2812788313,64.1,0
C010990,475758.9806836225,72.9,0
C010991,0.0,7.0,0
C010992,292941.49066625844,57.3,0
C010993,768164.0463098679,83.8,1
C010994,0.0,7.0,0
C010995,0.0,7.0,0
C010996,0.0,7.0,0
C010997,106546.42786790346,23.7,0
C010998,302097.98255772796,58.9,0
C010999,295265.8169260134,57.7,0
C011000,0.0,7.0,0
C011001,80664.11431617785,20.0,0
C011002,86481.37511115204,20.8,0
C011003,0.0,7.0,0
C011004,91420.84431755448,21.5,0
C011005,874952.3345784496,87.9,1
C011006,103734.16241338765,23.3,0
C011007,215651.38839549344,41.9,0
C011008,141644.74422936162,29.2,0
C011009,0.0,7.0,0
C011010,114511.90906686737,25.0,0
C011011,325464.7046973741,62.7,0
C011012,319246.1360943796,61.8,0
C011013,633849.7359138022,77.7,0
C011014,205396.8965933627,39.9,0
C011015,52786.636021064194,16.8,0
C011016,295851.59147773153,57.8,0
C011017,219292.79265901915,42.5,0
C011018,728545.2153199245,82.0,1
C011019,217976.58605281106,42.3,0
C011020,417846.02616858936,70.8,0
C011021,228197.62547262412,44.3,0
C011022,328579.3407815753,63.1,0
C011023,0.0,7.0,0
C011024,869173.449189568,87.6,1
C011025,0.0,7.0,0
C011026,4155112.806195739,96.5,1
C011027,49174.86181815007,16.5,0
C011028,145688.45394491064,29.9,0
C011029,284252.95339949644,55.8,0
C011030,124602.98971045703,26.6,0
C011031,870045.0565360471,87.7,1
C011032,263725.7092112133,51.8,0
C011033,311357.80347114673,60.6,0
C011034,333750.3204801586,63.9,0
C011035,248861.796113874,48.5,0
C011036,0.0,7.0,0
C011037,90852.72091100641,21.4,0
C011038,0.0,7.0,0
C011039,103883.31451704391,23.3,0
C011040,367188.0730231803,67.4,0
C011041,211799.5726338159,41.1,0
C011042,0.0,7.0,0
C011043,802921.2962538258,85.2,1
C011044,400876.08111220703,69.9,0
C011045,41403.04509062537,15.9,0
C011046,45102.41878688934,16.2,0
C011047,238586.15377790376,46.4,0
C011048,268600.54036553414,52.8,0
C011049,768340.9091790887,83.8,1
C011050,769809.7480222082,83.9,1
C011051,192597.78422641818,37.5,0
C011052,62448.8695525948,17.8,0
C011053,219034.82333419376,42.5,0
C011054,284815.99623762193,55.9,0
C011055,53653.35710850817,16.9,0
C011056,677456.332755283,79.6,0
C011057,682760.6889059963,79.9,0
C011058,134101.38290042948,28.0,0
C011059,4697462.767265423,99.4,1
C011060,281358.3446628928,55.2,0
C011061,81536.81514558553,20.2,0
C011062,781238.7908128073,84.3,1
C011063,750647.9000603257,82.9,1
C011064,697299.7377863762,80.6,1
C011065,207861.5730747572,40.3,0
C011066,0.0,7.0,0
C011067,132804.83233070385,27.8,0
C011068,175111.42170406727,34.4,0
C011069,140531.2835375251,29.0,0
C011070,109686.04446584411,24.2,0
C011071,623771.5053158604,77.4,0
C011072,210394.3109520481,40.9,0
C011073,166864.84864224202,33.2,0
C011074,22043.3427150591,14.8,0
C011075,229128.8824787846,44.5,0
C011076,4884346.012097427,99.8,1
C011077,236985.83100873503,46.1,0
C011078,752722.0168907902,83.1,1
C011079,9697.891898172014,14.4,0
C011080,436776.00536032836,71.6,0
C011081,535271.806408637,74.5,0
C011082,843265.6122443854,86.9,1
C011083,103150.62402264595,23.2,0
C011084,139517.71252373344,28.8,0
C011085,0.0,7.0,0
C011086,65517.37162094675,18.1,0
C011087,116521.80531218043,25.3,0
C011088,205067.4027143673,39.8,0
C011089,293646.32701173954,57.4,0
C011090,224543.3232227821,43.6,0
C011091,1023602.4553081117,90.4,1
C011092,293324.4149049847,57.4,0
C011093,323066.08268812037,62.3,0
C011094,4248655.329568714,97.3,1
C011095,0.0,7.0,0
C011096,3720701.0733346846,93.6,1
C011097,0.0,7.0,0
C011098,653372.7681673048,78.5,0
C011099,0.0,7.0,0
C011100,108231.33204494038,23.9,0
C011101,4746187.086152345,99.5,1
C011102,0.0,7.0,0
C011103,440410.45482563926,71.7,0
C011104,88487.60311526836,21.1,0
C011105,754561.0766698652,83.1,1
C011106,0.0,7.0,0
C011107,0.0,7.0,0
C011108,194828.78682551914,37.9,0
C011109,95284.29597752864,22.0,0
C011110,211136.11637429227,41.0,0
C011111,338290.46951286856,64.4,0
C011112,586640.1531446932,75.9,0
C011113,168165.3556896538,33.4,0
C011114,259093.01811266804,50.7,0
C011115,0.0,7.0,0
C011116,690035.0280861789,80.2,1
C011117,231564.6027467489,44.9,0
C011118,279176.80800520873,54.8,0
C011119,314187.9006465343,61.0,0
C011120,0.0,7.0,0
C011121,245074.58810144337,47.7,0
C011122,442012.56524512335,71.8,0
C011123,3968015.0354211326,95.2,1
C011124,0.0,7.0,0
C011125,255393.7590947886,49.9,0
C011126,110676.08012408135,24.3,0
C011127,759134.6640463498,83.3,1
C011128,3807315.287890831,94.2,1
C011129,0.0,7.0,0
C011130,475518.464750258,72.9,0
C011131,880596.6877111872,88.1,1
C011132,85329.1747578267,20.6,0
C011133,0.0,7.0,0
C011134,140213.77054896115,29.0,0
C011135,170686.53828066034,33.7,0
C011136,109465.49666221441,24.1,0
C011137,251058.7405878033,48.9,0
C011138,210839.2327464555,40.9,0
C011139,579621.1254553018,75.8,0
C011140,285271.6141731617,55.9,0
C011141,830240.3488383464,86.3,1
C011142,114152.09913388464,25.0,0
C011143,4861985.128640769,99.7,1
C011144,427234.2521157629,71.2,0
C011145,44985.02987784287,16.1,0
C011146,379054.8757104328,68.3,0
C011147,3907287.7553029493,94.8,1
C011148,169335.7395266068,33.5,0
C011149,243450.44773426128,47.4,0
C011150,723509.279790712,81.8,1
C011151,795808.0049492207,84.9,1
C011152,759146.9152365519,83.3,1
C011153,67554.11695991928,18.3,0
C011154,1002103.5029038114,90.3,1
C011155,4828849.066850823,99.7,1
C011156,0.0,7.0,0
C011157,244742.96698707342,47.6,0
C011158,789586.6850382233,84.6,1
C011159,689501.3049429413,80.2,1
C011160,852997.2313564441,87.2,1
C011161,0.0,7.0,0
C011162,702269.0484158325,80.8,1
C011163,166928.27084073224,33.2,0
C011164,88142.35096369612,21.0,0
C011165,354431.73194144503,66.2,0
C011166,3798626.427952252,94.1,1
C011167,290989.2832099133,56.9,0
C011168,69648.56786890129,18.6,0
C011169,0.0,7.0,0
C011170,10292.741118021457,14.4,0
C011171,0.0,7.0,0
C011172,0.0,7.0,0
C011173,204193.92477847147,39.6,0
C011174,0.0,7.0,0
C011175,193636.03646315596,37.7,0
C011176,46293.188219063355,16.2,0
C011177,92105.57916544563,21.6,0
C011178,162660.7612631772,32.5,0
C011179,0.0,7.0,0
C011180,584461.3719445855,75.9,0
C011181,955.7593598449081,14.2,0
C011182,262177.53563472664,51.4,0
C011183,275865.77997677634,54.2,0
C011184,4266891.022300451,97.4,1
C011185,259484.9913539282,50.7,0
C011186,0.0,7.0,0
C011187,290970.7421094855,56.9,0
C011188,734319.3930374912,82.2,1
C011189,0.0,7.0,0
C011190,231609.786012722,44.9,0
C011191,781025.4595374996,84.3,1
C011192,239516.20351048757,46.6,0
C011193,213840.14910564464,41.5,0
C011194,322777.6651588842,62.3,0
C011195,338171.5604964623,64.4,0
C011196,4542799.618517405,98.9,1
C011197,63535.86988488074,17.9,0
C011198,667034.0360077542,79.1,0
C011199,3568212.147628143,92.6,1
C011200,194088.66561008294,37.8,0
C011201,835285.0563989503,86.5,1
C011202,149939.51252400776,30.5,0
C011203,502569.88419330714,73.6,0
C011204,596884.6016297041,76.3,0
C011205,595074.7128710448,76.3,0
C011206,207302.1090328494,40.3,0
C011207,51705.160804667765,16.7,0
C011208,0.0,7.0,0
C011209,931111.9331748405,89.3,1
C011210,384545.5932939648,68.8,0
C011211,104303.63574999702,23.4,0
C011212,158977.97726028643,32.0,0
C011213,3207123.049963304,91.3,1
C011214,751030.0001086523,83.0,1
C011215,4204192.991592591,96.9,1
C011216,223645.86890395347,43.4,0
C011217,227612.64370538914,44.2,0
C011218,400681.9460192363,69.9,0
C011219,15930.33897039791,14.6,0
C011220,166993.45313815944,33.2,0
C011221,339633.9377236996,64.5,0
C011222,3656949.0191717697,93.1,1
C011223,330686.78389560117,63.5,0
C011224,701630.655526873,80.8,1
C011225,454142.29774572654,72.2,0
C011226,876296.2765945035,87.9,1
C011227,140104.72118589698,28.9,0
C011228,0.0,7.0,0
C011229,0.0,7.0,0
C011230,4848385.45656402,99.7,1
C011231,316377.47427869856,61.4,0
C011232,4458816.135684007,98.6,1
C011233,0.0,7.0,0
C011234,103092.02304855036,23.2,0
C011235,0.0,7.0,0
C011236,161233.33524950506,32.3,0
C011237,74385.77770191326,19.2,0
C011238,0.0,7.0,0
C011239,983664.1916390946,90.1,1
C011240,46618.99118712351,16.3,0
C011241,4198418.594117446,96.8,1
C011242,112329.73036491462,24.6,0
C011243,0.0,7.0,0
C011244,53292.29752797672,16.8,0
C011245,208430.67729962408,40.5,0
C011246,588320.6605247939,76.0,0
C011247,182283.74459442013,35.6,0
C011248,698930.9962508753,80.7,1
C011249,264384.41335451015,51.9,0
C011250,195389.4538971816,38.0,0
C011251,123207.0706869589,26.3,0
C011252,871879.0799403688,87.8,1
C011253,414645.98034670006,70.7,0
C011254,304143.140618619,59.4,0
C011255,4269725.603837925,97.4,1
C011256,744885.2114060937,82.7,1
C011257,194119.4631132303,37.8,0
C011258,0.0,7.0,0
C011259,756066.8610871538,83.2,1
C011260,397381.7293587998,69.7,0
C011261,233169.46160432213,45.2,0
C011262,323157.7768865873,62.3,0
C011263,618878.2790916583,77.2,0
C011264,3701196.16925895,93.4,1
C011265,487653.81960675766,73.2,0
C011266,455676.6664152518,72.3,0
C011267,222912.1788229774,43.2,0
C011268,3264177.3119298476,91.4,1
C011269,580901.4176853081,75.8,0
C011270,168163.2625025415,33.4,0
C011271,298969.1323672865,58.4,0
C011272,284829.64141449064,55.9,0
C011273,960164.307087428,89.8,1
C011274,4394352.633674746,98.3,1
C011275,255034.55483135983,49.8,0
C011276,552226.0124064178,75.0,0
C011277,564892.1094470959,75.3,0
C011278,180692.09240943557,35.3,0
C011279,0.0,7.0,0
C011280,3957413.2576841917,95.1,1
C011281,339333.63305197586,64.5,0
C011282,222640.36198079074,43.2,0
C011283,4847151.575751957,99.7,1
C011284,114527.87814040294,25.1,0
C011285,858040.7203037655,87.3,1
C011286,138776.31947648554,28.7,0
C011287,0.0,7.0,0
C011288,117279.96931098704,25.4,0
C011289,764326.0550914167,83.6,1
C011290,100842.37764518788,22.8,0
C011291,274898.5349216523,54.0,0
C011292,288162.63931108,56.4,0
C011293,343108.6885822152,65.0,0
C011294,225582.66457847308,43.8,0
C011295,265160.2957889786,52.1,0
C011296,0.0,7.0,0
C011297,345571.1503402516,65.3,0
C011298,0.0,7.0,0
C011299,308312.6667752156,60.0,0
C011300,292409.02988556237,57.2,0
C011301,245545.90279868216,47.8,0
C011302,66088.2436920107,18.2,0
C011303,79326.38917020123,19.8,0
C011304,0.0,7.0,0
C011305,366048.2851747357,67.2,0
C011306,689250.4770171709,80.2,1
C011307,342225.09296368016,64.8,0
C011308,4538500.853566786,98.9,1
C011309,918728.3554345528,89.0,1
C011310,206624.8693526222,40.2,0
C011311,250213.59101736452,48.8,0
C011312,212794.7935422842,41.3,0
C011313,424259.7401865703,71.1,0
C011314,777608.6532419744,84.2,1
C011315,651092.990372349,78.4,0
C011316,299963.2482627778,58.5,0
C011317,4162893.2625493053,96.6,1
C011318,387647.6721666889,69.0,0
C011319,271787.03177508235,53.4,0
C011320,250712.23533921893,48.9,0
C011321,0.0,7.0,0
C011322,342397.8457919008,64.8,0
C011323,219343.2007536166,42.6,0
C011324,711002.5385076678,81.3,1
C011325,181851.07455458317,35.6,0
C011326,410788.0026471766,70.4,0
C011327,4559125.967978486,99.0,1
C011328,0.0,7.0,0
C011329,324964.1701236777,62.6,0
C011330,370478.24765118037,67.6,0
C011331,211614.6250433355,41.1,0
C011332,126800.53176402178,26.9,0
C011333,124539.86633031907,26.6,0
C011334,693442.1224102082,80.4,1
C011335,4261856.407955111,97.3,1
C011336,758440.3607726867,83.3,1
C011337,215432.2862222062,41.8,0
C011338,253872.34624341683,49.6,0
C011339,624728.2087078093,77.4,0
C011340,0.0,7.0,0
C011341,0.0,7.0,0
C011342,404012.94435033,70.1,0
C011343,674075.7970926136,79.4,0
C011344,288760.01798226335,56.5,0
C011345,218378.02851637814,42.4,0
C011346,105135.2067613309,23.5,0
C011347,3648949.831727652,93.1,1
C011348,110564.6718495138,24.3,0
C011349,246301.7545242276,47.9,0
C011350,4167820.060359996,96.6,1
C011351,203198.81162909046,39.4,0
C011352,5352047.489995317,100.0,1
C011353,864487.6819989715,87.5,1
C011354,259885.7350188244,50.8,0
C011355,676808.2977823819,79.6,0
C011356,255486.74244163377,49.9,0
C011357,293132.5138930101,57.3,0
C011358,579748.9915569014,75.8,0
C011359,760182.4565817107,83.4,1
C011360,84926.25043732804,20.6,0
C011361,184891.1418567732,36.1,0
C011362,23227.14960300355,14.8,0
C011363,250423.85956202188,48.8,0
C011364,0.0,7.0,0
C011365,119699.70306515596,25.8,0
C011366,600041.8375581494,76.5,0
C011367,110233.3170004833,24.3,0
C011368,209169.23949564167,40.6,0
C011369,6.037341380375803,14.1,0
C011370,532473.8396318749,74.4,0
C011371,297785.11372629367,58.2,0
C011372,803013.4380873012,85.2,1
C011373,205130.73628664523,39.8,0
C011374,3978294.722493669,95.3,1
C011375,3709808.8012489965,93.5,1
C011376,286979.51135675015,56.3,0
C011377,253928.08207904495,49.6,0
C011378,208457.79293760622,40.5,0
C011379,685778.8731380265,80.0,1
C011380,211533.89112757135,41.1,0
C011381,740243.3440426994,82.5,1
C011382,284347.2287365233,55.8,0
C011383,212218.3490848558,41.2,0
C011384,0.0,7.0,0
C011385,534155.4917984284,74.5,0
C011386,654854.1341189083,78.5,0
C011387,0.0,7.0,0
C011388,459848.98805525975,72.4,0
C011389,680116.501938225,79.7,0
C011390,318428.721691776,61.7,0
C011391,205039.8623008939,39.8,0
C011392,27541.92490846403,15.0,0
C011393,135404.40572566693,28.2,0
C011394,100168.98145393554,22.7,0
C011395,455577.2505414305,72.3,0
C011396,41888.64899867612,15.9,0
C011397,57678.554316137335,17.2,0
C011398,677554.6444324751,79.6,0
C011399,178025.17900831878,34.9,0
C011400,72200.84741057144,18.9,0
C011401,203089.90830517095,39.4,0
C011402,478922.0103576137,73.0,0
C011403,294187.63687644457,57.5,0
C011404,89704.88769573772,21.2,0
C011405,69257.8253417052,18.6,0
C011406,514204.8709021336,73.9,0
C011407,313141.5983090052,60.8,0
C011408,420161.37881062063,70.9,0
C011409,812383.8459866096,85.5,1
C011410,441558.02114963037,71.7,0
C011411,3963319.033622855,95.1,1
C011412,0.0,7.0,0
C011413,364179.1590532083,67.1,0
C011414,170564.94276592322,33.7,0
C011415,87115.72243353499,20.9,0
C011416,55550.748683432976,17.0,0
C011417,274855.930269358,54.0,0
C011418,0.0,7.0,0
C011419,165257.34300703328,32.9,0
C011420,212107.61852038896,41.2,0
C011421,600254.5870551328,76.5,0
C011422,77300.6105158505,19.5,0
C011423,544334.9677920983,74.8,0
C011424,3490762.03874721,92.2,1
C011425,0.0,7.0,0
C011426,87113.94595369376,20.9,0
C011427,449145.26978713926,72.0,0
C011428,3970677.8175033983,95.2,1
C011429,189562.40778889623,37.0,0
C011430,729922.1545165573,82.0,1
C011431,3772582.4621069506,93.9,1
C011432,91273.8690489676,21.5,0
C011433,62707.771239814945,17.8,0
C011434,253157.07822636666,49.4,0
C011435,242919.70334184135,47.2,0
C011436,0.0,7.0,0
C011437,686389.238081449,80.0,1
C011438,0.0,7.0,0
C011439,6.773344573444531,14.1,0
C011440,171279.1107165826,33.8,0
C011441,912622.875949512,88.9,1
C011442,600404.9137760579,76.5,0
C011443,3894335.343532727,94.6,1
C011444,778221.3711547181,84.2,1
C011445,3257441.8710499164,91.4,1
C011446,26078.02253025373,14.9,0
C011447,863466.9126834046,87.5,1
C011448,0.0,7.0,0
C011449,174871.0780535217,34.4,0
C011450,0.0,7.0,0
C011451,0.0,7.0,0
C011452,227157.40636217603,44.1,0
C011453,3478181.8455736167,92.1,1
C011454,0.0,7.0,0
C011455,4718654.870416373,99.4,1
C011456,649155.6876133172,78.3,0
C011457,4441215.110851342,98.5,1
C011458,250290.43787853557,48.8,0
C011459,3833.594970840922,14.3,0
C011460,224290.61211350845,43.5,0
C011461,132075.87519126188,27.7,0
C011462,326678.235548947,62.9,0
C011463,772273.5391026906,83.9,1
C011464,308173.57143805746,60.0,0
C011465,0.0,7.0,0
C011466,314898.0764588526,61.1,0
C011467,151173.99770754104,30.7,0
C011468,160674.37998689318,32.2,0
C011469,77410.95173597708,19.6,0
C011470,159628.67014779843,32.0,0
C011471,313487.5756799504,60.9,0
C011472,4503599.082141111,98.8,1
C011473,2330.2389987409438,14.2,0
C011474,3608871.3698744862,92.8,1
C011475,4473755.72755236,98.6,1
C011476,744486.3923606128,82.7,1
C011477,336332.60440076445,64.2,0
C011478,70594.75469817233,18.7,0
C011479,0.0,7.0,0
C011480,310237.92189985863,60.4,0
C011481,261923.09790994332,51.3,0
C011482,681694.0978352623,79.8,0
C011483,306997.1442356769,59.8,0
C011484,578102.4620067102,75.7,0
C011485,272769.2035420318,53.6,0
C011486,239210.5207422178,46.6,0
C011487,386825.94520578434,69.0,0
C011488,943669.7113350438,89.5,1
C011489,63540.70505031792,17.9,0
C011490,73843.50301077541,19.1,0
C011491,3757491.5839424534,93.8,1
C011492,4101872.077413881,96.2,1
C011493,1001511.5508629262,90.3,1
C011494,269332.6423121685,53.0,0
C011495,247487.50555905153,48.2,0
C011496,3021528.029862332,91.1,1
C011497,85991.56298896203,20.7,0
C011498,0.0,7.0,0
C011499,0.0,7.0,0
C011500,384945.06889480597,68.8,0
C011501,407658.093160322,70.2,0
C011502,132067.201226984,27.7,0
C011503,327772.3195116162,63.0,0
C011504,0.0,7.0,0
C011505,0.0,7.0,0
C011506,168680.9416353955,33.5,0
C011507,4541771.631023302,98.9,1
C011508,145924.5469145268,30.0,0
C011509,164772.72087975874,32.8,0
C011510,506325.6501138285,73.7,0
C011511,0.0,7.0,0
C011512,352310.9399608461,66.0,0
C011513,673257.298164955,79.4,0
C011514,597377.1378151502,76.3,0
C011515,112512.32367465658,24.7,0
C011516,247512.5137736235,48.2,0
C011517,0.0,7.0,0
C011518,899309.7059892664,88.6,1
C011519,371990.12896912434,67.8,0
C011520,374882.5221432656,68.0,0
C011521,3873838.8623295845,94.5,1
C011522,0.0,7.0,0
C011523,4279292.1638926165,97.5,1
C011524,350874.25939957594,65.8,0
C011525,0.0,7.0,0
C011526,4314082.195080203,97.7,1
C011527,138938.60234851518,28.7,0
C011528,37408.1901199291,15.6,0
C011529,278264.4520738444,54.6,0
C011530,286216.79573795124,56.1,0
C011531,3580106.095479859,92.6,1
C011532,4388784.126864975,98.2,1
C011533,64899.7890115247,18.0,0
C011534,919585.0924876689,89.0,1
C011535,690170.9572998045,80.2,1
C011536,0.0,7.0,0
C011537,885871.2128273996,88.2,1
C011538,139167.3351833129,28.8,0
C011539,0.0,7.0,0
C011540,37696.5782815191,15.6,0
C011541,4424448.4503486315,98.4,1
C011542,300423.82056836796,58.6,0
C011543,66325.21636768508,18.2,0
C011544,27071.949757009752,15.0,0
C011545,297379.0686242167,58.1,0
C011546,270542.98833929235,53.2,0
C011547,173489.87138449884,34.2,0
C011548,521380.2175646117,74.1,0
C011549,383438.90868303465,68.7,0
C011550,478453.7368348999,73.0,0
C011551,271409.594793061,53.4,0
C011552,0.0,7.0,0
C011553,461334.4360808096,72.4,0
C011554,0.0,7.0,0
C011555,44028.214367602544,16.1,0
C011556,889473.8196131614,88.3,1
C011557,214394.97474284773,41.6,0
C011558,32854.60863693129,15.3,0
C011559,222166.68615403544,43.1,0
C011560,47947.1300831102,16.4,0
C011561,54310.76421546566,16.9,0
C011562,0.0,7.0,0
C011563,780755.7314060079,84.3,1
C011564,958036.8446796951,89.8,1
C011565,228547.08360372897,44.4,0
C011566,325125.3718409248,62.6,0
C011567,62985.971378499264,17.8,0
C011568,174129.14754747515,34.3,0
C011569,322150.0724384178,62.2,0
C011570,47963.753157613464,16.4,0
C011571,0.0,7.0,0
C011572,259602.74473541422,50.8,0
C011573,175010.27433372583,34.4,0
C011574,151760.41296516405,30.8,0
C011575,3807297.6787030664,94.1,1
C011576,0.0,7.0,0
C011577,673473.5946485591,79.4,0
C011578,259600.78583715096,50.8,0
C011579,0.0,7.0,0
C011580,178401.55353781165,34.9,0
C011581,59622.52516015924,17.4,0
C011582,299943.0387815836,58.5,0
C011583,151629.56951986437,30.8,0
C011584,292184.87228364294,57.2,0
C011585,201352.1855001819,39.1,0
C011586,0.0,7.0,0
C011587,904621.8782109418,88.6,1
C011588,730558.9621678754,82.1,1
C011589,850101.9525714774,87.1,1
C011590,183082.0253184681,35.8,0
C011591,742287.3985384806,82.6,1
C011592,259460.78671301625,50.7,0
C011593,340068.85974772024,64.6,0
C011594,222684.61965915188,43.2,0
C011595,807397.3702866139,85.3,1
C011596,0.0,7.0,0
C011597,301566.2616242634,58.8,0
C011598,0.0,7.0,0
C011599,382410.34932248166,68.6,0
C011600,0.0,7.0,0
C011601,853635.8405723933,87.2,1
C011602,679599.199552909,79.7,0
C011603,0.0,7.0,0
C011604,607184.5467018757,76.8,0
C011605,645731.8141551181,78.2,0
C011606,193754.26280920347,37.7,0
C011607,287217.31066453306,56.3,0
C011608,4220473.839995659,97.0,1
C011609,3963496.8284030897,95.1,1
C011610,3558116.1828490477,92.5,1
C011611,150704.79985337195,30.6,0
C011612,922650.58524193,89.1,1
C011613,75409.22748790553,19.3,0
C011614,0.0,7.0,0
C011615,593182.9959471879,76.2,0
C011616,131267.66704553211,27.6,0
C011617,773945.3474811538,84.0,1
C011618,704979.3272703269,81.0,1
C011619,767186.7457393483,83.7,1
C011620,0.0,7.0,0
C011621,320136.2917690935,61.9,0
C011622,0.0,7.0,0
C011623,103602.37265879493,23.3,0
C011624,0.0,7.0,0
C011625,185559.2446289525,36.2,0
C011626,832623.9034911931,86.4,1
C011627,270920.7032318988,53.2,0
C011628,0.0,7.0,0
C011629,155769.20124920664,31.4,0
C011630,0.0,7.0,0
C011631,218627.54130465596,42.4,0
C011632,244504.94533989794,47.5,0
C011633,116922.73037548893,25.4,0
C011634,152776.82163941392,30.9,0
C011635,0.0,7.0,0
C011636,0.0,7.0,0
C011637,133984.82721360624,28.0,0
C011638,262746.1474674358,51.5,0
C011639,200494.96329404323,38.9,0
C011640,100128.81451635425,22.7,0
C011641,4304222.74159497,97.7,1
C011642,337780.09947785584,64.3,0
C011643,415343.4894147137,70.7,0
C011644,158520.7570380106,31.9,0
C011645,676418.3429090186,79.6,0
C011646,448454.5092640073,72.0,0
C011647,292930.4487002206,57.3,0
C011648,217456.29665308484,42.2,0
C011649,17685.184239771228,14.6,0
C011650,73167.71098484015,19.0,0
C011651,176965.1687204912,34.7,0
C011652,290121.59399836557,56.8,0
C011653,262312.48320894886,51.4,0
C011654,608901.7743689009,76.8,0
C011655,357926.98120372824,66.5,0
C011656,280741.1521665301,55.1,0
C011657,267627.79742924357,52.6,0
C011658,718717.0121830393,81.6,1
C011659,89023.33884276176,21.1,0
C011660,235307.5874959088,45.7,0
C011661,222383.6619816072,43.1,0
C011662,291149.8502316747,56.9,0
C011663,205193.49078461283,39.8,0
C011664,141246.8846510849,29.2,0
C011665,359687.6156492097,66.7,0
C011666,0.0,7.0,0
C011667,436065.7056026014,71.5,0
C011668,212506.11653132425,41.3,0
C011669,279665.32688582985,54.9,0
C011670,174166.64202251477,34.3,0
C011671,230276.0407299201,44.7,0
C011672,84285.26860076611,20.5,0
C011673,0.0,7.0,0
C011674,3925133.869668393,94.9,1
C011675,469997.28483556496,72.7,0
C011676,901441.6562978383,88.6,1
C011677,341968.3362386505,64.8,0
C011678,0.0,7.0,0
C011679,262263.0151836814,51.4,0
C011680,292337.9261653671,57.2,0
C011681,139330.94471553955,28.8,0
C011682,0.0,7.0,0
C011683,314976.22265517595,61.2,0
C011684,143970.33834231086,29.6,0
C011685,0.0,7.0,0
C011686,838921.4102502565,86.7,1
C011687,308654.460296346,60.1,0
C011688,230616.83808700653,44.7,0
C011689,182137.10195623946,35.6,0
C011690,692900.855422663,80.4,1
C011691,0.0,7.0,0
C011692,752423.8064969267,83.0,1
C011693,753927.9344506843,83.1,1
C011694,134221.77880801965,28.0,0
C011695,0.0,7.0,0
C011696,31055.601171943275,15.2,0
C011697,0.0,7.0,0
C011698,0.0,7.0,0
C011699,0.0,7.0,0
C011700,136555.57046881245,28.3,0
C011701,0.0,7.0,0
C011702,484382.2984755339,73.1,0
C011703,308106.4560503091,60.0,0
C011704,813453.7190775427,85.6,1
C011705,0.0,7.0,0
C011706,223343.6064906838,43.3,0
C011707,3876276.0572428196,94.5,1
C011708,264773.25506085827,52.0,0
C011709,366601.02087853086,67.3,0
C011710,411072.86517358,70.4,0
C011711,4077078.568221326,96.0,1
C011712,3518679.1490000617,92.3,1
C011713,332729.150272269,63.7,0
C011714,150444.92168552388,30.6,0
C011715,209869.5504957897,40.8,0
C011716,45919.40023199396,16.2,0
C011717,0.0,7.0,0
C011718,232792.13455205085,45.1,0
C011719,73826.6261396483,19.1,0
C011720,4490964.949713896,98.7,1
C011721,402441.4279723151,70.0,0
C011722,0.0,7.0,0
C011723,198036.61092675585,38.5,0
C011724,4252827.881831735,97.3,1
C011725,3840912.8903591675,94.3,1
C011726,0.0,7.0,0
C011727,296228.2533098228,57.9,0
C011728,0.0,7.0,0
C011729,811490.4295817093,85.5,1
C011730,239433.221345965,46.6,0
C011731,62543.612773273715,17.8,0
C011732,183536.3080026656,35.8,0
C011733,158521.30690614783,31.9,0
C011734,164031.08059169786,32.7,0
C011735,410592.6321723788,70.4,0
C011736,101508.54956512067,22.9,0
C011737,131018.62605113343,27.6,0
C011738,294891.84309413866,57.6,0
C011739,115566.5141672707,25.2,0
C011740,232404.59662116392,45.0,0
C011741,0.0,7.0,0
C011742,291946.4525691845,57.1,0
C011743,724571.9799977529,81.8,1
C011744,185505.6001295188,36.1,0
C011745,0.0,7.0,0
C011746,768500.7526113477,83.8,1
C011747,723219.6877612912,81.8,1
C011748,307750.37128108164,59.9,0
C011749,0.0,7.0,0
C011750,0.0,7.0,0
C011751,641598.6288881779,78.0,0
C011752,391253.7916159571,69.2,0
C011753,288126.7573654777,56.4,0
C011754,0.0,7.0,0
C011755,332011.6286008358,63.6,0
C011756,288087.52449983795,56.4,0
C011757,258877.9130690492,50.6,0
C011758,828584.7113273002,86.2,1
C011759,214821.06409262665,41.7,0
C011760,0.0,7.0,0
C011761,144225.68169379863,29.7,0
C011762,3559931.2087871,92.5,1
C011763,699643.2490051936,80.7,1
C011764,273891.52572821244,53.8,0
C011765,3872777.432482397,94.5,1
C011766,233866.1076215042,45.4,0
C011767,0.0,7.0,0
C011768,3568394.9026811724,92.6,1
C011769,793040.1511964883,84.8,1
C011770,372985.5470665459,67.8,0
C011771,425444.87141754385,71.1,0
C011772,220986.2928212767,42.9,0
C011773,367084.27914804005,67.3,0
C011774,570632.1065287108,75.5,0
C011775,4056536.7846404933,95.9,1
C011776,4846897.092231866,99.7,1
C011777,184337.04247403014,35.9,0
C011778,0.0,7.0,0
C011779,284651.50372698717,55.8,0
C011780,3999818.339868609,95.4,1
C011781,465056.7952510605,72.6,0
C011782,114145.35827381583,25.0,0
C011783,81548.484837686,20.2,0
C011784,233905.35814879418,45.4,0
C011785,4366085.060481854,98.1,1
C011786,257238.94454269245,50.3,0
C011787,0.0,7.0,0
C011788,70035.40074809741,18.7,0
C011789,843328.0965597556,86.9,1
C011790,0.0,7.0,0
C011791,188763.59706705966,36.9,0
C011792,561609.1442253578,75.3,0
C011793,570920.6421494272,75.5,0
C011794,0.0,7.0,0
C011795,124650.60956319234,26.6,0
C011796,0.0,7.0,0
C011797,282514.959783858,55.4,0
C011798,999025.5662550833,90.2,1
C011799,759292.1327917709,83.3,1
C011800,0.0,7.0,0
C011801,0.0,7.0,0
C011802,108743.99940087416,24.0,0
C011803,0.0,7.0,0
C011804,414174.2093831967,70.6,0
C011805,307670.7648340181,59.9,0
C011806,406896.9564084929,70.2,0
C011807,212296.2745237114,41.2,0
C011808,914033.3901498875,88.9,1
C011809,0.0,7.0,0
C011810,123545.35440633859,26.4,0
C011811,315890.1837315579,61.3,0
C011812,196091.75720094456,38.1,0
C011813,52164.85955533696,16.7,0
C011814,280304.86384895374,55.0,0
C011815,102653.73519561304,23.1,0
C011816,0.0,7.0,0
C011817,788764.6633095769,84.6,1
C011818,5165117.2811723,100.0,1
C011819,174852.04153936266,34.4,0
C011820,117320.71880905461,25.5,0
C011821,0.0,7.0,0
C011822,0.0,7.0,0
C011823,495390.9462742122,73.4,0
C011824,279202.56433328625,54.8,0
C011825,422828.46931390784,71.0,0
C011826,248061.68865463114,48.3,0
C011827,893924.8224682305,88.4,1
C011828,116428.62854908113,25.3,0
C011829,2990241.432852084,91.0,1
C011830,709952.4721890119,81.2,1
C011831,838801.5285188153,86.7,1
C011832,391906.0411694841,69.3,0
C011833,108500.84429271116,23.9,0
C011834,870580.6657088471,87.7,1
C011835,0.0,7.0,0
C011836,133028.7679148274,27.9,0
C011837,229152.6262230423,44.5,0
C011838,108179.18694466473,23.9,0
C011839,3910203.739108844,94.8,1
C011840,269854.2225309742,53.1,0
C011841,331247.99467870046,63.6,0
C011842,318524.97567773535,61.7,0
C011843,164397.67244928816,32.7,0
C011844,241104.71187823653,46.9,0
C011845,0.0,7.0,0
C011846,0.0,7.0,0
C011847,268392.13835278223,52.8,0
C011848,767567.9810387369,83.7,1
C011849,46981.29875955507,16.3,0
C011850,565482.0940000383,75.4,0
C011851,949292.0036366394,89.6,1
C011852,0.0,7.0,0
C011853,0.0,7.0,0
C011854,841708.257278853,86.8,1
C011855,295611.39996134036,57.8,0
C011856,627160.7148841086,77.5,0
C011857,378916.4269797876,68.3,0
C011858,344001.6666450858,65.1,0
C011859,210295.76094187016,40.8,0
C011860,241838.37502806712,47.1,0
C011861,184245.7501840851,35.9,0
C011862,77893.02437657047,19.6,0
C011863,109871.37003271694,24.2,0
C011864,143410.7535123958,29.6,0
C011865,29581.498709780226,15.1,0
C011866,274582.4875231415,54.0,0
C011867,0.0,7.0,0
C011868,494364.4830754744,73.4,0
C011869,761347.7780121107,83.4,1
C011870,3668930.5879984503,93.2,1
C011871,124351.65305445614,26.5,0
C011872,439328.57196329924,71.7,0
C011873,4724033.337732057,99.4,1
C011874,198965.10495666548,38.7,0
C011875,134557.17037979394,28.0,0
C011876,0.0,7.0,0
C011877,4424924.038423267,98.4,1
C011878,3458650.440282856,92.1,1
C011879,91122.7501014175,21.5,0
C011880,239831.07066671245,46.7,0
C011881,76993.61863180959,19.5,0
C011882,184480.24341722092,35.9,0
C011883,372262.6459729882,67.8,0
C011884,216074.34063334734,42.0,0
C011885,317972.8211519269,61.6,0
C011886,0.0,7.0,0
C011887,567836.517436888,75.4,0
C011888,0.0,7.0,0
C011889,3482809.116049813,92.2,1
C011890,130764.20617093668,27.5,0
C011891,808051.8109653824,85.4,1
C011892,396353.9478811225,69.6,0
C011893,0.0,7.0,0
C011894,4080058.7535414966,96.0,1
C011895,667143.957520634,79.1,0
C011896,0.0,7.0,0
C011897,753117.9968514587,83.1,1
C011898,235820.52834072436,45.8,0
C011899,233794.5594589967,45.4,0
C011900,567418.897308572,75.4,0
C011901,246117.03227795474,47.9,0
C011902,307312.98601253174,59.8,0
C011903,908067.8434549604,88.8,1
C011904,340089.055842144,64.6,0
C011905,0.0,7.0,0
C011906,443397.6418206105,71.8,0
C011907,80454.32704255705,20.0,0
C011908,269232.4380027726,52.9,0
C011909,83591.38485987732,20.4,0
C011910,120112.91918380972,25.9,0
C011911,163094.7510078454,32.6,0
C011912,0.0,7.0,0
C011913,606394.9151514941,76.7,0
C011914,302567.1244488537,59.0,0
C011915,0.0,7.0,0
C011916,141503.7038599781,29.2,0
C011917,0.0,7.0,0
C011918,193663.11097404826,37.7,0
C011919,176635.151912096,34.6,0
C011920,0.0,7.0,0
C011921,331510.3464543849,63.6,0
C011922,0.0,7.0,0
C011923,0.0,7.0,0
C011924,598399.1991778016,76.4,0
C011925,36183.28833367715,15.5,0
C011926,240850.54382889977,46.8,0
C011927,104588.62941968578,23.4,0
C011928,0.0,7.0,0
C011929,91022.7004546618,21.5,0
C011930,69029.46411056133,18.5,0
C011931,311294.6747332906,60.6,0
C011932,623835.0057561608,77.4,0
C011933,119119.14924001467,25.7,0
C011934,172996.58657364192,34.1,0
C011935,424242.029740243,71.1,0
C011936,305151.0148670061,59.5,0
C011937,57035.58021187338,17.2,0
C011938,0.0,7.0,0
C011939,153181.61003978678,31.0,0
C011940,394747.35905126523,69.5,0
C011941,196462.26704767422,38.2,0
C011942,236120.21871515544,45.9,0
C011943,155686.299117134,31.4,0
C011944,692237.7217077046,80.4,1
C011945,127951.33072296157,27.1,0
C011946,418599.3717923726,70.9,0
C011947,391441.0555528304,69.2,0
C011948,408146.51379768294,70.3,0
C011949,213592.33992378658,41.4,0
C011950,192594.4228771837,37.5,0
C011951,276047.3667718633,54.3,0
C011952,3860280.8302965807,94.4,1
C011953,344547.68972917856,65.1,0
C011954,114134.96706587223,25.0,0
C011955,231226.0911788846,44.8,0
C011956,0.0,7.0,0
C011957,580865.477080794,75.8,0
C011958,0.0,7.0,0
C011959,995471.3769877736,90.2,1
C011960,229087.66756937132,44.5,0
C011961,623769.2028714712,77.4,0
C011962,88220.3219136709,21.0,0
C011963,704079.5140196629,80.9,1
C011964,84088.49966929358,20.5,0
C011965,740700.4549573513,82.5,1
C011966,111022.6820879821,24.4,0
C011967,800519.7827118409,85.1,1
C011968,238679.62698132658,46.5,0
C011969,284395.4501235653,55.8,0
C011970,106871.8244645518,23.8,0
C011971,795056.8725452925,84.9,1
C011972,182548.42513305732,35.7,0
C011973,139823.6191595599,28.9,0
C011974,528943.227196627,74.3,0
C011975,326520.9434965009,62.9,0
C011976,3462899.264028065,92.1,1
C011977,95975.55524833943,22.1,0
C011978,846172.4523254606,87.0,1
C011979,39260.935873092596,15.7,0
C011980,146483.5910560675,30.1,0
C011981,798404.296538374,85.0,1
C011982,206451.03812316048,40.1,0
C011983,735940.3908062119,82.3,1
C011984,1069055.5748586396,90.6,1
C011985,242471.42678932988,47.2,0
C011986,740682.5786572772,82.5,1
C011987,531591.5339133698,74.4,0
C011988,361453.82046032423,66.8,0
C011989,418329.5730143656,70.8,0
C011990,306714.77304099855,59.8,0
C011991,107066.95894118107,23.8,0
C011992,248499.84484053808,48.4,0
C011993,132392.26128921183,27.8,0
C011994,601338.4592450579,76.5,0
C011995,110876.72184667572,24.4,0
C011996,4530484.363875222,98.9,1
C011997,95718.16935292847,22.1,0
C011998,42811.602694653426,16.0,0
C011999,328027.5035260336,63.1,0
C012000,285617.8646762626,56.0,0
C012001,261550.192926244,51.2,0
C012002,3128766.089244199,91.2,1
C012003,262950.62574438436,51.6,0
C012004,732172.8928588794,82.1,1
C012005,613282.3180569892,77.0,0
C012006,638229.317216925,77.9,0
C012007,315602.6499193632,61.3,0
C012008,133935.00301704547,28.0,0
C012009,0.0,7.0,0
C012010,175656.530013677,34.5,0
C012011,4067319.852509462,95.9,1
C012012,0.0,7.0,0
C012013,3702271.0707862703,93.4,1
C012014,199622.4288588189,38.8,0
C012015,3928767.933073031,94.9,1
C012016,368555.5593190051,67.4,0
C012017,140147.13661778692,29.0,0
C012018,260668.30235392094,51.1,0
C012019,565472.906961097,75.4,0
C012020,660713.4979429682,78.7,0
C012021,322669.625849335,62.3,0
C012022,191767.0982441249,37.4,0
C012023,3937637.6594500924,95.0,1
C012024,391806.79561470303,69.3,0
C012025,232773.91453873183,45.1,0
C012026,115100.3422210619,25.1,0
C012027,280370.4581189982,55.1,0
C012028,130008.36564587645,27.4,0
C012029,272952.78861116705,53.7,0
C012030,882921.8153761601,88.1,1
C012031,303910.6705142374,59.3,0
C012032,85268.11244991842,20.6,0
C012033,857252.3012456072,87.3,1
C012034,296046.93487574835,57.8,0
C012035,0.0,7.0,0
C012036,330327.8345649588,63.4,0
C012037,300644.0046784928,58.7,0
C012038,73654.79879247636,19.1,0
C012039,235948.17726477789,45.8,0
C012040,3550374.6221513515,92.5,1
C012041,92454.9821632101,21.7,0
C012042,210766.63615034643,40.9,0
C012043,4501381.625178963,98.8,1
C012044,864615.7747606396,87.5,1
C012045,60896.18968559634,17.6,0
C012046,216920.59743183028,42.1,0
C012047,0.0,7.0,0
C012048,341700.56172661507,64.8,0
C012049,49995.22652641281,16.6,0
C012050,217447.38713556962,42.2,0
C012051,473147.7556158996,72.8,0
C012052,4224441.164623239,97.0,1
C012053,217328.0221655194,42.2,0
C012054,0.0,7.0,0
C012055,245315.00755710184,47.7,0
C012056,138782.7163743915,28.7,0
C012057,294339.4522405572,57.5,0
C012058,309727.1888126676,60.3,0
C012059,150987.3962382759,30.7,0
C012060,682400.4288620036,79.8,0
C012061,0.0,7.0,0
C012062,125876.5618851529,26.8,0
C012063,112653.87435257799,24.7,0
C012064,88889.99769283857,21.1,0
C012065,198223.2847736182,38.6,0
C012066,368893.03034409444,67.5,0
C012067,103912.84066343754,23.3,0
C012068,4213742.793906468,96.9,1
C012069,216333.48624794418,42.0,0
C012070,0.0,7.0,0
C012071,956782.1136735309,89.8,1
C012072,0.0,7.0,0
C012073,2947280.8085110444,91.0,1
C012074,399236.2784087507,69.8,0
C012075,0.0,7.0,0
C012076,174052.00520639648,34.2,0
C012077,0.0,7.0,0
C012078,913492.9343044023,88.9,1
C012079,189236.09791727967,37.0,0
C012080,313091.0310288243,60.8,0
C012081,0.0,7.0,0
C012082,0.0,7.0,0
C012083,394069.20936181257,69.4,0
C012084,0.0,7.0,0
C012085,184730.60101007693,36.0,0
C012086,370868.3990218769,67.7,0
C012087,620788.0512025214,77.3,0
C012088,4131427.524342955,96.3,1
C012089,168304.0300264759,33.4,0
C012090,277834.436326609,54.6,0
C012091,1093025.0699803268,90.6,1
C012092,536167.6970410297,74.6,0
C012093,162460.16168459403,32.5,0
C012094,216137.80988687393,42.0,0
C012095,55970.84492853756,17.1,0
C012096,40888.642413863934,15.8,0
C012097,775393.4914178482,84.0,1
C012098,127600.28199245853,27.1,0
C012099,227228.56042117786,44.1,0
C012100,702411.7133865475,80.8,1
C012101,320863.5186403047,62.0,0
C012102,0.0,7.0,0
C012103,341246.59925180144,64.7,0
C012104,216884.0996928977,42.1,0
C012105,158261.3730568668,31.8,0
C012106,352070.8129711745,66.0,0
C012107,97737.58833392807,22.4,0
C012108,214570.47895496315,41.6,0
C012109,4180934.2353267656,96.7,1
C012110,325881.6500186037,62.8,0
C012111,0.0,7.0,0
C012112,0.0,7.0,0
C012113,662613.3950178238,78.8,0
C012114,323647.2150651904,62.4,0
C012115,150756.63108790477,30.6,0
C012116,150874.94136139442,30.7,0
C012117,0.0,7.0,0
C012118,4378508.971568291,98.2,1
C012119,324186.6360779595,62.5,0
C012120,209835.49486074108,40.8,0
C012121,159792.05118164432,32.1,0
C012122,479095.6950750308,73.0,0
C012123,0.0,7.0,0
C012124,283259.6407048155,55.5,0
C012125,0.0,7.0,0
C012126,799008.3085531342,85.0,1
C012127,206831.0025009213,40.2,0
C012128,4107275.487928829,96.2,1
C012129,408832.095732825,70.3,0
C012130,229825.4364861269,44.6,0
C012131,658188.9509888164,78.6,0
C012132,140416.82702969486,29.0,0
C012133,179109.86702594906,35.1,0
C012134,165807.53000640374,33.0,0
C012135,300629.28245820984,58.7,0
C012136,256931.2709295372,50.2,0
C012137,141989.1373541398,29.3,0
C012138,113490.16739969759,24.9,0
C012139,64629.45919742689,18.0,0
C012140,255310.99497367474,49.9,0
C012141,139874.3418489559,28.9,0
C012142,0.0,7.0,0
C012143,673870.1589709122,79.4,0
C012144,157534.09781975835,31.7,0
C012145,4124251.849317918,96.3,1
C012146,0.0,7.0,0
C012147,0.0,7.0,0
C012148,748696.5824034502,82.9,1
C012149,88614.80148583426,21.1,0
C012150,4287931.243797869,97.6,1
C012151,108899.80697723023,24.0,0
C012152,0.0,7.0,0
C012153,244562.70918376476,47.6,0
C012154,44189.15378712559,16.1,0
C012155,783395.8052813864,84.4,1
C012156,17079.942186955046,14.6,0
C012157,0.0,7.0,0
C012158,524314.1148770294,74.2,0
C012159,275007.45731549535,54.1,0
C012160,3443433.378910586,92.0,1
C012161,0.0,7.0,0
C012162,683190.8142481775,79.9,0
C012163,0.0,7.0,0
C012164,4007533.7144928775,95.5,1
C012165,4479097.27831744,98.7,1
C012166,112447.64028212772,24.6,0
C012167,223473.17683696357,43.3,0
C012168,829201.2678444294,86.3,1
C012169,258591.9636010554,50.5,0
C012170,256106.86674329324,50.0,0
C012171,0.0,7.0,0
C012172,780104.281952864,84.2,1
C012173,158730.93147257122,31.9,0
C012174,344104.1067405493,65.1,0
C012175,291642.68990256224,57.0,0
C012176,168241.3420933691,33.4,0
C012177,324777.32180031674,62.6,0
C012178,247569.4715794825,48.2,0
C012179,314301.9819951673,61.0,0
C012180,218339.69033873957,42.4,0
C012181,0.0,7.0,0
C012182,124156.59219999271,26.5,0
C012183,67623.71498934271,18.3,0
C012184,214973.44948325164,41.7,0
C012185,129029.31008378038,27.3,0
C012186,4683298.338104889,99.3,1
C012187,618941.6018896801,77.2,0
C012188,635399.0689049307,77.8,0
C012189,989642.2186954282,90.1,1
C012190,385636.6663680594,68.9,0
C012191,933536.3124897033,89.3,1
C012192,3151028.484947649,91.2,1
C012193,180164.6287600245,35.3,0
C012194,910396.044875135,88.8,1
C012195,665657.8308383682,79.0,0
C012196,719597.2609348044,81.7,1
C012197,149404.15217406166,30.4,0
C012198,140883.49449347984,29.1,0
C012199,0.0,7.0,0
C012200,269789.4467979953,53.0,0
C012201,6329.936986836174,14.3,0
C012202,369948.2106311963,67.6,0
C012203,0.0,7.0,0
C012204,371253.8184721447,67.7,0
C012205,0.0,7.0,0
C012206,308373.2736262255,60.0,0
C012207,196621.62773775795,38.2,0
C012208,138938.15432454302,28.7,0
C012209,487574.2148856571,73.2,0
C012210,74485.46217877096,19.2,0
C012211,4286720.919595129,97.6,1
C012212,0.0,7.0,0
C012213,176403.2931716647,34.6,0
C012214,265395.8557718551,52.1,0
C012215,4046621.166360982,95.8,1
C012216,278979.04570125707,54.8,0
C012217,206839.3026411963,40.2,0
C012218,275192.4898553936,54.1,0
C012219,316831.1646380142,61.4,0
C012220,94431.53514097074,21.9,0
C012221,355534.09642543166,66.3,0
C012222,0.0,7.0,0
C012223,0.0,7.0,0
C012224,3390045.8882565144,91.8,1
C012225,797478.830767495,84.9,1
C012226,3700978.3699988113,93.4,1
C012227,229504.98163856677,44.5,0
C012228,0.0,7.0,0
C012229,0.0,7.0,0
C012230,249924.98685389248,48.7,0
C012231,218297.46324908757,42.3,0
C012232,535924.9964095913,74.5,0
C012233,3674059.3048134684,93.2,1
C012234,80906.74771856563,20.1,0
C012235,0.0,7.0,0
C012236,402244.8543227847,70.0,0
C012237,833576.536569804,86.4,1
C012238,209434.05842472188,40.7,0
C012239,0.0,7.0,0
C012240,0.0,7.0,0
C012241,581886.8314199018,75.9,0
C012242,247527.2231017665,48.2,0
C012243,0.0,7.0,0
C012244,184544.07489707918,36.0,0
C012245,447596.28078353027,72.0,0
C012246,358139.25336163834,66.6,0
C012247,282944.1718620121,55.5,0
C012248,70626.29543363106,18.8,0
C012249,194226.09344474145,37.8,0
C012250,4328739.845944029,97.8,1
C012251,732330.1206022612,82.1,1
C012252,76209.21927142152,19.4,0
C012253,176546.88069858626,34.6,0
C012254,4063058.5085787033,95.9,1
C012255,233383.20560556656,45.3,0
C012256,0.0,7.0,0
C012257,3494234.218261447,92.2,1
C012258,228549.3850725583,44.4,0
C012259,68286.32464702408,18.4,0
C012260,197951.6873178331,38.5,0
C012261,0.0,7.0,0
C012262,0.0,7.0,0
C012263,915835.8876151221,89.0,1
C012264,60634.563708064416,17.5,0
C012265,874003.6268798187,87.8,1
C012266,354633.3779725995,66.3,0
C012267,460472.23980873317,72.4,0
C012268,3250420.0066583515,91.4,1
C012269,1129016.5437616524,90.7,1
C012270,297530.8300362073,58.1,0
C012271,796601.3390760664,84.9,1
C012272,904809.2174953358,88.6,1
C012273,951921.6943304525,89.7,1
C012274,11901.3506041071,14.5,0
C012275,151588.26228665843,30.8,0
C012276,380653.04537208367,68.4,0
C012277,483859.7655830723,73.1,0
C012278,281711.00769508997,55.3,0
C012279,259784.06315087448,50.8,0
C012280,3486804.5966774626,92.2,1
C012281,152605.4709057031,30.9,0
C012282,417423.27120483376,70.8,0
C012283,741404.8889583788,82.5,1
C012284,263213.68247895286,51.7,0
C012285,726869.6959209222,81.9,1
C012286,223147.73409340827,43.3,0
C012287,8679.476884955491,14.3,0
C012288,383397.11418486905,68.7,0
C012289,114755.21745022715,25.1,0
C012290,210725.72082866437,40.9,0
C012291,58590.447840160436,17.3,0
C012292,769023.298161184,83.8,1
C012293,398449.60916391114,69.7,0
C012294,291386.77190608584,57.0,0
C012295,0.0,7.0,0
C012296,343100.5466870408,65.0,0
C012297,4020631.2080668993,95.6,1
C012298,786018.642946712,84.5,1
C012299,499205.4941003025,73.6,0
C012300,497182.1994762708,73.5,0
C012301,167811.49253479208,33.3,0
C012302,218901.06474951643,42.5,0
C012303,282550.8839667232,55.4,0
C012304,0.0,7.0,0
C012305,176831.66976536924,34.7,0
C012306,394547.26837568596,69.5,0
C012307,486956.90422796947,73.2,0
C012308,329824.56197681825,63.3,0
C012309,245910.90197722276,47.8,0
C012310,235572.34554774084,45.7,0
C012311,134892.1919225928,28.1,0
C012312,747154.4660914458,82.8,1
C012313,220073.5887383888,42.7,0
C012314,283482.5789049977,55.6,0
C012315,202656.36525798021,39.3,0
C012316,94575.66706841862,21.9,0
C012317,461900.2060427605,72.5,0
C012318,196346.3028751113,38.2,0
C012319,0.0,7.0,0
C012320,345459.4501477839,65.2,0
C012321,214940.71998468772,41.7,0
C012322,650787.0887546293,78.3,0
C012323,0.0,7.0,0
C012324,143197.33235012734,29.5,0
C012325,655645.3885843178,78.6,0
C012326,293039.7663708944,57.3,0
C012327,356734.9283859853,66.4,0
C012328,809080.6849286483,85.4,1
C012329,389329.39675628097,69.1,0
C012330,0.0,7.0,0
C012331,244690.51972758299,47.6,0
C012332,302641.67403795937,59.1,0
C012333,72469.35840898806,18.9,0
C012334,4206977.185877182,96.9,1
C012335,97798.41604171623,22.4,0
C012336,3264532.493779023,91.5,1
C012337,264725.87429991626,52.0,0
C012338,0.0,7.0,0
C012339,249930.43886994288,48.7,0
C012340,0.0,7.0,0
C012341,292929.7526511896,57.3,0
C012342,854054.3867391618,87.2,1
C012343,0.0,7.0,0
C012344,71168.37691581735,18.8,0
C012345,225561.48064335727,43.8,0
C012346,658919.2245527697,78.7,0
C012347,545037.5500268426,74.8,0
C012348,321802.5980329047,62.1,0
C012349,632416.4434568937,77.7,0
C012350,0.0,7.0,0
C012351,260416.10319104904,51.0,0
C012352,193577.47316454587,37.7,0
C012353,0.0,7.0,0
C012354,783547.3971172025,84.4,1
C012355,0.0,7.0,0
C012356,287383.2842423286,56.3,0
C012357,763417.4264123064,83.5,1
C012358,168403.73811370818,33.4,0
C012359,146227.46159502593,30.0,0
C012360,3138509.360025259,91.2,1
C012361,216524.42038370177,42.0,0
C012362,730118.5874202196,82.0,1
C012363,292086.6279246429,57.1,0
C012364,0.0,7.0,0
C012365,275409.5473621123,54.1,0
C012366,280109.1257059621,55.0,0
C012367,1208843.4355144068,90.7,1
C012368,295050.9757524747,57.7,0
C012369,574169.4157577798,75.6,0
C012370,0.0,7.0,0
C012371,895333.8909014206,88.4,1
C012372,606518.0718788367,76.7,0
C012373,3671192.2983864294,93.2,1
C012374,39148.195092811526,15.7,0
C012375,674328.271482501,79.5,0
C012376,3953794.0930151306,95.1,1
C012377,440774.43950165994,71.7,0
C012378,65470.70292573512,18.1,0
C012379,875266.9435591502,87.9,1
C012380,0.0,7.0,0
C012381,276022.5164922658,54.2,0
C012382,3434.609045814637,14.2,0
C012383,172302.5601517914,34.0,0
C012384,164690.03025315315,32.8,0
C012385,199202.32464000164,38.7,0
C012386,599000.5823768344,76.4,0
C012387,177627.75817995676,34.8,0
C012388,90680.44975919278,21.4,0
C012389,0.0,7.0,0
C012390,239340.75702999916,46.6,0
C012391,472454.7786794551,72.8,0
C012392,30554.948320767013,15.1,0
C012393,4292689.210962434,97.6,1
C012394,3992022.7457716223,95.4,1
C012395,261468.79343630344,51.2,0
C012396,865574.8707667531,87.5,1
C012397,257345.96595137773,50.3,0
C012398,2815428.33945618,90.9,1
C012399,0.0,7.0,0
C012400,203809.46668801497,39.5,0
C012401,0.0,7.0,0
C012402,132883.202990364,27.8,0
C012403,117780.55339704202,25.5,0
C012404,99449.95516015496,22.6,0
C012405,0.0,7.0,0
C012406,161252.3113539404,32.3,0
C012407,669698.027559202,79.2,0
C012408,35033.837686404106,15.4,0
C012409,156387.1618430471,31.5,0
C012410,400214.3066784383,69.8,0
C012411,0.0,7.0,0
C012412,0.0,7.0,0
C012413,399876.87060325546,69.8,0
C012414,340983.7086514539,64.7,0
C012415,273874.63479694107,53.8,0
C012416,205845.87015284967,40.0,0
C012417,3160804.2572255004,91.2,1
C012418,380749.70663044637,68.5,0
C012419,714749.4875469035,81.5,1
C012420,474774.34185759316,72.8,0
C012421,801673.3027323401,85.1,1
C012422,156287.31528946705,31.5,0
C012423,4284483.950102803,97.5,1
C012424,74553.8991980457,19.2,0
C012425,3902267.149088602,94.7,1
C012426,395957.7233687493,69.6,0
C012427,0.0,7.0,0
C012428,122227.72138960159,26.2,0
C012429,0.0,7.0,0
C012430,664046.5310720807,78.9,0
C012431,223493.525399034,43.4,0
C012432,520440.9569712725,74.1,0
C012433,237590.3952274695,46.2,0
C012434,0.0,7.0,0
C012435,154084.0386647149,31.1,0
C012436,3670262.4535276247,93.2,1
C012437,4192982.901362994,96.7,1
C012438,264106.35437198647,51.9,0
C012439,0.0,7.0,0
C012440,70562.86125820308,18.7,0
C012441,340327.216230699,64.6,0
C012442,158172.6451112114,31.8,0
C012443,682737.6777868655,79.9,0
C012444,234523.4974689121,45.5,0
C012445,634313.1445691918,77.8,0
C012446,298850.2202676813,58.3,0
C012447,340676.20002579514,64.6,0
C012448,58760.50276609825,17.3,0
C012449,103713.99025918571,23.3,0
C012450,657655.6884362312,78.6,0
C012451,155865.15991613708,31.4,0
C012452,221137.7055090016,42.9,0
C012453,113934.01115014787,25.0,0
C012454,211609.89360070092,41.1,0
C012455,249320.1021129814,48.6,0
C012456,949068.3431392361,89.6,1
C012457,164094.3314843168,32.7,0
C012458,191727.9138926174,37.4,0
C012459,763847.637163688,83.5,1
C012460,131490.27853544804,27.6,0
C012461,189397.513823263,37.0,0
C012462,255049.5963972718,49.8,0
C012463,4804608.473322835,99.6,1
C012464,0.0,7.0,0
C012465,0.0,7.0,0
C012466,631358.3079615808,77.6,0
C012467,703457.2795072363,80.9,1
C012468,540536.5547229546,74.7,0
C012469,619016.6104169269,77.2,0
C012470,0.0,7.0,0
C012471,448249.0834047386,72.0,0
C012472,673489.0983664468,79.4,0
C012473,4350830.516385293,98.0,1
C012474,338366.7823661347,64.4,0
C012475,279331.8940955868,54.8,0
C012476,303286.7062288307,59.2,0
C012477,225522.42984661923,43.7,0
C012478,347401.7268125546,65.5,0
C012479,329465.3317910989,63.3,0
C012480,0.0,7.0,0
C012481,215306.69440640544,41.8,0
C012482,3622100.8884490384,92.9,1
C012483,58666.99226547848,17.3,0
C012484,119006.42577712785,25.7,0
C012485,292294.51657671353,57.2,0
C012486,860777.0982092693,87.4,1
C012487,125108.87317999743,26.7,0
C012488,0.0,7.0,0
C012489,769717.9417978048,83.9,1
C012490,4020017.590728428,95.6,1
C012491,692872.3834189101,80.4,1
C012492,0.0,7.0,0
C012493,175760.19123659388,34.5,0
C012494,0.0,7.0,0
C012495,373322.66049081564,67.9,0
C012496,251282.48847083794,49.0,0
C012497,169533.55402079542,33.6,0
C012498,661334.29750125,78.8,0
C012499,270962.2658914194,53.3,0
C012500,0.0,7.0,0
C012501,3455684.7120228326,92.1,1
C012502,871749.7428069895,87.8,1
C012503,290842.32080864214,56.9,0
C012504,278398.2521196175,54.7,0
C012505,3658021.87621652,93.1,1
C012506,97603.22692794235,22.4,0
C012507,298495.32641702774,58.3,0
C012508,232900.30512842134,45.2,0
C012509,292782.3246458181,57.2,0
C012510,4054345.8967542145,95.8,1
C012511,717561.4863702023,81.6,1
C012512,664919.7720574762,79.0,0
C012513,149175.13558599426,30.4,0
C012514,397257.11971623957,69.7,0
C012515,0.0,7.0,0
C012516,243445.53071481446,47.4,0
C012517,130965.86487170057,27.6,0
C012518,403420.25384044327,70.0,0
C012519,484363.68968863325,73.1,0
C012520,101147.18093530383,22.9,0
C012521,162618.0836784211,32.5,0
C012522,0.0,7.0,0
C012523,399373.1939258375,69.8,0
C012524,229643.96496449795,44.6,0
C012525,196864.86590938555,38.3,0
C012526,0.0,7.0,0
C012527,4444168.87681537,98.5,1
C012528,266406.1227715315,52.4,0
C012529,417853.22182903695,70.8,0
C012530,626381.3099846931,77.5,0
C012531,274760.15794150933,54.0,0
C012532,121586.47898145404,26.1,0
C012533,90035.14083770808,21.3,0
C012534,204341.0137524398,39.6,0
C012535,0.0,7.0,0
C012536,790285.0937759337,84.7,1
C012537,279813.26914146636,54.9,0
C012538,224185.83649134575,43.5,0
C012539,395898.2934543527,69.6,0
C012540,64497.149533080665,18.0,0
C012541,336972.0522075127,64.2,0
C012542,4537735.207313574,98.9,1
C012543,202204.28534675358,39.2,0
C012544,21748.381483713427,14.8,0
C012545,0.0,7.0,0
C012546,65910.75009836396,18.2,0
C012547,77728.12210586894,19.6,0
C012548,2934521.169975547,90.9,1
C012549,243998.42322081947,47.5,0
C012550,373389.2515111926,67.9,0
C012551,208654.47218274832,40.5,0
C012552,280614.63521581085,55.1,0
C012553,297155.0176677246,58.0,0
C012554,0.0,7.0,0
C012555,324765.3506347649,62.6,0
C012556,3740881.849489518,93.7,1
C012557,289634.2021237189,56.7,0
C012558,138549.48917298808,28.6,0
C012559,868708.77545684,87.6,1
C012560,790621.6883005245,84.7,1
C012561,276307.6465552056,54.3,0
C012562,76748.67435682754,19.5,0
C012563,236249.3692867729,45.9,0
C012564,168417.89907040374,33.4,0
C012565,790897.9979273814,84.7,1
C012566,33071.40961198554,15.3,0
C012567,353124.840907187,66.1,0
C012568,455715.9458128108,72.3,0
C012569,318778.20872176095,61.8,0
C012570,116874.38069940956,25.4,0
C012571,106782.10369402578,23.7,0
C012572,215642.30783281784,41.9,0
C012573,820222.8586605393,85.9,1
C012574,328551.36099250545,63.1,0
C012575,232025.37981706436,45.0,0
C012576,318950.8385397864,61.8,0
C012577,374967.24929102376,68.0,0
C012578,779882.9807298435,84.2,1
C012579,136662.09920497777,28.4,0
C012580,754002.7473345622,83.1,1
C012581,689307.8927666525,80.2,1
C012582,304486.1048156688,59.4,0
C012583,0.0,7.0,0
C012584,301978.5738909285,58.9,0
C012585,227303.13376591413,44.1,0
C012586,188578.1614055758,36.8,0
C012587,0.0,7.0,0
C012588,353384.84853050223,66.1,0
C012589,0.0,7.0,0
C012590,260311.439398081,51.0,0
C012591,210669.04925889047,40.9,0
C012592,75279.40318629285,19.3,0
C012593,167858.49175252992,33.3,0
C012594,214152.5159892944,41.6,0
C012595,74565.19820055303,19.2,0
C012596,151876.75565493872,30.8,0
C012597,124317.76259668861,26.5,0
C012598,383882.2402398638,68.7,0
C012599,211262.05249097946,41.0,0
C012600,88337.51449881593,21.0,0
C012601,331677.542591712,63.6,0
C012602,202420.24578828563,39.2,0
C012603,655547.149058715,78.6,0
C012604,914346.3532649442,88.9,1
C012605,56203.147326832805,17.1,0
C012606,146402.33516874516,30.0,0
C012607,376522.1317318079,68.1,0
C012608,219873.74819496452,42.7,0
C012609,94734.65090509839,22.0,0
C012610,400103.10068158014,69.8,0
C012611,521176.9855289779,74.1,0
C012612,738301.402440643,82.4,1
C012613,0.0,7.0,0
C012614,843347.9955068757,86.9,1
C012615,0.0,7.0,0
C012616,442916.02254991594,71.8,0
C012617,119028.54723636933,25.7,0
C012618,886207.8206895473,88.2,1
C012619,218707.48914701736,42.4,0
C012620,0.0,7.0,0
C012621,108995.09218180644,24.0,0
C012622,0.0,7.0,0
C012623,354840.58568095317,66.3,0
C012624,123833.29951978389,26.4,0
C012625,196257.4477293366,38.2,0
C012626,124161.48791220339,26.5,0
C012627,799577.2063136137,85.0,1
C012628,519782.30273210263,74.1,0
C012629,109551.60241585155,24.1,0
C012630,252229.71644024662,49.2,0
C012631,0.0,7.0,0
C012632,0.0,7.0,0
C012633,315578.4548560265,61.2,0
C012634,3859469.9942110255,94.4,1
C012635,214507.78690249295,41.6,0
C012636,3931332.5934564453,94.9,1
C012637,0.0,7.0,0
C012638,54228.80271144914,16.9,0
C012639,288788.7001400069,56.5,0
C012640,60825.529676098275,17.6,0
C012641,318757.3748823566,61.7,0
C012642,313746.2146514203,61.0,0
C012643,715929.8103457554,81.5,1
C012644,0.0,7.0,0
C012645,255556.82640833163,49.9,0
C012646,667606.3526392091,79.1,0
C012647,290539.7007506297,56.8,0
C012648,842527.947091326,86.8,1
C012649,269531.7422177863,53.0,0
C012650,553593.6880224237,75.0,0
C012651,60705.89285492945,17.5,0
C012652,749312.7369110382,82.9,1
C012653,0.0,7.0,0
C012654,823646.6438161125,86.0,1
C012655,149445.98850118008,30.5,0
C012656,705905.3855499526,81.0,1
C012657,104991.05131721549,23.5,0
C012658,0.0,7.0,0
C012659,846141.3040559946,87.0,1
C012660,347256.19947221497,65.4,0
C012661,0.0,7.0,0
C012662,224945.63924971208,43.6,0
C012663,107416.6505767638,23.8,0
C012664,912216.7779685406,88.9,1
C012665,198405.40142367937,38.6,0
C012666,4922286.123461187,99.9,1
C012667,355412.1705608122,66.3,0
C012668,187434.44682943076,36.6,0
C012669,264051.0426529569,51.8,0
C012670,704685.573705338,81.0,1
C012671,0.0,7.0,0
C012672,954560.3385144762,89.7,1
C012673,291824.52970396675,57.1,0
C012674,251353.14335639658,49.0,0
C012675,538575.9705918377,74.6,0
C012676,4157586.1106335553,96.5,1
C012677,422073.38453781896,71.0,0
C012678,571787.4186618824,75.6,0
C012679,363563.70807070564,67.0,0
C012680,0.0,7.0,0
C012681,386405.50861604034,68.9,0
C012682,3289787.65780529,91.5,1
C012683,847065.5025256746,87.0,1
C012684,675676.218329515,79.5,0
C012685,43585.39900042748,16.0,0
C012686,0.0,7.0,0
C012687,547242.4638758856,74.9,0
C012688,446377.93401636946,71.9,0
C012689,321924.6631147732,62.1,0
C012690,262643.5087764885,51.5,0
C012691,313738.8176039052,60.9,0
C012692,264636.8979936755,52.0,0
C012693,730671.6597865461,82.1,1
C012694,277777.7368146077,54.6,0
C012695,48370.53122826726,16.4,0
C012696,344456.03221542167,65.1,0
C012697,0.0,7.0,0
C012698,101958.63406744885,23.0,0
C012699,319223.3302687497,61.8,0
C012700,417218.44360140205,70.8,0
C012701,113915.18618100611,24.9,0
C012702,354358.1466718529,66.2,0
C012703,291923.4112301962,57.1,0
C012704,197961.3454511088,38.5,0
C012705,40863.27866183359,15.8,0
C012706,671308.6071902583,79.3,0
C012707,521329.40680453135,74.1,0
C012708,165454.66075139891,32.9,0
C012709,557025.6402228393,75.2,0
C012710,282239.3784794623,55.4,0
C012711,835458.4810623962,86.5,1
C012712,302058.3398841758,58.9,0
C012713,212666.53742311453,41.3,0
C012714,743070.1801032715,82.6,1
C012715,824667.9064063767,86.1,1
C012716,360007.57298697706,66.7,0
C012717,0.0,7.0,0
C012718,0.0,7.0,0
C012719,818074.9665077486,85.8,1
C012720,676454.5346970501,79.6,0
C012721,233462.98494514823,45.3,0
C012722,3600292.458042535,92.8,1
C012723,202854.6750433547,39.3,0
C012724,4073644.802631159,96.0,1
C012725,823933.143841048,86.1,1
C012726,441849.8799466117,71.8,0
C012727,178346.28811195446,34.9,0
C012728,214824.4276475508,41.7,0
C012729,0.0,7.0,0
C012730,239028.0419982628,46.5,0
C012731,3631600.882390262,92.9,1
C012732,719736.4214636734,81.7,1
C012733,282707.0578076808,55.4,0
C012734,0.0,7.0,0
C012735,10291.668394588727,14.4,0
C012736,237903.5085409787,46.3,0
C012737,111852.00986719823,24.5,0
C012738,340806.5561841941,64.7,0
C012739,0.0,7.0,0
C012740,171602.2103015894,33.9,0
C012741,729384.413374421,82.0,1
C012742,873505.7178862676,87.8,1
C012743,435618.90364806965,71.5,0
C012744,38830.563430370894,15.7,0
C012745,3781363.965990455,94.0,1
C012746,249005.6899357515,48.5,0
C012747,0.0,7.0,0
C012748,205687.5872798432,39.9,0
C012749,289933.6252403737,56.8,0
C012750,125416.5593458163,26.7,0
C012751,991883.5203894282,90.2,1
C012752,324708.3316256553,62.6,0
C012753,824618.3656526108,86.1,1
C012754,0.0,7.0,0
C012755,86868.82309640951,20.8,0
C012756,547580.7301065653,74.9,0
C012757,753918.4943562988,83.1,1
C012758,204124.6162643318,39.6,0
C012759,236024.62646202274,45.8,0
C012760,82932.95500447045,20.3,0
C012761,365951.19877175055,67.2,0
C012762,0.0,7.0,0
C012763,104844.20164144845,23.4,0
C012764,128135.23560894869,27.1,0
C012765,841033.4367048183,86.8,1
C012766,895138.0553499993,88.4,1
C012767,318510.9537136715,61.7,0
C012768,210850.1989125546,41.0,0
C012769,742842.1558877021,82.6,1
C012770,377172.17309248634,68.2,0
C012771,603359.2629023922,76.6,0
C012772,210199.1252852442,40.8,0
C012773,4076109.675666466,96.0,1
C012774,96565.48076580047,22.2,0
C012775,4133774.2619757396,96.4,1
C012776,0.0,7.0,0
C012777,3570122.270134719,92.6,1
C012778,151405.39229769778,30.7,0
C012779,0.0,7.0,0
C012780,692526.6980653572,80.4,1
C012781,0.0,7.0,0
C012782,242346.0288487516,47.2,0
C012783,159908.7853669461,32.1,0
C012784,270594.1054124854,53.2,0
C012785,248831.21514811643,48.5,0
C012786,0.0,7.0,0
C012787,77583.59829384266,19.6,0
C012788,111286.21300005115,24.4,0
C012789,718857.4900838699,81.6,1
C012790,32913.651896315634,15.3,0
C012791,746300.3958535477,82.8,1
C012792,108180.35321391239,23.9,0
C012793,4217788.36685475,97.0,1
C012794,796841.3288863014,84.9,1
C012795,290652.6366873888,56.9,0
C012796,449991.10658737674,72.0,0
C012797,3157340.848707917,91.2,1
C012798,339349.08565047564,64.5,0
C012799,256112.6961969531,50.0,0
C012800,0.0,7.0,0
C012801,302364.94533750537,59.0,0
C012802,929708.8920943249,89.2,1
C012803,869457.6171020526,87.6,1
C012804,0.0,7.0,0
C012805,607742.6775811423,76.8,0
C012806,377902.79412937845,68.3,0
C012807,127800.64713082387,27.1,0
C012808,267809.0966627833,52.6,0
C012809,382557.1547965729,68.6,0
C012810,132039.88614541022,27.7,0
C012811,270416.6552119478,53.1,0
C012812,4312824.354414596,97.7,1
C012813,929932.05230667,89.2,1
C012814,854799.548394719,87.3,1
C012815,320636.2372984988,62.0,0
C012816,127778.5636250139,27.1,0
C012817,0.0,7.0,0
C012818,496344.7929730088,73.5,0
C012819,375628.5537271809,68.1,0
C012820,665707.2026018352,79.0,0
C012821,473178.8954146845,72.8,0
C012822,4003980.8623352773,95.5,1
C012823,0.0,7.0,0
C012824,0.0,7.0,0
C012825,0.0,7.0,0
C012826,312392.1383181452,60.7,0
C012827,990071.3264392861,90.1,1
C012828,136998.48431474608,28.4,0
C012829,539865.598272993,74.6,0
C012830,240280.40674160793,46.8,0
C012831,386759.68192010577,69.0,0
C012832,3808872.1917405752,94.2,1
C012833,776452.6940033728,84.1,1
C012834,661534.8604940749,78.8,0
C012835,392873.29364056967,69.3,0
C012836,301196.6700029467,58.7,0
C012837,711917.7122984602,81.4,1
C012838,330489.92278016475,63.4,0
C012839,295154.89966822776,57.7,0
C012840,235141.8056333414,45.6,0
C012841,280506.9177959533,55.1,0
C012842,198187.71817902647,38.6,0
C012843,639548.1042362207,77.9,0
C012844,788265.2927014781,84.6,1
C012845,407958.0993595637,70.2,0
C012846,38606.84807298092,15.7,0
C012847,59820.14564300283,17.4,0
C012848,4075856.206341621,96.0,1
C012849,255247.90544284065,49.8,0
C012850,0.0,7.0,0
C012851,114807.46297463642,25.1,0
C012852,700293.6319791302,80.7,1
C012853,0.0,7.0,0
C012854,287891.3706406714,56.4,0
C012855,112538.77524590353,24.7,0
C012856,4073915.289751961,96.0,1
C012857,3905356.9946320704,94.7,1
C012858,177267.6754815429,34.7,0
C012859,128948.55164476248,27.3,0
C012860,264592.67367015616,52.0,0
C012861,315235.03444039763,61.2,0
C012862,679272.2627042801,79.7,0
C012863,797658.020968056,85.0,1
C012864,415598.6282101624,70.7,0
C012865,0.0,7.0,0
C012866,437519.6721055481,71.6,0
C012867,252292.95966243686,49.2,0
C012868,718217.5272538017,81.6,1
C012869,891818.2563865896,88.3,1
C012870,171773.71967424598,33.9,0
C012871,843254.304383779,86.9,1
C012872,4216112.481004009,97.0,1
C012873,88376.63903931953,21.0,0
C012874,248726.28968207142,48.4,0
C012875,325751.64236693835,62.8,0
C012876,0.0,7.0,0
C012877,806376.2462762342,85.3,1
C012878,32291.718929506824,15.3,0
C012879,369419.2730103022,67.6,0
C012880,599488.2220136368,76.4,0
C012881,60240.530030277056,17.5,0
C012882,155347.01595336985,31.4,0
C012883,207871.1770309419,40.4,0
C012884,0.0,7.0,0
C012885,63724.396552624814,17.9,0
C012886,138143.78540049287,28.6,0
C012887,509793.9807763046,73.8,0
C012888,217586.34222753448,42.2,0
C012889,202505.6405865564,39.2,0
C012890,50644.669707686495,16.6,0
C012891,0.0,7.0,0
C012892,629890.8096504441,77.6,0
C012893,101282.10943763268,22.9,0
C012894,301480.77768892184,58.8,0
C012895,342632.5648674532,64.9,0
C012896,664332.1732179336,78.9,0
C012897,182680.2237451137,35.7,0
C012898,45027.434857711785,16.1,0
C012899,218301.41484164336,42.3,0
C012900,696663.532442206,80.6,1
C012901,82748.4000371742,20.3,0
C012902,101965.2539936656,23.0,0
C012903,254335.55617009988,49.7,0
C012904,437391.8340187037,71.6,0
C012905,232542.33739960802,45.1,0
C012906,0.0,7.0,0
C012907,0.0,7.0,0
C012908,275151.80552690366,54.1,0
C012909,3506329.451546376,92.3,1
C012910,242287.5641633073,47.1,0
C012911,864945.4190856979,87.5,1
C012912,943779.3258316219,89.5,1
C012913,215444.96612001146,41.8,0
C012914,668349.7194617728,79.2,0
C012915,0.0,7.0,0
C012916,193639.00872476856,37.7,0
C012917,0.0,7.0,0
C012918,541437.3339317688,74.7,0
C012919,296806.0932869188,58.0,0
C012920,164017.19930849437,32.6,0
C012921,326939.85294640297,62.9,0
C012922,740721.2971791971,82.5,1
C012923,709137.1854895307,81.2,1
C012924,385261.3753395227,68.9,0
C012925,3345897.3855009833,91.7,1
C012926,319422.0902383111,61.8,0
C012927,3495501.9525739136,92.3,1
C012928,3944030.621297947,95.0,1
C012929,325319.18831217353,62.7,0
C012930,270987.7075820611,53.3,0
C012931,303980.3320569071,59.3,0
C012932,247511.31602173566,48.2,0
C012933,120694.58433020374,26.0,0
C012934,334309.7684971248,63.9,0
C012935,696871.9368419439,80.6,1
C012936,207052.4948274857,40.2,0
C012937,215588.44130326575,41.9,0
C012938,0.0,7.0,0
C012939,0.0,7.0,0
C012940,261188.65112061068,51.2,0
C012941,133037.51114224343,27.9,0
C012942,330655.91674232914,63.5,0
C012943,38173.44616092086,15.6,0
C012944,80063.33037301873,20.0,0
C012945,250084.96738057924,48.7,0
C012946,792531.2702766903,84.8,1
C012947,82623.39519222573,20.3,0
C012948,687354.2434868747,80.1,1
C012949,104790.77632622869,23.4,0
C012950,195447.33687632228,38.0,0
C012951,874099.1630881586,87.8,1
C012952,820256.9688244619,85.9,1
C012953,315886.09827143967,61.3,0
C012954,424404.733573145,71.1,0
C012955,156066.72862080298,31.5,0
C012956,734750.4953428619,82.2,1
C012957,209557.5734403166,40.7,0
C012958,118746.20008384286,25.6,0
C012959,86777.58038001297,20.8,0
C012960,721566.6584048138,81.7,1
C012961,337976.6222611676,64.3,0
C012962,130259.10758809712,27.5,0
C012963,109493.30957531615,24.1,0
C012964,312053.3008193094,60.7,0
C012965,0.0,7.0,0
C012966,189294.0536492028,37.0,0
C012967,1038771.5364778421,90.5,1
C012968,4368567.33982068,98.1,1
C012969,116143.31093975747,25.3,0
C012970,4662953.365871483,99.3,1
C012971,285217.0083123897,55.9,0
C012972,0.0,7.0,0
C012973,77190.84748320053,19.5,0
C012974,3823906.415348122,94.2,1
C012975,3747725.340331808,93.8,1
C012976,335974.27318724344,64.1,0
C012977,195966.0733012309,38.1,0
C012978,734841.9937758292,82.2,1
C012979,0.0,7.0,0
C012980,619572.2643560081,77.2,0
C012981,4393362.501058534,98.2,1
C012982,0.0,7.0,0
C012983,205234.47282014354,39.8,0
C012984,0.0,7.0,0
C012985,328413.338878131,63.1,0
C012986,314858.1670432345,61.1,0
C012987,4697162.261078366,99.4,1
C012988,354831.6363621837,66.3,0
C012989,775580.3384573492,84.0,1
C012990,236599.77948012142,46.0,0
C012991,227389.82827662933,44.2,0
C012992,0.0,7.0,0
C012993,758941.4148904472,83.3,1
C012994,109191.67230925233,24.1,0
C012995,79985.39309589594,19.9,0
C012996,361805.2868578949,66.9,0
C012997,190533.71064276237,37.2,0
C012998,99817.56632519426,22.7,0
C012999,194194.5898003723,37.8,0
C013000,219976.56973807578,42.7,0
C013001,0.0,7.0,0
C013002,95793.05645837447,22.1,0
C013003,329184.4167855407,63.3,0
C013004,307802.3438207215,60.0,0
C013005,367294.67046302685,67.4,0
C013006,528298.1785563298,74.3,0
C013007,167912.14076168154,33.3,0
C013008,76391.42389509334,19.4,0
C013009,204287.3134560594,39.6,0
C013010,294754.71107422916,57.6,0
C013011,425911.5007078046,71.2,0
C013012,0.0,7.0,0
C013013,460840.45566510916,72.4,0
C013014,942985.9372651229,89.5,1
C013015,616003.1349326716,77.1,0
C013016,254522.85188503575,49.7,0
C013017,225868.69533834272,43.8,0
C013018,286527.03943817294,56.2,0
C013019,673719.0855250858,79.4,0
C013020,327632.42441406916,63.0,0
C013021,80934.08814980442,20.1,0
C013022,264072.6520547979,51.8,0
C013023,937058.1658776522,89.4,1
C013024,763190.7342252322,83.5,1
C013025,4065127.2600402157,95.9,1
C013026,384058.89309184323,68.8,0
C013027,44314.37429099725,16.1,0
C013028,661263.4228820353,78.8,0
C013029,171104.06303524983,33.8,0
C013030,3819651.2586912485,94.2,1
C013031,0.0,7.0,0
C013032,518882.845977426,74.0,0
C013033,673441.3626021188,79.4,0
C013034,3675550.1869896366,93.2,1
C013035,363318.34907312586,67.0,0
C013036,256264.84999242044,50.0,0
C013037,220529.01864453516,42.8,0
C013038,91318.7335490327,21.5,0
C013039,257246.39714984279,50.3,0
C013040,256300.72480289068,50.0,0
C013041,33043.44805118987,15.3,0
C013042,707621.2274900874,81.1,1
C013043,0.0,7.0,0
C013044,155590.74865898446,31.4,0
C013045,143010.4816926466,29.5,0
C013046,174696.77090658844,34.4,0
C013047,377015.14948481007,68.2,0
C013048,118080.36248174254,25.5,0
C013049,3494664.6151520642,92.2,1
C013050,700272.6243704561,80.7,1
C013051,20440.116599612636,14.7,0
C013052,481226.5882719814,73.0,0
C013053,222751.16667869303,43.2,0
C013054,808973.9131667032,85.4,1
C013055,956194.0660185735,89.7,1
C013056,4247749.673013604,97.2,1
C013057,0.0,7.0,0
C013058,253592.18618235042,49.5,0
C013059,231296.51846989593,44.8,0
C013060,87588.98967503215,21.0,0
C013061,144283.70897939024,29.7,0
C013062,303927.74674972147,59.3,0
C013063,0.0,7.0,0
C013064,203746.2394035182,39.5,0
C013065,3849450.8340163794,94.4,1
C013066,152798.96963516224,30.9,0
C013067,21695.397707473338,14.8,0
C013068,4403709.568528981,98.3,1
C013069,319912.9525863739,61.9,0
C013070,411191.18128546816,70.5,0
C013071,512727.86237973283,73.9,0
C013072,323907.16226780287,62.5,0
C013073,398694.34027743735,69.8,0
C013074,3618922.880431322,92.8,1
C013075,300504.9005585303,58.6,0
C013076,199536.7454618101,38.8,0
C013077,0.0,7.0,0
C013078,150274.75624503812,30.6,0
C013079,150438.48310810336,30.6,0
C013080,177728.0977669409,34.8,0
C013081,243644.38159649255,47.4,0
C013082,796175.618548404,84.9,1
C013083,258287.57056593866,50.5,0
C013084,286370.68350652076,56.1,0
C013085,0.0,7.0,0
C013086,327509.70290545834,63.0,0
C013087,650835.0083319008,78.4,0
C013088,0.0,7.0,0
C013089,0.0,7.0,0
C013090,217181.30215529026,42.1,0
C013091,308683.60606462107,60.1,0
C013092,181161.70368413703,35.4,0
C013093,78830.17969915291,19.8,0
C013094,278864.1333028772,54.7,0
C013095,246915.60621881962,48.1,0
C013096,3735554.799518705,93.7,1
C013097,430664.57064738614,71.3,0
C013098,155834.0200032136,31.4,0
C013099,294161.97286738234,57.5,0
C013100,3382611.0237670774,91.8,1
C013101,812860.51109061,85.6,1
C013102,0.0,7.0,0
C013103,49851.05855248202,16.6,0
C013104,135520.66102915086,28.2,0
C013105,146292.21771250316,30.0,0
C013106,322529.2019992636,62.2,0
C013107,149356.3031752269,30.4,0
C013108,70706.8934975865,18.8,0
C013109,681693.4655358912,79.8,0
C013110,236521.92994838805,46.0,0
C013111,4535259.796240412,98.9,1
C013112,4191400.6787454076,96.7,1
C013113,4032920.518563717,95.7,1
C013114,656283.9514297338,78.6,0
C013115,0.0,7.0,0
C013116,483907.7403085574,73.1,0
C013117,235358.7843333633,45.7,0
C013118,318623.2229268926,61.7,0
C013119,0.0,7.0,0
C013120,819438.67638526,85.9,1
C013121,181531.2384953964,35.5,0
C013122,176303.82119307382,34.6,0
C013123,346136.2740963771,65.3,0
C013124,183872.51662623952,35.9,0
C013125,586352.4486637951,75.9,0
C013126,276874.1690599997,54.4,0
C013127,0.0,7.0,0
C013128,181800.02739525525,35.5,0
C013129,964903.7728147382,89.9,1
C013130,298976.09585023904,58.4,0
C013131,77585.01978359355,19.6,0
C013132,228355.72120548857,44.4,0
C013133,252051.56442804777,49.2,0
C013134,833748.3549974789,86.5,1
C013135,275629.44607437775,54.2,0
C013136,798943.1108283194,85.0,1
C013137,828917.6451606198,86.3,1
C013138,495953.1849470378,73.4,0
C013139,0.0,7.0,0
C013140,120462.59127198826,25.9,0
C013141,3818005.2887247866,94.2,1
C013142,741667.8052816311,82.5,1
C013143,0.0,7.0,0
C013144,136593.3685652035,28.4,0
C013145,3790427.4023908474,94.0,1
C013146,0.0,7.0,0
C013147,827017.1457382832,86.2,1
C013148,255069.6480022303,49.8,0
C013149,751209.8673357456,83.0,1
C013150,0.0,7.0,0
C013151,0.0,7.0,0
C013152,0.0,7.0,0
C013153,421071.2800948724,70.9,0
C013154,0.0,7.0,0
C013155,63228.328698372046,17.8,0
C013156,235879.86452142135,45.8,0
C013157,339438.7787834491,64.5,0
C013158,0.0,7.0,0
C013159,3516282.030985715,92.3,1
C013160,87370.78988303557,20.9,0
C013161,510425.1219371953,73.8,0
C013162,95617.57740246138,22.1,0
C013163,653834.8142764679,78.5,0
C013164,572869.743886559,75.6,0
C013165,306686.70095299144,59.8,0
C013166,896349.70221139,88.4,1
C013167,77052.63196698682,19.5,0
C013168,236771.2371485301,46.0,0
C013169,561545.4149708091,75.3,0
C013170,164066.16512602594,32.7,0
C013171,410722.94170350034,70.4,0
C013172,81423.18812959242,20.1,0
C013173,201724.8461679829,39.1,0
C013174,0.0,7.0,0
C013175,838912.9964187361,86.7,1
C013176,318482.98373320384,61.7,0
C013177,0.0,7.0,0
C013178,912144.0809768703,88.9,1
C013179,313330.6066057555,60.9,0
C013180,336305.9499168936,64.1,0
C013181,279274.13844830095,54.8,0
C013182,530087.4719313672,74.4,0
C013183,109542.46484410652,24.1,0
C013184,156543.52725761852,31.6,0
C013185,837259.974399054,86.6,1
C013186,0.0,7.0,0
C013187,3607505.040771956,92.8,1
C013188,4194906.110564467,96.8,1
C013189,71317.96317833329,18.8,0
C013190,353647.81871664437,66.1,0
C013191,255898.39000724343,50.0,0
C013192,869878.0382811949,87.7,1
C013193,313178.54993931483,60.8,0
C013194,0.0,7.0,0
C013195,227048.51499021184,44.1,0
C013196,97179.07942089635,22.3,0
C013197,0.0,7.0,0
C013198,3989888.333449219,95.4,1
C013199,298004.4297107611,58.2,0
C013200,0.0,7.0,0
C013201,3747032.108238002,93.8,1
C013202,378163.64186639694,68.3,0
C013203,277397.3271009695,54.5,0
C013204,0.0,7.0,0
C013205,0.0,7.0,0
C013206,237408.4105830086,46.2,0
C013207,0.0,7.0,0
C013208,215636.07036977858,41.9,0
C013209,0.0,7.0,0
C013210,0.0,7.0,0
C013211,139039.41783004146,28.7,0
C013212,0.0,7.0,0
C013213,293363.18227586686,57.4,0
C013214,88782.04389207016,21.1,0
C013215,538366.293462047,74.6,0
C013216,303093.4462854831,59.2,0
C013217,214051.43587865977,41.5,0
C013218,373740.7197129942,67.9,0
C013219,274968.0721298798,54.1,0
C013220,513613.0853255138,73.9,0
C013221,291959.6698866231,57.1,0
C013222,190835.09062389677,37.2,0
C013223,583134.5624901352,75.9,0
C013224,483693.23677642125,73.1,0
C013225,186454.22960848926,36.3,0
C013226,90808.35153982384,21.4,0
C013227,215104.29841170122,41.7,0
C013228,758236.7670200976,83.3,1
C013229,98637.7035897451,22.5,0
C013230,151813.29297125692,30.8,0
C013231,355545.14511272387,66.4,0
C013232,183712.9330154074,35.8,0
C013233,296002.61085974297,57.8,0
C013234,0.0,7.0,0
C013235,663159.0134957316,78.9,0
C013236,450773.1346851502,72.1,0
C013237,0.0,7.0,0
C013238,199199.48692032642,38.7,0
C013239,597172.3428179926,76.3,0
C013240,620802.0862698081,77.3,0
C013241,290206.44390240917,56.8,0
C013242,0.0,7.0,0
C013243,912466.998716074,88.9,1
C013244,487142.3887678541,73.2,0
C013245,222207.81768698248,43.1,0
C013246,318231.0526650908,61.7,0
C013247,719750.1985798475,81.7,1
C013248,60013.35158350319,17.5,0
C013249,233428.08357575492,45.3,0
C013250,0.0,7.0,0
C013251,4599155.2121737385,99.1,1
C013252,176390.47617212968,34.6,0
C013253,632292.3032790321,77.7,0
C013254,0.0,7.0,0
C013255,4851930.418702378,99.7,1
C013256,198242.75452398395,38.6,0
C013257,177275.01570749885,34.7,0
C013258,4600365.001339117,99.1,1
C013259,0.0,7.0,0
C013260,215653.89449018918,41.9,0
C013261,792018.8528435554,84.7,1
C013262,689906.7237886263,80.2,1
C013263,46182.355959075256,16.2,0
C013264,530534.5497164924,74.4,0
C013265,274388.75839852815,53.9,0
C013266,317591.71763207443,61.6,0
C013267,289458.00647102715,56.6,0
C013268,126628.89387262997,26.9,0
C013269,91002.29968711613,21.5,0
C013270,304125.67915590806,59.3,0
C013271,317503.0317819992,61.6,0
C013272,0.0,7.0,0
C013273,709020.0531590437,81.2,1
C013274,209228.6607737317,40.6,0
C013275,0.0,7.0,0
C013276,413143.68871464016,70.6,0
C013277,137284.4901642692,28.5,0
C013278,273033.62065973505,53.7,0
C013279,387195.6602090655,69.0,0
C013280,146244.6403996162,30.0,0
C013281,4303897.505485616,97.7,1
C013282,30818.54043261058,15.2,0
C013283,599567.4678985274,76.4,0
C013284,0.0,7.0,0
C013285,64865.15502279083,18.0,0
C013286,304706.3467204056,59.4,0
C013287,320256.04483119166,61.9,0
C013288,222710.47597252746,43.2,0
C013289,185425.37336927513,36.1,0
C013290,85854.20990494308,20.7,0
C013291,240787.07233888295,46.8,0
C013292,69658.62025678472,18.6,0
C013293,922791.8428434745,89.1,1
C013294,4232884.464301503,97.1,1
C013295,719902.9917961118,81.7,1
C013296,251436.92054670796,49.0,0
C013297,981928.8250362173,90.1,1
C013298,0.0,7.0,0
C013299,105031.65535389696,23.5,0
C013300,173197.8131993362,34.1,0
C013301,184202.86599527777,35.9,0
C013302,259728.20931567092,50.8,0
C013303,29884.528664660593,15.1,0
C013304,287652.20013950753,56.3,0
C013305,612450.3809200508,76.9,0
C013306,240279.49333288174,46.8,0
C013307,844621.5992034391,86.9,1
C013308,1070647.9121983135,90.6,1
C013309,293070.17066589504,57.3,0
C013310,51249.08108709552,16.6,0
C013311,268892.13601376204,52.9,0
C013312,3335577.7876000027,91.6,1
C013313,0.0,7.0,0
C013314,738605.5001495421,82.4,1
C013315,803188.7615780879,85.2,1
C013316,183009.84243601796,35.7,0
C013317,351003.04170279833,65.8,0
C013318,47623.78813462224,16.3,0
C013319,4009606.2482649805,95.5,1
C013320,786814.9545444717,84.5,1
C013321,46742.71403071546,16.3,0
C013322,53438.461179766105,16.9,0
C013323,0.0,7.0,0
C013324,0.0,7.0,0
C013325,472906.51050045004,72.8,0
C013326,165978.3763316966,33.0,0
C013327,870677.5453565022,87.7,1
C013328,3628708.9669285333,92.9,1
C013329,330903.55975620606,63.5,0
C013330,654449.8410839739,78.5,0
C013331,302944.88738206885,59.1,0
C013332,0.0,7.0,0
C013333,255345.82021193916,49.9,0
C013334,288095.47276716004,56.4,0
C013335,0.0,7.0,0
C013336,679751.4308546284,79.7,0
C013337,279243.7988846019,54.8,0
C013338,0.0,7.0,0
C013339,2144984.792925264,90.7,1
C013340,763768.3667758553,83.5,1
C013341,3680828.13088006,93.2,1
C013342,3979271.9536598176,95.3,1
C013343,3759103.971585919,93.8,1
C013344,848214.7871629323,87.1,1
C013345,0.0,7.0,0
C013346,59053.16544483852,17.4,0
C013347,127123.4808948111,27.0,0
C013348,384692.7223722628,68.8,0
C013349,0.0,7.0,0
C013350,0.0,7.0,0
C013351,138089.2148272327,28.6,0
C013352,0.0,7.0,0
C013353,0.0,7.0,0
C013354,0.0,7.0,0
C013355,280740.8445001312,55.1,0
C013356,895229.1180310089,88.4,1
C013357,4274008.3631253,97.5,1
C013358,207450.0003667081,40.3,0
C013359,4229125.81278536,97.1,1
C013360,186963.22416744218,36.4,0
C013361,3720242.1745996536,93.6,1
C013362,260130.35864971613,50.9,0
C013363,0.0,7.0,0
C013364,337724.75263110764,64.3,0
C013365,598960.7878554715,76.4,0
C013366,186475.93112970985,36.3,0
C013367,83861.04515887167,20.4,0
C013368,322896.32677035447,62.3,0
C013369,253886.05006671962,49.6,0
C013370,4379999.950169068,98.2,1
C013371,258884.3713447796,50.6,0
C013372,3878126.4501073365,94.5,1
C013373,212611.2393422588,41.3,0
C013374,250605.2265964293,48.8,0
C013375,209555.87361956845,40.7,0
C013376,651309.9592720455,78.4,0
C013377,15611.63514567619,14.6,0
C013378,0.0,7.0,0
C013379,98310.15639004656,22.5,0
C013380,740892.0165458005,82.5,1
C013381,153119.59877514548,31.0,0
C013382,678724.1457267688,79.7,0
C013383,3544238.7063893536,92.4,1
C013384,457051.9921111289,72.3,0
C013385,117354.27359861994,25.5,0
C013386,555038.2604002818,75.1,0
C013387,0.0,7.0,0
C013388,324161.95586760633,62.5,0
C013389,194131.6656626366,37.8,0
C013390,0.0,7.0,0
C013391,170589.96113418258,33.7,0
C013392,52750.39447953182,16.8,0
C013393,951630.1785216804,89.6,1
C013394,3922245.48670388,94.9,1
C013395,0.0,7.0,0
C013396,681911.852470516,79.8,0
C013397,287420.65026250714,56.3,0
C013398,174449.80905009134,34.3,0
C013399,862807.672288835,87.4,1
C013400,564647.4452481776,75.3,0
C013401,252044.91843176918,49.1,0
C013402,208311.07845418784,40.4,0
C013403,383828.17870721256,68.7,0
C013404,2768045.647702255,90.8,1
C013405,334147.4681870243,63.9,0
C013406,538885.3097926285,74.6,0
C013407,267662.7113813856,52.6,0
C013408,700431.065447068,80.7,1
C013409,400908.27387626853,69.9,0
C013410,0.0,7.0,0
C013411,553065.2054314503,75.0,0
C013412,67476.22398646857,18.3,0
C013413,998473.1453182991,90.2,1
C013414,548197.0635615875,74.9,0
C013415,342330.46682814334,64.8,0
C013416,101133.4676414045,22.9,0
C013417,0.0,7.0,0
C013418,877098.7457956306,87.9,1
C013419,405873.1566246232,70.1,0
C013420,196877.1551563448,38.3,0
C013421,0.0,7.0,0
C013422,447135.7472934334,71.9,0
C013423,303187.88814138167,59.2,0
C013424,347155.1042802627,65.4,0
C013425,77950.22750245155,19.6,0
C013426,0.0,7.0,0
C013427,75468.3926634886,19.3,0
C013428,0.0,7.0,0
C013429,252345.13112857554,49.2,0
C013430,168419.11091421655,33.4,0
C013431,288801.7967704749,56.5,0
C013432,282050.0609330096,55.3,0
C013433,444992.1291364691,71.9,0
C013434,61193.74943197669,17.6,0
C013435,219471.02741220023,42.6,0
C013436,332351.6980751235,63.7,0
C013437,305442.4712344644,59.5,0
C013438,185949.46915143475,36.2,0
C013439,524418.3730678319,74.2,0
C013440,0.0,7.0,0
C013441,897491.5385435068,88.5,1
C013442,260061.8802015729,50.9,0
C013443,0.0,7.0,0
C013444,91756.95804377345,21.6,0
C013445,883976.9389881719,88.2,1
C013446,241324.608232713,46.9,0
C013447,879220.0246329241,88.0,1
C013448,259408.00369163722,50.7,0
C013449,3755681.8669323865,93.8,1
C013450,137380.50646551972,28.5,0
C013451,483904.8534426146,73.1,0
C013452,210170.0584868698,40.8,0
C013453,237980.50168873457,46.3,0
C013454,764064.4132434983,83.6,1
C013455,253213.87179985188,49.5,0
C013456,920129.3384575148,89.1,1
C013457,67648.86490190784,18.3,0
C013458,302718.6552393162,59.1,0
C013459,162347.39375610085,32.4,0
C013460,4716190.970272211,99.4,1
C013461,102874.23857119078,23.2,0
C013462,246599.0793681247,48.0,0
C013463,497919.09627964423,73.5,0
C013464,158513.5256193618,31.9,0
C013465,4389992.343273584,98.2,1
C013466,279962.2595811595,55.0,0
C013467,0.0,7.0,0
C013468,0.0,7.0,0
C013469,830973.9920540337,86.4,1
C013470,329291.56058888626,63.3,0
C013471,50552.548932964164,16.6,0
C013472,3428846.1231635525,91.9,1
C013473,581634.6312144503,75.8,0
C013474,283305.10817505745,55.6,0
C013475,186558.2883356115,36.4,0
C013476,231806.4701862008,44.9,0
C013477,417831.61235576216,70.8,0
C013478,117995.34112033567,25.5,0
C013479,0.0,7.0,0
C013480,214064.9234399545,41.5,0
C013481,0.0,7.0,0
C013482,382913.1684092198,68.6,0
C013483,691438.7076243844,80.3,1
C013484,315850.5535335939,61.3,0
C013485,209705.05350788793,40.7,0
C013486,264672.70523283235,52.0,0
C013487,578612.7287049602,75.7,0
C013488,192591.4338375578,37.5,0
C013489,303655.53331847186,59.3,0
C013490,191242.83163461933,37.3,0
C013491,127827.13225873547,27.1,0
C013492,0.0,7.0,0
C013493,228154.95258427726,44.3,0
C013494,322300.7801968369,62.2,0
C013495,0.0,7.0,0
C013496,762597.3192783026,83.5,1
C013497,164561.7615394356,32.8,0
C013498,3463551.86593955,92.1,1
C013499,0.0,7.0,0
C013500,0.0,7.0,0
C013501,308904.4220804186,60.2,0
C013502,208553.83039644317,40.5,0
C013503,700876.6050057223,80.8,1
C013504,714457.7067503536,81.5,1
C013505,446968.63993656455,71.9,0
C013506,617166.3943793259,77.1,0
C013507,124392.65408769151,26.6,0
C013508,543850.791297379,74.8,0
C013509,93792.82264840048,21.8,0
C013510,213443.80223946398,41.4,0
C013511,188625.2195867257,36.8,0
C013512,0.0,7.0,0
C013513,205138.42098225336,39.8,0
C013514,659018.4540496728,78.7,0
C013515,224215.09314137555,43.5,0
C013516,300954.9994498868,58.7,0
C013517,914174.9518935236,88.9,1
C013518,137454.61014333347,28.5,0
C013519,395516.0762337157,69.6,0
C013520,392351.015333861,69.3,0
C013521,0.0,7.0,0
C013522,332788.96225893946,63.8,0
C013523,466593.50661517953,72.6,0
C013524,474571.62719628314,72.8,0
C013525,804283.4967065278,85.2,1
C013526,97912.56610121565,22.4,0
C013527,771665.4137852517,83.9,1
C013528,468231.4190197332,72.7,0
C013529,291759.8489834348,57.1,0
C013530,0.0,7.0,0
C013531,3609321.611189202,92.8,1
C013532,594814.4456071958,76.2,0
C013533,318899.41601963335,61.8,0
C013534,152737.5480747529,30.9,0
C013535,65485.38961925483,18.1,0
C013536,100770.15222811457,22.8,0
C013537,173061.44131324056,34.1,0
C013538,813844.7087102206,85.6,1
C013539,291562.4853133462,57.0,0
C013540,578201.8552376613,75.7,0
C013541,369520.63875411736,67.6,0
C013542,610034.5539311487,76.8,0
C013543,803837.2266001899,85.2,1
C013544,4123529.813515379,96.3,1
C013545,0.0,7.0,0
C013546,283917.57796677656,55.7,0
C013547,699949.3798140165,80.7,1
C013548,232514.4542399141,45.0,0
C013549,668744.9994164963,79.2,0
C013550,740983.2490930456,82.5,1
C013551,0.0,7.0,0
C013552,10310.605097912443,14.4,0
C013553,142600.5968608486,29.4,0
C013554,124749.02879474389,26.6,0
C013555,876062.0010154555,87.9,1
C013556,133805.90413725964,27.9,0
C013557,0.0,7.0,0
C013558,236674.04904247084,46.0,0
C013559,0.0,7.0,0
C013560,3781438.418598496,94.0,1
C013561,264210.26808026986,51.9,0
C013562,0.0,7.0,0
C013563,157315.2727487351,31.6,0
C013564,7399.902207659429,14.3,0
C013565,0.0,7.0,0
C013566,135692.3052526707,28.2,0
C013567,955032.1502070557,89.7,1
C013568,0.0,7.0,0
C013569,178283.77702372917,34.9,0
C013570,100601.96247317664,22.8,0
C013571,4005626.7186614554,95.5,1
C013572,339785.52077287075,64.5,0
C013573,316689.45275653317,61.4,0
C013574,292781.665943147,57.2,0
C013575,0.0,7.0,0
C013576,268746.5089581608,52.8,0
C013577,0.0,7.0,0
C013578,196595.37940644263,38.2,0
C013579,820333.4828340915,85.9,1
C013580,156529.15188261186,31.6,0
C013581,869131.9944990254,87.6,1
C013582,253163.28031192505,49.4,0
C013583,388687.6732128341,69.1,0
C013584,307641.1176096137,59.9,0
C013585,215913.4943235857,41.9,0
C013586,221638.14775044814,43.0,0
C013587,73440.45715047562,19.1,0
C013588,117171.71156077406,25.4,0
C013589,203483.32043549145,39.4,0
C013590,4819922.975707954,99.6,1
C013591,298856.7183713333,58.3,0
C013592,365104.64286350436,67.2,0
C013593,783301.5812939224,84.4,1
C013594,0.0,7.0,0
C013595,29742.593707364333,15.1,0
C013596,171724.3705594832,33.9,0
C013597,0.0,7.0,0
C013598,131585.29895329842,27.7,0
C013599,483935.4713236898,73.1,0
C013600,125592.4924485801,26.8,0
C013601,853313.550723565,87.2,1
C013602,182474.40082347253,35.6,0
C013603,876807.8571539959,87.9,1
C013604,373999.49172996805,67.9,0
C013605,3.135721142165152,14.0,0
C013606,4334764.359507497,97.9,1
C013607,0.0,7.0,0
C013608,300679.79428396944,58.7,0
C013609,828888.7205587656,86.3,1
C013610,0.0,7.0,0
C013611,340252.4929237709,64.6,0
C013612,178199.1560725303,34.9,0
C013613,212542.2149031235,41.3,0
C013614,234467.16349735257,45.5,0
C013615,708011.585218651,81.2,1
C013616,4150577.490346884,96.5,1
C013617,54240.05454669482,16.9,0
C013618,2578311.9269130896,90.8,1
C013619,0.0,7.0,0
C013620,159729.03147348177,32.0,0
C013621,189865.97327391338,37.1,0
C013622,104291.28098269507,23.4,0
C013623,302190.70301784016,58.9,0
C013624,3735440.364252021,93.7,1
C013625,186247.91694136887,36.3,0
C013626,85149.6360001061,20.6,0
C013627,257090.3983179303,50.2,0
C013628,327381.7054886878,63.0,0
C013629,147446.68115336925,30.2,0
C013630,705920.4415038275,81.0,1
C013631,175107.61389247555,34.4,0
C013632,195262.25979586664,38.0,0
C013633,4027123.052481211,95.6,1
C013634,0.0,7.0,0
C013635,841578.6150188637,86.8,1
C013636,4101274.1569725936,96.2,1
C013637,816938.8052038245,85.7,1
C013638,41605.90782104091,15.9,0
C013639,778162.2619803471,84.2,1
C013640,833687.0653112729,86.4,1
C013641,69061.46460268377,18.5,0
C013642,239287.29656041967,46.6,0
C013643,595672.9452543007,76.3,0
C013644,264770.6030520084,52.0,0
C013645,81153.5821404983,20.1,0
C013646,296354.4936127432,57.9,0
C013647,87351.3294845874,20.9,0
C013648,4385336.547848861,98.2,1
C013649,142083.9902724382,29.3,0
C013650,44974.51764627359,16.1,0
C013651,439592.54904255783,71.7,0
C013652,738431.5378190767,82.4,1
C013653,111906.12937728362,24.6,0
C013654,242415.00558632216,47.2,0
C013655,493831.3534192117,73.4,0
C013656,285851.50289261737,56.0,0
C013657,223567.51368172147,43.4,0
C013658,280065.78653936315,55.0,0
C013659,376235.40700065077,68.1,0
C013660,248884.65525445406,48.5,0
C013661,338245.83373542066,64.4,0
C013662,0.0,7.0,0
C013663,71230.85023285491,18.8,0
C013664,0.0,7.0,0
C013665,185052.49022858313,36.1,0
C013666,352064.47461966437,66.0,0
C013667,178102.5561820178,34.9,0
C013668,130932.30901002462,27.6,0
C013669,0.0,7.0,0
C013670,310046.8632046345,60.4,0
C013671,142383.36385365238,29.4,0
C013672,918285.6784575519,89.0,1
C013673,720574.7752294398,81.7,1
C013674,352377.68835098686,66.0,0
C013675,164386.34839745684,32.7,0
C013676,218805.3851994614,42.4,0
C013677,239332.59563181407,46.6,0
C013678,0.0,7.0,0
C013679,3842069.640577325,94.3,1
C013680,710428.6138613498,81.3,1
C013681,964036.1929530129,89.9,1
C013682,3385220.1384619684,91.8,1
C013683,69274.4282705887,18.6,0
C013684,197212.96006123495,38.4,0
C013685,938419.8001775714,89.4,1
C013686,241599.76120299113,47.0,0
C013687,0.0,7.0,0
C013688,321638.24047568615,62.1,0
C013689,346011.20447797165,65.3,0
C013690,3596146.6163393822,92.7,1
C013691,271745.6226642501,53.4,0
C013692,624952.2999808135,77.4,0
C013693,725209.9797773266,81.9,1
C013694,233290.63278704998,45.3,0
C013695,212958.6979506041,41.4,0
C013696,792185.7405901114,84.8,1
C013697,213591.58717412912,41.4,0
C013698,185780.23663878522,36.2,0
C013699,3961433.7581964764,95.1,1
C013700,164922.68523553925,32.8,0
C013701,230717.64580230304,44.7,0
C013702,3805865.299641585,94.1,1
C013703,161481.7590512931,32.4,0
C013704,821263.555471833,85.9,1
C013705,86152.33428514181,20.7,0
C013706,108949.51051621747,24.0,0
C013707,0.0,7.0,0
C013708,0.0,7.0,0
C013709,39993.71749067323,15.8,0
C013710,570428.9498447865,75.5,0
C013711,0.0,7.0,0
C013712,315010.08082425967,61.2,0
C013713,225599.98222975218,43.8,0
C013714,63036.91084729662,17.8,0
C013715,718603.7480433006,81.6,1
C013716,272801.2400154064,53.6,0
C013717,867536.6573704121,87.6,1
C013718,0.0,7.0,0
C013719,3625825.953529551,92.9,1
C013720,143347.0037136919,29.6,0
C013721,551240.9567395073,75.0,0
C013722,523400.97088339395,74.2,0
C013723,0.0,7.0,0
C013724,0.0,7.0,0
C013725,376860.5102528503,68.2,0
C013726,249235.6203501258,48.6,0
C013727,0.0,7.0,0
C013728,4154482.0988131724,96.5,1
C013729,342056.2999238048,64.8,0
C013730,336260.968011794,64.1,0
C013731,218956.82544522113,42.5,0
C013732,212860.47832613383,41.3,0
C013733,0.0,7.0,0
C013734,86531.10025091475,20.8,0
C013735,0.0,7.0,0
C013736,187680.63381451007,36.6,0
C013737,98478.45486252251,22.5,0
C013738,0.0,7.0,0
C013739,227548.47145897933,44.2,0
C013740,298925.2300564635,58.3,0
C013741,459257.1998975612,72.4,0
C013742,212163.48783562903,41.2,0
C013743,0.0,7.0,0
C013744,432266.19022904715,71.4,0
C013745,177713.92352348895,34.8,0
C013746,0.0,7.0,0
C013747,140707.57172031308,29.0,0
C013748,529343.6988663927,74.4,0
C013749,138038.09088318748,28.6,0
C013750,233072.40016690321,45.2,0
C013751,205685.79834756505,39.9,0
C013752,0.0,7.0,0
C013753,3911818.285452935,94.8,1
C013754,718870.5365910927,81.7,1
C013755,0.0,7.0,0
C013756,334693.8657318174,64.0,0
C013757,279441.71749970387,54.9,0
C013758,671358.1602935337,79.3,0
C013759,272527.24118316063,53.6,0
C013760,257696.79026196658,50.4,0
C013761,181213.2116354176,35.5,0
C013762,741961.0413971143,82.6,1
C013763,237701.03517420942,46.3,0
C013764,358970.88668658835,66.6,0
C013765,245579.14209675975,47.8,0
C013766,352280.50161238987,66.0,0
C013767,134845.78143891986,28.1,0
C013768,264828.72179689415,52.1,0
C013769,209626.6678225386,40.7,0
C013770,141787.61144558722,29.3,0
C013771,263976.7274910862,51.8,0
C013772,337632.3676371,64.3,0
C013773,294583.0027523039,57.5,0
C013774,0.0,7.0,0
C013775,113313.21463743114,24.8,0
C013776,0.0,7.0,0
C013777,68803.95141469169,18.5,0
C013778,574473.8183450442,75.6,0
C013779,370047.1331633831,67.6,0
C013780,288547.24562627455,56.5,0
C013781,268999.40197588183,52.9,0
C013782,7.025692614223361,14.1,0
C013783,3691388.2377882055,93.3,1
C013784,80444.70639397141,20.0,0
C013785,0.0,7.0,0
C013786,129339.60515168028,27.4,0
C013787,829693.2808308488,86.3,1
C013788,713949.6136215694,81.4,1
C013789,250222.13884963203,48.8,0
C013790,233165.62960839955,45.2,0
C013791,288290.03297764936,56.4,0
C013792,782784.7839410844,84.4,1
C013793,293468.98504489363,57.4,0
C013794,631136.6921504551,77.6,0
C013795,414912.1900559713,70.7,0
C013796,3876820.808399792,94.5,1
C013797,87465.85386799478,20.9,0
C013798,0.0,7.0,0
C013799,121902.62143443902,26.1,0
C013800,206303.40845221502,40.1,0
C013801,0.0,7.0,0
C013802,883077.8750196486,88.1,1
C013803,147248.3681438394,30.2,0
C013804,117072.42583876963,25.4,0
C013805,4566739.519315649,99.0,1
C013806,3970711.6045618993,95.2,1
C013807,63225.24246465769,17.8,0
C013808,273707.7369070365,53.8,0
C013809,395837.9422763844,69.6,0
C013810,4335981.35728663,97.9,1
C013811,8.741100412593354,14.1,0
C013812,397779.00782862556,69.7,0
C013813,238981.15200214688,46.5,0
C013814,178867.21574919808,35.0,0
C013815,124636.8251476595,26.6,0
C013816,302626.2769084722,59.1,0
C013817,114270.40771456859,25.0,0
C013818,742658.6446349344,82.6,1
C013819,0.0,7.0,0
C013820,224643.35921290758,43.6,0
C013821,0.0,7.0,0
C013822,246564.59870744764,48.0,0
C013823,56112.26977529832,17.1,0
C013824,2938964.5286660236,90.9,1
C013825,140301.81459177972,29.0,0
C013826,0.0,7.0,0
C013827,132415.97025960023,27.8,0
C013828,180320.47855679214,35.3,0
C013829,4211736.62309878,96.9,1
C013830,663304.5308406155,78.9,0
C013831,4415051.120740187,98.3,1
C013832,300083.6683508285,58.5,0
C013833,0.0,7.0,0
C013834,0.0,7.0,0
C013835,88951.03360160865,21.1,0
C013836,160103.24602425334,32.1,0
C013837,172023.38156868875,33.9,0
C013838,276551.3625910659,54.4,0
C013839,346977.77910713205,65.4,0
C013840,660748.2726130611,78.8,0
C013841,123662.73287285712,26.4,0
C013842,189966.1907422017,37.1,0
C013843,287919.4514055381,56.4,0
C013844,102939.12519358011,23.2,0
C013845,679840.6975785712,79.7,0
C013846,0.0,7.0,0
C013847,664847.7584731205,79.0,0
C013848,0.0,7.0,0
C013849,321209.9618328005,62.0,0
C013850,20506.663469835523,14.7,0
C013851,202890.5237709846,39.3,0
C013852,829636.0952314688,86.3,1
C013853,247063.86878237355,48.1,0
C013854,876159.5703657035,87.9,1
C013855,0.0,7.0,0
C013856,164338.2002847661,32.7,0
C013857,279346.8075638821,54.8,0
C013858,356320.08748030546,66.4,0
C013859,219690.74812757113,42.6,0
C013860,296018.637547753,57.8,0
C013861,80209.39143426351,20.0,0
C013862,214056.25832017392,41.5,0
C013863,0.0,7.0,0
C013864,429318.141172378,71.3,0
C013865,472300.73988635314,72.8,0
C013866,210616.79865951923,40.9,0
C013867,0.0,7.0,0
C013868,582792.0671174179,75.9,0
C013869,49084.89452269639,16.5,0
C013870,158185.91945872066,31.8,0
C013871,242894.38931273413,47.2,0
C013872,0.0,7.0,0
C013873,292533.8169841287,57.2,0
C013874,221455.29594631452,42.9,0
C013875,140748.6183468314,29.1,0
C013876,837920.6531815019,86.6,1
C013877,789131.7262478459,84.6,1
C013878,112605.5422914364,24.7,0
C013879,153841.6190960697,31.1,0
C013880,230706.97652662796,44.7,0
C013881,690538.1168673675,80.3,1
C013882,0.0,7.0,0
C013883,128420.23748843248,27.2,0
C013884,287784.35427965433,56.4,0
C013885,461893.1890562356,72.5,0
C013886,172732.11588261952,34.0,0
C013887,264870.84455816593,52.1,0
C013888,432156.6203459044,71.4,0
C013889,636449.5104437944,77.8,0
C013890,310005.3099951852,60.4,0
C013891,262521.10648138257,51.5,0
C013892,197119.39123172394,38.3,0
C013893,43516.60301525949,16.0,0
C013894,655424.5174173996,78.6,0
C013895,120874.2515343084,26.0,0
C013896,0.0,7.0,0
C013897,251669.44747682192,49.0,0
C013898,272802.73464510014,53.6,0
C013899,95905.1001069921,22.1,0
C013900,192999.24244179841,37.6,0
C013901,396939.71265939606,69.7,0
C013902,0.0,7.0,0
C013903,310156.6294348893,60.4,0
C013904,4264876.739205659,97.4,1
C013905,0.0,7.0,0
C013906,197037.10735707555,38.3,0
C013907,298223.8043608664,58.2,0
C013908,130172.24428217477,27.5,0
C013909,214749.97948508855,41.6,0
C013910,319617.08714017825,61.8,0
C013911,3387338.986888175,91.8,1
C013912,155105.7492345224,31.3,0
C013913,272839.60836239526,53.6,0
C013914,285396.74350222043,56.0,0
C013915,223010.85990169173,43.2,0
C013916,4130725.712992235,96.3,1
C013917,160126.41160774516,32.1,0
C013918,211550.0272864567,41.1,0
C013919,308859.52379645733,60.1,0
C013920,27796.398253499767,15.0,0
C013921,226975.48014084867,44.0,0
C013922,191130.60240111442,37.3,0
C013923,186046.39034167634,36.2,0
C013924,400673.0154441302,69.9,0
C013925,82060.01927986869,20.2,0
C013926,270593.61738386424,53.2,0
C013927,0.0,7.0,0
C013928,58221.9222857713,17.3,0
C013929,201665.7545708135,39.1,0
C013930,0.0,7.0,0
C013931,329593.44416008814,63.3,0
C013932,0.0,7.0,0
C013933,186309.91000682506,36.3,0
C013934,0.0,7.0,0
C013935,261286.80922925234,51.2,0
C013936,232547.24104488856,45.1,0
C013937,309667.55757742294,60.3,0
C013938,293636.1036657731,57.4,0
C013939,0.0,7.0,0
C013940,0.0,7.0,0
C013941,189211.66302070505,36.9,0
C013942,0.0,7.0,0
C013943,579573.3644096525,75.8,0
C013944,3842780.6889332556,94.3,1
C013945,0.0,7.0,0
C013946,0.0,7.0,0
C013947,341665.2898941543,64.8,0
C013948,244559.68183056876,47.6,0
C013949,0.0,7.0,0
C013950,79527.54598796835,19.9,0
C013951,124736.92160505946,26.6,0
C013952,238677.04120495913,46.5,0
C013953,102601.14176192574,23.1,0
C013954,277144.36040243314,54.5,0
C013955,256993.44960844913,50.2,0
C013956,868860.7567469979,87.6,1
C013957,141796.15126890896,29.3,0
C013958,0.0,7.0,0
C013959,899700.896250303,88.6,1
C013960,167025.79889647983,33.2,0
C013961,327031.2690076884,63.0,0
C013962,211402.46271233822,41.0,0
C013963,250718.38469652424,48.9,0
C013964,153750.41341325926,31.1,0
C013965,248918.66934314946,48.5,0
C013966,278833.63234236377,54.7,0
C013967,305335.89762874716,59.5,0
C013968,735156.3214151772,82.2,1
C013969,0.0,7.0,0
C013970,145565.20857505358,29.9,0
C013971,831625.4676319443,86.4,1
C013972,4332582.814615058,97.9,1
C013973,91558.97486244845,21.6,0
C013974,416474.2176394141,70.8,0
C013975,76904.7177732942,19.5,0
C013976,126819.51052357198,26.9,0
C013977,0.0,7.0,0
C013978,204126.05489523264,39.6,0
C013979,411201.57559624495,70.5,0
C013980,247405.02893368813,48.2,0
C013981,840576.203286438,86.7,1
C013982,32261.011371330755,15.3,0
C013983,126629.79915262316,26.9,0
C013984,105067.49800462785,23.5,0
C013985,269331.14742041944,53.0,0
C013986,4507760.837776195,98.8,1
C013987,275906.31918388593,54.2,0
C013988,0.0,7.0,0
C013989,981597.5700974198,90.0,1
C013990,0.0,7.0,0
C013991,3974111.0344306184,95.2,1
C013992,277594.9998941826,54.5,0
C013993,152937.32210922323,31.0,0
C013994,273163.3516614624,53.7,0
C013995,655366.140195601,78.5,0
C013996,898700.8524898986,88.5,1
C013997,353628.9880089568,66.1,0
C013998,614790.4552129243,77.0,0
C013999,318421.51391263545,61.7,0
C014000,372758.10146837734,67.8,0
C014001,0.0,7.0,0
C014002,302008.85627550416,58.9,0
C014003,845862.1899280085,87.0,1
C014004,4321983.664297011,97.8,1
C014005,0.0,7.0,0
C014006,137828.97135576155,28.5,0
C014007,0.0,7.0,0
C014008,0.0,7.0,0
C014009,324598.64466109325,62.6,0
C014010,286701.1384601133,56.2,0
C014011,69973.5213510031,18.6,0
C014012,0.0,7.0,0
C014013,0.0,7.0,0
C014014,0.0,7.0,0
C014015,311071.5727344819,60.6,0
C014016,215840.147439747,41.9,0
C014017,907310.6778059534,88.7,1
C014018,0.0,7.0,0
C014019,0.0,7.0,0
C014020,81771.23498384346,20.2,0
C014021,926932.471976808,89.2,1
C014022,0.0,7.0,0
C014023,316129.1781738606,61.3,0
C014024,207032.86828012546,40.2,0
C014025,336356.4203466472,64.2,0
C014026,286092.75100148376,56.1,0
C014027,0.0,7.0,0
C014028,80685.61669568502,20.0,0
C014029,0.0,7.0,0
C014030,160818.07308910583,32.2,0
C014031,270779.710291735,53.2,0
C014032,605625.2480470011,76.7,0
C014033,0.0,7.0,0
C014034,376624.1761537938,68.2,0
C014035,353697.08317929495,66.1,0
C014036,193759.28939007584,37.7,0
C014037,187628.81100812848,36.6,0
C014038,0.0,7.0,0
C014039,332055.5458106418,63.7,0
C014040,428811.33728655416,71.3,0
C014041,85263.09566351026,20.6,0
C014042,193268.00424972057,37.6,0
C014043,222095.86345231367,43.0,0
C014044,35800.53542662828,15.5,0
C014045,952332.8828136935,89.7,1
C014046,36034.80267685554,15.5,0
C014047,150843.42682632015,30.6,0
C014048,0.0,7.0,0
C014049,4302424.830539122,97.7,1
C014050,326879.475545228,62.9,0
C014051,0.0,7.0,0
C014052,163032.29311594798,32.5,0
C014053,0.0,7.0,0
C014054,148185.20470880266,30.3,0
C014055,3827386.409420467,94.2,1
C014056,268225.38718931424,52.7,0
C014057,185754.5751409487,36.2,0
C014058,549617.5633968019,75.0,0
C014059,546494.0790663508,74.9,0
C014060,440148.6833678468,71.7,0
C014061,749552.2634765916,82.9,1
C014062,132351.29152318288,27.8,0
C014063,254010.28318628963,49.6,0
C014064,0.0,7.0,0
C014065,233707.65145000102,45.4,0
C014066,153524.8043421525,31.1,0
C014067,0.0,7.0,0
C014068,241368.1612711235,47.0,0
C014069,37616.94914663971,15.6,0
C014070,0.0,7.0,0
C014071,34869.34937573235,15.4,0
C014072,103572.86362845567,23.3,0
C014073,256388.34410452787,50.1,0
C014074,302214.4584296183,59.0,0
C014075,171636.94610743495,33.9,0
C014076,726859.4743170028,81.9,1
C014077,45340.501058170295,16.2,0
C014078,382582.4117592963,68.6,0
C014079,447266.81235429284,71.9,0
C014080,281514.2404572029,55.2,0
C014081,855617.5317758326,87.3,1
C014082,289943.81139484164,56.8,0
C014083,24528.190908226337,14.9,0
C014084,0.0,7.0,0
C014085,334245.50212633715,63.9,0
C014086,3431222.5704699857,91.9,1
C014087,4137993.4350395184,96.4,1
C014088,170720.31348153952,33.8,0
C014089,545102.62139908,74.8,0
C014090,277196.01198708836,54.5,0
C014091,259480.6454227643,50.7,0
C014092,391806.4940127858,69.3,0
C014093,283434.59489981097,55.6,0
C014094,4134772.853911421,96.4,1
C014095,0.0,7.0,0
C014096,0.0,7.0,0
C014097,680584.7727982018,79.8,0
C014098,205355.00583164993,39.9,0
C014099,197501.93596791,38.4,0
C014100,4030977.6850393326,95.6,1
C014101,599240.8814250052,76.4,0
C014102,122332.44378192238,26.2,0
C014103,0.0,7.0,0
C014104,393919.4518987581,69.4,0
C014105,49162.23915730826,16.5,0
C014106,81448.5386365431,20.1,0
C014107,882254.1966739546,88.1,1
C014108,108846.34191697036,24.0,0
C014109,499431.4534927991,73.6,0
C014110,409438.4801472738,70.3,0
C014111,323773.14613092167,62.4,0
C014112,78933.26222156562,19.8,0
C014113,946304.8308683442,89.5,1
C014114,211739.17058080158,41.1,0
C014115,4172777.679189191,96.6,1
C014116,262333.8946005063,51.4,0
C014117,3985928.363203801,95.4,1
C014118,386010.18986063317,68.9,0
C014119,793044.5888017091,84.8,1
C014120,43528.417262791176,16.0,0
C014121,438034.0219836793,71.6,0
C014122,310617.03253927774,60.5,0
C014123,335621.06769240345,64.1,0
C014124,352061.96660185215,66.0,0
C014125,0.0,7.0,0
C014126,124031.9931431264,26.5,0
C014127,282104.7905633885,55.3,0
C014128,277767.7030906344,54.6,0
C014129,730953.2772385945,82.1,1
C014130,192865.68220697297,37.5,0
C014131,273168.9606717186,53.7,0
C014132,166589.33119824444,33.1,0
C014133,478141.456526829,73.0,0
C014134,0.0,7.0,0
C014135,273141.31565054314,53.7,0
C014136,182158.99915058442,35.6,0
C014137,364436.4102115499,67.1,0
C014138,517601.369216498,74.0,0
C014139,0.0,7.0,0
C014140,390170.7813967767,69.2,0
C014141,640272.7415985025,78.0,0
C014142,364616.57992864575,67.1,0
C014143,0.0,7.0,0
C014144,342394.9241381383,64.8,0
C014145,0.0,7.0,0
C014146,264357.72065606073,51.9,0
C014147,73300.8545140017,19.0,0
C014148,247426.61507156273,48.2,0
C014149,0.0,7.0,0
C014150,0.0,7.0,0
C014151,69421.0548741585,18.6,0
C014152,236456.581084292,46.0,0
C014153,0.0,7.0,0
C014154,0.0,7.0,0
C014155,105496.34293157971,23.6,0
C014156,0.0,7.0,0
C014157,390781.3019558482,69.2,0
C014158,50363.692168543064,16.6,0
C014159,117028.31289133184,25.4,0
C014160,180389.42498950684,35.3,0
C014161,275500.9080136596,54.1,0
C014162,0.0,7.0,0
C014163,0.0,7.0,0
C014164,605167.7515149815,76.7,0
C014165,277011.6332792025,54.4,0
C014166,317423.1470845498,61.5,0
C014167,0.0,7.0,0
C014168,321064.95339914795,62.0,0
C014169,92488.20640035761,21.7,0
C014170,69840.71024675672,18.6,0
C014171,672564.340098071,79.4,0
C014172,271993.246949114,53.5,0
C014173,0.0,7.0,0
C014174,957519.3014786346,89.8,1
C014175,248308.353276651,48.4,0
C014176,389137.13554601744,69.1,0
C014177,123396.83548542227,26.4,0
C014178,272878.76092463365,53.6,0
C014179,4516677.045879936,98.8,1
C014180,65846.92416471112,18.1,0
C014181,52257.50785088808,16.7,0
C014182,350326.72708047275,65.8,0
C014183,0.0,7.0,0
C014184,0.0,7.0,0
C014185,370626.665890272,67.7,0
C014186,136543.4537701947,28.3,0
C014187,188842.07937459616,36.9,0
C014188,0.0,7.0,0
C014189,0.0,7.0,0
C014190,3818404.634465559,94.2,1
C014191,0.0,7.0,0
C014192,0.0,7.0,0
C014193,253520.28642189602,49.5,0
C014194,37359.3164064703,15.6,0
C014195,144105.49387084742,29.7,0
C014196,0.0,7.0,0
C014197,206062.34466213052,40.0,0
C014198,79397.87969301472,19.8,0
C014199,265519.80479984416,52.2,0
C014200,196822.44245547298,38.3,0
C014201,228724.5825971278,44.4,0
C014202,53968.21622052591,16.9,0
C014203,0.0,7.0,0
C014204,0.0,7.0,0
C014205,901901.6613415126,88.6,1
C014206,113468.80074502244,24.9,0
C014207,263692.4419430025,51.8,0
C014208,3793897.4803026766,94.1,1
C014209,757155.9392078168,83.3,1
C014210,79666.10365263886,19.9,0
C014211,269255.38139604207,52.9,0
C014212,30793.113931115164,15.2,0
C014213,725673.028165658,81.9,1
C014214,298329.1356343916,58.2,0
C014215,305909.8636067631,59.6,0
C014216,252959.23508320746,49.4,0
C014217,373419.43590821105,67.9,0
C014218,0.0,7.0,0
C014219,3840187.7460879292,94.3,1
C014220,181104.86165267334,35.4,0
C014221,345975.8786274588,65.3,0
C014222,316401.9593861845,61.4,0
C014223,226647.00047826592,44.0,0
C014224,191526.5360980018,37.4,0
C014225,409428.2025885892,70.3,0
C014226,3231270.045717084,91.4,1
C014227,246684.17982901,48.0,0
C014228,0.0,7.0,0
C014229,248279.70218227373,48.4,0
C014230,0.0,7.0,0
C014231,664511.9594859272,79.0,0
C014232,0.0,7.0,0
C014233,639015.9034335996,77.9,0
C014234,756875.8837587521,83.2,1
C014235,305986.86583744484,59.6,0
C014236,365572.6577990373,67.2,0
C014237,298013.83281538077,58.2,0
C014238,187479.6929607962,36.6,0
C014239,4337687.585110573,97.9,1
C014240,3434068.653558773,92.0,1
C014241,4391313.2102127215,98.2,1
C014242,0.0,7.0,0
C014243,457654.64979408483,72.3,0
C014244,116605.85631052648,25.3,0
C014245,359157.2816804056,66.6,0
C014246,338192.6423330174,64.4,0
C014247,177511.29947921287,34.8,0
C014248,4341746.406865619,97.9,1
C014249,232950.93948190444,45.2,0
C014250,90825.07127919284,21.4,0
C014251,684333.4252518594,80.0,1
C014252,0.0,7.0,0
C014253,3514646.5858695246,92.3,1
C014254,170448.51398497834,33.7,0
C014255,267262.56642291695,52.5,0
C014256,4202692.927983632,96.8,1
C014257,146272.40855451603,30.0,0
C014258,261885.85274060883,51.3,0
C014259,0.0,7.0,0
C014260,330070.59903424693,63.4,0
C014261,294888.3184026184,57.6,0
C014262,514876.26080718683,74.0,0
C014263,4059922.9577106796,95.9,1
C014264,286667.849991618,56.2,0
C014265,104448.19256484916,23.4,0
C014266,0.0,7.0,0
C014267,215516.36428961018,41.8,0
C014268,506029.18627240683,73.7,0
C014269,0.0,7.0,0
C014270,274872.57505606086,54.0,0
C014271,0.0,7.0,0
C014272,378458.55196995573,68.3,0
C014273,224358.3192978166,43.6,0
C014274,0.0,7.0,0
C014275,0.0,7.0,0
C014276,239151.93249497228,46.5,0
C014277,619494.3298472016,77.2,0
C014278,203249.30267793816,39.4,0
C014279,0.0,7.0,0
C014280,180200.9648848922,35.3,0
C014281,852485.8748279838,87.2,1
C014282,24191.11961469994,14.9,0
C014283,272689.3934234383,53.6,0
C014284,214091.29075543955,41.5,0
C014285,871040.4025507531,87.7,1
C014286,110081.66828098212,24.2,0
C014287,741001.3885899327,82.5,1
C014288,105272.35393050182,23.5,0
C014289,165543.00945374032,32.9,0
C014290,47814.26812515751,16.4,0
C014291,0.0,7.0,0
C014292,0.0,7.0,0
C014293,0.0,7.0,0
C014294,146347.98116469823,30.0,0
C014295,201785.68413711013,39.1,0
C014296,654091.7002484367,78.5,0
C014297,236515.68941941907,46.0,0
C014298,4468237.637699367,98.6,1
C014299,0.0,7.0,0
C014300,277822.0465584824,54.6,0
C014301,460640.118905094,72.4,0
C014302,112398.67229125957,24.6,0
C014303,452941.19370758027,72.2,0
C014304,0.0,7.0,0
C014305,130914.59699721281,27.6,0
C014306,628772.4698789133,77.5,0
C014307,147544.91256456217,30.2,0
C014308,210774.72625173582,40.9,0
C014309,337039.3558740362,64.2,0
C014310,4280956.875237552,97.5,1
C014311,925629.4332625436,89.2,1
C014312,0.0,7.0,0
C014313,245584.63461988873,47.8,0
C014314,0.0,7.0,0
C014315,4003524.005749208,95.5,1
C014316,110457.13336284421,24.3,0
C014317,83322.51247204153,20.4,0
C014318,324925.85534265667,62.6,0
C014319,316599.0409238219,61.4,0
C014320,241507.20538344857,47.0,0
C014321,367290.1668873527,67.4,0
C014322,0.0,7.0,0
C014323,222477.1732199462,43.1,0
C014324,316281.9810581598,61.4,0
C014325,299352.2299808236,58.4,0
C014326,156427.91813461043,31.5,0
C014327,747263.9013789634,82.8,1
C014328,0.0,7.0,0
C014329,793973.8173603574,84.8,1
C014330,663021.406660829,78.8,0
C014331,414763.83332674735,70.7,0
C014332,4160260.77943528,96.5,1
C014333,3691904.52572267,93.3,1
C014334,3789208.1989015816,94.0,1
C014335,643094.6983086138,78.1,0
C014336,261108.80660890398,51.2,0
C014337,93334.50603520095,21.8,0
C014338,170322.36987614943,33.7,0
C014339,184500.25159985587,36.0,0
C014340,435281.11334753927,71.5,0
C014341,221748.00367656836,43.0,0
C014342,194495.50552734977,37.8,0
C014343,306285.8814777769,59.7,0
C014344,180835.13494593612,35.4,0
C014345,32300.712081920454,15.3,0
C014346,3567515.778016535,92.6,1
C014347,160064.40200179932,32.1,0
C014348,276219.5031288683,54.3,0
C014349,385292.6022250749,68.9,0
C014350,3686238.942931086,93.3,1
C014351,141706.72297381528,29.3,0
C014352,423351.48196355684,71.0,0
C014353,4168321.0231106034,96.6,1
C014354,303086.1020831687,59.2,0
C014355,0.0,7.0,0
C014356,579415.2759659358,75.8,0
C014357,5.004755162611862,14.0,0
C014358,933511.5033025454,89.3,1
C014359,239638.8044648455,46.6,0
C014360,349335.1177785737,65.7,0
C014361,231018.55599925775,44.8,0
C014362,313765.2779341909,61.0,0
C014363,190074.34763460388,37.1,0
C014364,726193.6343126391,81.9,1
C014365,6.1130514321162055,14.1,0
C014366,333515.97554076917,63.9,0
C014367,95793.45410014034,22.1,0
C014368,188395.23615883267,36.8,0
C014369,257492.58766078137,50.4,0
C014370,243071.29660927632,47.3,0
C014371,134138.83932065617,28.0,0
C014372,218748.27207349706,42.4,0
C014373,729104.2786471614,82.0,1
C014374,500814.6422398224,73.6,0
C014375,234802.1200999458,45.6,0
C014376,751136.1825908205,83.0,1
C014377,328355.3350312514,63.1,0
C014378,103261.26732092573,23.2,0
C014379,289122.3020767193,56.6,0
C014380,0.0,7.0,0
C014381,285542.4750674822,56.0,0
C014382,121989.1355683012,26.1,0
C014383,0.0,7.0,0
C014384,3100461.745383556,91.1,1
C014385,255305.7225993984,49.8,0
C014386,204438.83205099823,39.7,0
C014387,168969.86466046525,33.5,0
C014388,223412.56714281312,43.3,0
C014389,3934753.8033190724,94.9,1
C014390,350777.5502028636,65.8,0
C014391,128416.3308803039,27.2,0
C014392,178883.19402922736,35.0,0
C014393,0.0,7.0,0
C014394,140521.73419824697,29.0,0
C014395,581011.8892120859,75.8,0
C014396,318998.00719034526,61.8,0
C014397,890411.4183791915,88.3,1
C014398,636355.0724912991,77.8,0
C014399,0.0,7.0,0
C014400,642884.4154387384,78.1,0
C014401,552520.0114115092,75.0,0
C014402,344438.3625727039,65.1,0
C014403,0.0,7.0,0
C014404,167070.40115234876,33.2,0
C014405,366387.45370965527,67.3,0
C014406,0.0,7.0,0
C014407,317368.08246561483,61.5,0
C014408,317161.3454149858,61.5,0
C014409,30997.792456344116,15.2,0
C014410,226921.36865717862,44.0,0
C014411,3278288.5776249315,91.5,1
C014412,3442065.3973643933,92.0,1
C014413,61083.34937216452,17.6,0
C014414,4050810.561482029,95.8,1
C014415,331003.791598396,63.5,0
C014416,309334.77440729196,60.2,0
C014417,61317.91755939093,17.6,0
C014418,153460.9813208475,31.1,0
C014419,757949.1938306503,83.3,1
C014420,347074.6370418179,65.4,0
C014421,275623.60905472987,54.2,0
C014422,0.0,7.0,0
C014423,58675.611511363684,17.3,0
C014424,317147.7845012994,61.5,0
C014425,0.0,7.0,0
C014426,707949.4093753722,81.1,1
C014427,675626.4493814579,79.5,0
C014428,202848.3115860091,39.3,0
C014429,344526.2632124793,65.1,0
C014430,50184.7192576124,16.6,0
C014431,375283.0125493039,68.0,0
C014432,102914.38378578918,23.2,0
C014433,25177.33773936366,14.9,0
C014434,4054120.853771768,95.8,1
C014435,0.0,7.0,0
C014436,664117.6545452062,78.9,0
C014437,413072.96339940344,70.6,0
C014438,361273.3110254499,66.8,0
C014439,105490.5479866163,23.6,0
C014440,309194.9115406527,60.2,0
C014441,470325.130292975,72.7,0
C014442,0.0,7.0,0
C014443,330039.9158759642,63.4,0
C014444,369071.1538791388,67.5,0
C014445,257089.33809266414,50.2,0
C014446,0.0,7.0,0
C014447,352507.8686499245,66.0,0
C014448,320148.17842985323,61.9,0
C014449,87323.23265081222,20.9,0
C014450,0.0,7.0,0
C014451,0.0,7.0,0
C014452,4015490.4688105467,95.5,1
C014453,175225.54078441064,34.4,0
C014454,0.0,7.0,0
C014455,998753.5538474291,90.2,1
C014456,85768.00767367294,20.7,0
C014457,312901.7792698594,60.8,0
C014458,365552.13765996246,67.2,0
C014459,332584.4605015606,63.7,0
C014460,400180.6158532514,69.8,0
C014461,285266.3261224047,55.9,0
C014462,264299.99108281103,51.9,0
C014463,824416.7989645525,86.1,1
C014464,155195.7959146761,31.3,0
C014465,380443.8796599729,68.4,0
C014466,585903.3715730465,75.9,0
C014467,750536.788952298,82.9,1
C014468,87783.03779976102,21.0,0
C014469,0.0,7.0,0
C014470,357682.3718237623,66.5,0
C014471,3920765.9338953276,94.8,1
C014472,448501.687345364,72.0,0
C014473,3741309.003908072,93.7,1
C014474,180805.68601542653,35.4,0
C014475,32336.880410610687,15.3,0
C014476,0.0,7.0,0
C014477,12067.693319504204,14.5,0
C014478,4337034.202364496,97.9,1
C014479,217495.70414749303,42.2,0
C014480,83030.45144936795,20.3,0
C014481,0.0,7.0,0
C014482,182745.87301024018,35.7,0
C014483,738235.1616777816,82.4,1
C014484,409433.31006433436,70.3,0
C014485,336530.4711078744,64.2,0
C014486,805042.3373352167,85.3,1
C014487,122203.59993351878,26.2,0
C014488,207459.50237331813,40.3,0
C014489,4193195.3953742427,96.8,1
C014490,237690.03393894012,46.3,0
C014491,0.0,7.0,0
C014492,169800.8687423201,33.6,0
C014493,474945.04302761797,72.9,0
C014494,880958.8183598088,88.1,1
C014495,185986.85726216767,36.2,0
C014496,146132.04222390518,30.0,0
C014497,441435.5536984898,71.7,0
C014498,60918.97348077372,17.6,0
C014499,348237.18633804756,65.6,0
C014500,871028.3132961461,87.7,1
C014501,276550.43904018984,54.4,0
C014502,0.0,7.0,0
C014503,351944.5878650339,65.9,0
C014504,0.0,7.0,0
C014505,126963.99096483123,27.0,0
C014506,126091.16705114207,26.8,0
C014507,4018565.6422225907,95.6,1
C014508,79606.44156383563,19.9,0
C014509,306022.7471734198,59.6,0
C014510,59622.77616406688,17.4,0
C014511,274481.5382637153,53.9,0
C014512,135360.80741218218,28.2,0
C014513,242431.20209911253,47.2,0
C014514,276007.91863195144,54.2,0
C014515,73928.74482364999,19.1,0
C014516,311983.58535307995,60.7,0
C014517,3984708.4800812295,95.3,1
C014518,4370854.577315951,98.1,1
C014519,325394.97999329993,62.7,0
C014520,283221.16701053997,55.5,0
C014521,145262.65319590908,29.8,0
C014522,821551.3673482221,86.0,1
C014523,0.0,7.0,0
C014524,305592.125826133,59.6,0
C014525,260484.01896388025,51.0,0
C014526,442422.2491443691,71.8,0
C014527,373496.06091783993,67.9,0
C014528,485268.0571659032,73.2,0
C014529,801082.988287111,85.1,1
C014530,675297.0686663575,79.5,0
C014531,5620.374921235367,14.3,0
C014532,371418.50021096494,67.7,0
C014533,736994.4275727046,82.3,1
C014534,81118.37772542734,20.1,0
C014535,330079.02087855304,63.4,0
C014536,247795.38879252152,48.2,0
C014537,0.0,7.0,0
C014538,64286.34639205541,17.9,0
C014539,0.0,7.0,0
C014540,0.0,7.0,0
C014541,402607.49421445595,70.0,0
C014542,295939.9544896831,57.8,0
C014543,0.0,7.0,0
C014544,4356150.78254386,98.0,1
C014545,218423.9065630113,42.4,0
C014546,454681.3860828959,72.3,0
C014547,3095398.159614924,91.1,1
C014548,4501007.604334777,98.7,1
C014549,3869394.434615558,94.5,1
C014550,724349.0163212171,81.8,1
C014551,3745882.598238735,93.8,1
C014552,194310.9866934469,37.8,0
C014553,166293.97914848645,33.1,0
C014554,264778.986400264,52.0,0
C014555,320356.00919790677,61.9,0
C014556,4324767.974490341,97.8,1
C014557,124115.03795581732,26.5,0
C014558,591560.5696468938,76.1,0
C014559,188478.78136428728,36.8,0
C014560,218993.35077266282,42.5,0
C014561,391675.00748531957,69.3,0
C014562,208282.35391617627,40.4,0
C014563,0.0,7.0,0
C014564,54488.687452248574,16.9,0
C014565,332810.1223625657,63.8,0
C014566,290341.14288824954,56.8,0
C014567,615458.5567143398,77.1,0
C014568,527842.8831814541,74.3,0
C014569,0.0,7.0,0
C014570,273146.2315556117,53.7,0
C014571,0.0,7.0,0
C014572,600486.7881795198,76.5,0
C014573,582850.5105380361,75.9,0
C014574,279576.280922913,54.9,0
C014575,529090.6287209295,74.4,0
C014576,473708.1397711244,72.8,0
C014577,3807621.3109666756,94.2,1
C014578,246552.95930072467,48.0,0
C014579,829524.7636374077,86.3,1
C014580,0.0,7.0,0
C014581,283567.77482323936,55.6,0
C014582,244150.02399846015,47.5,0
C014583,219059.75609128442,42.5,0
C014584,68771.50543128415,18.5,0
C014585,272040.22221614193,53.5,0
C014586,38157.37108536513,15.6,0
C014587,854027.3857917668,87.2,1
C014588,106678.330562665,23.7,0
C014589,0.0,7.0,0
C014590,206077.7927938568,40.0,0
C014591,194676.66974536382,37.9,0
C014592,0.0,7.0,0
C014593,233489.9016298176,45.3,0
C014594,658371.8024015352,78.6,0
C014595,447585.8260841094,72.0,0
C014596,833073.6336781263,86.4,1
C014597,952724.820547825,89.7,1
C014598,140340.14096873332,29.0,0
C014599,186531.13246577108,36.4,0
C014600,123374.52891399589,26.4,0
C014601,0.0,7.0,0
C014602,300553.02386522415,58.6,0
C014603,149515.7565662826,30.5,0
C014604,75470.50783100158,19.3,0
C014605,0.0,7.0,0
C014606,911237.4876609308,88.8,1
C014607,186626.13044393226,36.4,0
C014608,0.0,7.0,0
C014609,199935.6380215823,38.9,0
C014610,2950022.050120591,91.0,1
C014611,342741.2806211846,64.9,0
C014612,301204.76572211407,58.7,0
C014613,737047.319610852,82.3,1
C014614,93930.82222880331,21.9,0
C014615,3649888.232762037,93.1,1
C014616,220114.4769137613,42.7,0
C014617,64617.511556861944,18.0,0
C014618,169518.02093354016,33.6,0
C014619,304192.2647798723,59.4,0
C014620,225994.34302858726,43.8,0
C014621,156220.5114247786,31.5,0
C014622,396955.9454696243,69.7,0
C014623,0.0,7.0,0
C014624,0.0,7.0,0
C014625,781656.870560246,84.3,1
C014626,168069.77961148624,33.4,0
C014627,0.0,7.0,0
C014628,91351.18441746231,21.5,0
C014629,136160.9378713169,28.3,0
C014630,666866.2979655701,79.1,0
C014631,4251314.975283194,97.3,1
C014632,0.0,7.0,0
C014633,79479.6607500026,19.8,0
C014634,247014.87946472163,48.1,0
C014635,266325.10224354,52.3,0
C014636,0.0,7.0,0
C014637,340539.49410971074,64.6,0
C014638,152067.7902744033,30.8,0
C014639,197262.70028444356,38.4,0
C014640,215583.4073924753,41.9,0
C014641,88908.58806973582,21.1,0
C014642,403112.99610021076,70.0,0
C014643,112359.09926269006,24.6,0
C014644,353953.3865370839,66.2,0
C014645,247243.707994418,48.1,0
C014646,666072.2918368954,79.0,0
C014647,86075.09390719526,20.7,0
C014648,280640.1257092603,55.1,0
C014649,259236.81671834597,50.7,0
C014650,332520.1424393575,63.7,0
C014651,724815.6068296646,81.8,1
C014652,142690.23292134388,29.4,0
C014653,59463.714840083216,17.4,0
C014654,3557045.745465255,92.5,1
C014655,508868.8470363024,73.8,0
C014656,194390.98281578845,37.8,0
C014657,269028.40375412785,52.9,0
C014658,201021.60559763294,39.0,0
C014659,381305.5892952078,68.5,0
C014660,398258.86426344316,69.7,0
C014661,0.0,7.0,0
C014662,109276.09615947164,24.1,0
C014663,139454.8536296578,28.8,0
C014664,3186203.214959974,91.3,1
C014665,103416.60031429408,23.2,0
C014666,4200479.564974018,96.8,1
C014667,92942.59740382647,21.7,0
C014668,763534.0468388154,83.5,1
C014669,643970.1325649022,78.1,0
C014670,182213.85301763832,35.6,0
C014671,681311.5079692556,79.8,0
C014672,0.0,7.0,0
C014673,146294.05334809297,30.0,0
C014674,106993.41055865001,23.8,0
C014675,3972193.3655473976,95.2,1
C014676,263170.11681273044,51.7,0
C014677,22617.76417916279,14.8,0
C014678,592897.3566178743,76.2,0
C014679,341931.60787238873,64.8,0
C014680,171216.2788707422,33.8,0
C014681,0.0,7.0,0
C014682,224114.13142660298,43.5,0
C014683,0.0,7.0,0
C014684,327939.9731976078,63.0,0
C014685,408704.1623974321,70.3,0
C014686,535914.5695518242,74.5,0
C014687,325734.811363828,62.8,0
C014688,0.0,7.0,0
C014689,263681.6774863943,51.7,0
C014690,310603.34482485976,60.5,0
C014691,3974604.8283824027,95.2,1
C014692,0.0,7.0,0
C014693,333331.7546878228,63.8,0
C014694,0.0,7.0,0
C014695,174414.63869508766,34.3,0
C014696,979694.5528572432,90.0,1
C014697,45101.56495315748,16.1,0
C014698,204726.52419976392,39.7,0
C014699,246384.8692947686,47.9,0
C014700,219950.97674303345,42.7,0
C014701,429477.1963237613,71.3,0
C014702,274155.823102468,53.9,0
C014703,3880964.620753917,94.6,1
C014704,915963.8998874222,89.0,1
C014705,3793003.02179066,94.1,1
C014706,0.0,7.0,0
C014707,95289.65516532872,22.0,0
C014708,407262.066854776,70.2,0
C014709,221335.74477222972,42.9,0
C014710,882008.1900603164,88.1,1
C014711,288053.4894807536,56.4,0
C014712,216959.0226062223,42.1,0
C014713,999696.2246427996,90.2,1
C014714,150578.41318441468,30.6,0
C014715,3721739.9717329424,93.6,1
C014716,312269.63530039566,60.7,0
C014717,0.0,7.0,0
C014718,84790.58126587508,20.5,0
C014719,309579.7648720853,60.3,0
C014720,268378.0758896488,52.7,0
C014721,547889.8554592597,74.9,0
C014722,69724.1427674834,18.6,0
C014723,332952.5007304653,63.8,0
C014724,643256.9135037651,78.1,0
C014725,68418.22876073532,18.4,0
C014726,124959.62526276162,26.6,0
C014727,801619.7451970414,85.1,1
C014728,208695.66934052322,40.5,0
C014729,0.0,7.0,0
C014730,17006.767857967985,14.6,0
C014731,825890.5773339283,86.1,1
C014732,811160.2142689473,85.5,1
C014733,17155.71584383319,14.6,0
C014734,238014.36475613355,46.4,0
C014735,810397.0623160012,85.5,1
C014736,0.0,7.0,0
C014737,0.0,7.0,0
C014738,217298.37710420886,42.2,0
C014739,29558.744262636446,15.1,0
C014740,305762.5842972677,59.6,0
C014741,488734.54278205987,73.3,0
C014742,0.0,7.0,0
C014743,388508.6090384872,69.1,0
C014744,237165.97319878597,46.1,0
C014745,0.0,7.0,0
C014746,274483.9650124867,53.9,0
C014747,118589.12223004148,25.6,0
C014748,275670.35161199723,54.2,0
C014749,400493.88964635454,69.9,0
C014750,893487.3889447615,88.4,1
C014751,684911.4584492784,80.0,1
C014752,354484.04908360227,66.2,0
C014753,212057.5810332054,41.2,0
C014754,123157.85330240526,26.3,0
C014755,99661.28155466155,22.7,0
C014756,841550.4382542584,86.8,1
C014757,191371.36116593197,37.3,0
C014758,3168555.5427490333,91.2,1
C014759,163815.89733281566,32.6,0
C014760,186987.2498906795,36.5,0
C014761,0.0,7.0,0
C014762,169884.12322344928,33.6,0
C014763,582498.2078960545,75.9,0
C014764,718226.8832901396,81.6,1
C014765,198294.42811299334,38.6,0
C014766,4720664.095450482,99.4,1
C014767,142856.8365564939,29.4,0
C014768,575353.3012946487,75.7,0
C014769,226841.81339713454,44.0,0
C014770,844916.791848761,86.9,1
C014771,0.0,7.0,0
C014772,187700.50835688348,36.6,0
C014773,748261.452040922,82.8,1
C014774,81066.85944626354,20.1,0
C014775,10214.935899708067,14.4,0
C014776,104124.26107172879,23.3,0
C014777,1086745.203225547,90.6,1
C014778,0.0,7.0,0
C014779,3402710.8083324684,91.8,1
C014780,376566.3578949965,68.2,0
C014781,164130.67230531498,32.7,0
C014782,255871.82089703972,50.0,0
C014783,0.0,7.0,0
C014784,418331.44079177786,70.9,0
C014785,296659.4141745272,57.9,0
C014786,214618.24754647896,41.6,0
C014787,0.0,7.0,0
C014788,267253.61168162466,52.5,0
C014789,185036.34390649808,36.1,0
C014790,76210.97289684041,19.4,0
C014791,0.0,7.0,0
C014792,4.700847177893076,14.0,0
C014793,135882.30465440295,28.2,0
C014794,94826.13569620677,22.0,0
C014795,369873.51195914607,67.6,0
C014796,268715.38035252376,52.8,0
C014797,762055.0228691841,83.5,1
C014798,36471.50720813099,15.5,0
C014799,181058.93251855465,35.4,0
C014800,4427641.447222496,98.4,1
C014801,409871.94581926375,70.4,0
C014802,825208.7571482715,86.1,1
C014803,4444058.086433499,98.5,1
C014804,211911.23920047778,41.2,0
C014805,47046.69121618793,16.3,0
C014806,359698.02851944,66.7,0
C014807,3897272.178763275,94.7,1
C014808,300537.6122783312,58.6,0
C014809,4003464.089203525,95.4,1
C014810,137778.69552208047,28.5,0
C014811,904187.8882420708,88.6,1
C014812,131314.71253493612,27.6,0
C014813,4269173.419588441,97.4,1
C014814,3599172.8913876745,92.7,1
C014815,98306.15395402466,22.5,0
C014816,106557.41519658364,23.7,0
C014817,180903.6957478028,35.4,0
C014818,310231.0061826868,60.4,0
C014819,55046.60699720583,17.0,0
C014820,4057156.5979559124,95.9,1
C014821,395103.6305714875,69.5,0
C014822,310230.8342564286,60.4,0
C014823,379210.6377319829,68.4,0
C014824,304292.47239032283,59.4,0
C014825,75768.53044514776,19.3,0
C014826,169982.33376174563,33.6,0
C014827,4217254.13498819,97.0,1
C014828,94931.70199587892,22.0,0
C014829,195453.83289467255,38.0,0
C014830,172726.8853296458,34.0,0
C014831,390615.2992542313,69.2,0
C014832,323606.733292557,62.4,0
C014833,186570.4122162633,36.4,0
C014834,228119.06063539,44.3,0
C014835,181082.36303503645,35.4,0
C014836,291206.6914712534,57.0,0
C014837,154769.0954624107,31.2,0
C014838,226807.38345964102,44.0,0
C014839,3641836.8551538214,93.0,1
C014840,4861647.596389389,99.7,1
C014841,345376.70063958626,65.2,0
C014842,308942.11093708064,60.2,0
C014843,333535.24633911694,63.9,0
C014844,2359.1212891261916,14.2,0
C014845,498791.3281937847,73.5,0
C014846,309674.10067163024,60.3,0
C014847,240441.7987458902,46.8,0
C014848,637784.0696015792,77.9,0
C014849,611265.7658351025,76.9,0
C014850,124506.41515920038,26.6,0
C014851,0.0,7.0,0
C014852,424755.4801686564,71.1,0
C014853,453963.09759229166,72.2,0
C014854,102119.72747340937,23.0,0
C014855,350935.0221290496,65.8,0
C014856,381567.6011510599,68.5,0
C014857,751483.7735151225,83.0,1
C014858,673761.9935479334,79.4,0
C014859,242944.44583128224,47.3,0
C014860,796891.0160312785,84.9,1
C014861,349731.52355364256,65.7,0
C014862,202140.39294320525,39.2,0
C014863,714434.8711100217,81.5,1
C014864,594470.1768516061,76.2,0
C014865,593828.0386057555,76.2,0
C014866,234856.8477819866,45.6,0
C014867,3982582.053772674,95.3,1
C014868,352501.0169166451,66.0,0
C014869,891941.5580740228,88.3,1
C014870,356195.5704895523,66.4,0
C014871,0.0,7.0,0
C014872,435627.53934823256,71.5,0
C014873,158193.0618201074,31.8,0
C014874,257418.40050660368,50.3,0
C014875,225531.94394848493,43.7,0
C014876,270185.197200258,53.1,0
C014877,250683.07437014137,48.9,0
C014878,4305507.045990299,97.7,1
C014879,0.0,7.0,0
C014880,3644262.4747795984,93.0,1
C014881,167419.80374346772,33.2,0
C014882,316339.8490814671,61.4,0
C014883,903369.8899424457,88.6,1
C014884,0.0,7.0,0
C014885,321127.28730412404,62.0,0
C014886,61217.58938814127,17.6,0
C014887,115931.64809014006,25.3,0
C014888,260451.7173418898,51.0,0
C014889,281839.31539277284,55.3,0
C014890,329044.9960287381,63.2,0
C014891,296177.0965665031,57.9,0
C014892,651057.7929940367,78.4,0
C014893,173175.17599154398,34.1,0
C014894,194032.44941005003,37.7,0
C014895,0.0,7.0,0
C014896,3672301.928982627,93.2,1
C014897,695275.683022255,80.5,1
C014898,3655393.1685846485,93.1,1
C014899,383262.1834436392,68.7,0
C014900,103090.71173091287,23.2,0
C014901,255842.94182554175,50.0,0
C014902,3644569.65251702,93.0,1
C014903,155329.7857233279,31.3,0
C014904,197732.46427688072,38.4,0
C014905,242251.75899575133,47.1,0
C014906,369766.2512781759,67.6,0
C014907,764261.8634399545,83.6,1
C014908,266563.8630157089,52.4,0
C014909,387943.80771850824,69.0,0
C014910,785208.6198784829,84.5,1
C014911,183450.8728937029,35.8,0
C014912,254166.10446263343,49.6,0
C014913,252848.2021117292,49.4,0
C014914,3795547.6255149636,94.1,1
C014915,983432.6125865272,90.1,1
C014916,0.0,7.0,0
C014917,1022901.9835660949,90.4,1
C014918,0.0,7.0,0
C014919,196938.083949848,38.3,0
C014920,0.0,7.0,0
C014921,164670.16490457082,32.8,0
C014922,0.0,7.0,0
C014923,920528.4503062572,89.1,1
C014924,695439.8379130623,80.5,1
C014925,498909.3852597999,73.5,0
C014926,352192.09226510744,66.0,0
C014927,0.0,7.0,0
C014928,230158.6033383461,44.7,0
C014929,185883.3684755663,36.2,0
C014930,805250.2813253328,85.3,1
C014931,708340.8824754872,81.2,1
C014932,0.0,7.0,0
C014933,4493631.417452293,98.7,1
C014934,0.0,7.0,0
C014935,4237410.251018891,97.1,1
C014936,421945.7377831945,71.0,0
C014937,2783521.2933790237,90.8,1
C014938,0.0,7.0,0
C014939,614033.8278563659,77.0,0
C014940,306452.2796797825,59.7,0
C014941,195710.23325230647,38.0,0
C014942,256392.00152855602,50.1,0
C014943,0.0,7.0,0
C014944,59462.60179799668,17.4,0
C014945,0.0,7.0,0
C014946,4283626.7659493685,97.5,1
C014947,243179.05518005893,47.3,0
C014948,65349.727777845255,18.1,0
C014949,232899.2113347457,45.2,0
C014950,106339.21512031407,23.7,0
C014951,97688.65636021622,22.4,0
C014952,283845.370747739,55.7,0
C014953,243452.5826377539,47.4,0
C014954,98986.31414056107,22.6,0
C014955,209135.60765408748,40.6,0
C014956,601007.4263220901,76.5,0
C014957,270189.2331021478,53.1,0
C014958,237412.84645482915,46.2,0
C014959,618682.6498592752,77.2,0
C014960,526561.2223034581,74.3,0
C014961,641915.9694237816,78.0,0
C014962,3465007.7390366285,92.1,1
C014963,93084.74070723624,21.7,0
C014964,307842.4053905326,60.0,0
C014965,86213.28864534065,20.7,0
C014966,59786.41041441149,17.4,0
C014967,340181.76695022476,64.6,0
C014968,0.0,7.0,0
C014969,206806.85599585093,40.2,0
C014970,41762.41435720689,15.9,0
C014971,0.0,7.0,0
C014972,167859.9061061902,33.3,0
C014973,0.0,7.0,0
C014974,4207613.697526725,96.9,1
C014975,43161.030106344144,16.0,0
C014976,135182.14571014483,28.1,0
C014977,130833.47903702373,27.6,0
C014978,406641.1151328146,70.2,0
C014979,232685.41441727208,45.1,0
C014980,4392967.593087608,98.2,1
C014981,54530.08868141528,17.0,0
C014982,0.0,7.0,0
C014983,290596.07941752573,56.8,0
C014984,105316.16249365745,23.5,0
C014985,0.0,7.0,0
C014986,162002.60287734246,32.4,0
C014987,197971.12860846627,38.5,0
C014988,194422.037664812,37.8,0
C014989,82245.31702511305,20.3,0
C014990,274989.26015175914,54.1,0
C014991,522519.69819305465,74.2,0
C014992,579074.5066697305,75.7,0
C014993,280793.2183871419,55.1,0
C014994,0.0,7.0,0
C014995,0.0,7.0,0
C014996,316596.6494305162,61.4,0
C014997,540736.2934870598,74.7,0
C014998,161432.9885208319,32.3,0
C014999,307893.05799441267,60.0,0
C015000,336206.24412849016,64.1,0
C015001,522044.74738429947,74.2,0
C015002,0.0,7.0,0
C015003,0.0,7.0,0
C015004,0.0,7.0,0
C015005,804164.1555385564,85.2,1
C015006,284228.4101555748,55.7,0
C015007,365856.03581218654,67.2,0
C015008,109165.33798319192,24.1,0
C015009,229715.30124298728,44.6,0
C015010,409897.16991762986,70.4,0
C015011,195001.17015884083,37.9,0
C015012,157200.79927621203,31.6,0
C015013,111002.95534237252,24.4,0
C015014,48553.44040326248,16.5,0
C015015,164591.9876621326,32.8,0
C015016,284857.91700496734,55.9,0
C015017,393961.01508520753,69.4,0
C015018,3326300.8917458085,91.6,1
C015019,219444.46717996674,42.6,0
C015020,394912.1149185482,69.5,0
C015021,0.0,7.0,0
C015022,0.0,7.0,0
C015023,235351.56168216365,45.7,0
C015024,0.0,7.0,0
C015025,32180.70559871646,15.3,0
C015026,819023.6272847748,85.8,1
C015027,142244.83340525295,29.3,0
C015028,290076.8674751235,56.8,0
C015029,266297.57087880943,52.3,0
C015030,0.0,7.0,0
C015031,226129.04734704696,43.9,0
C015032,1171141.2407442366,90.7,1
C015033,718332.0996451299,81.6,1
C015034,85956.8432515061,20.7,0
C015035,3990180.7775056134,95.4,1
C015036,45148.09980213441,16.2,0
C015037,3908363.7904987256,94.8,1
C015038,176970.8948285232,34.7,0
C015039,96451.68256168005,22.2,0
C015040,199326.44753319555,38.8,0
C015041,153173.55489001868,31.0,0
C015042,802502.976922048,85.2,1
C015043,279128.45321334706,54.8,0
C015044,303294.2210255543,59.2,0
C015045,0.0,7.0,0
C015046,3806857.011029912,94.1,1
C015047,275370.56707153254,54.1,0
C015048,362988.77921442356,67.0,0
C015049,137261.41322677175,28.5,0
C015050,48724.71432636703,16.5,0
C015051,61841.407026499444,17.7,0
C015052,284154.09146618703,55.7,0
C015053,423951.7930222242,71.1,0
C015054,0.0,7.0,0
C015055,244531.87697307148,47.6,0
C015056,71707.9301542157,18.9,0
C015057,120448.1299625852,25.9,0
C015058,332572.6942249515,63.7,0
C015059,648297.5120167601,78.2,0
C015060,787013.7532188292,84.5,1
C015061,0.0,7.0,0
C015062,359086.896485334,66.6,0
C015063,484900.5725042949,73.1,0
C015064,198505.8275121447,38.6,0
C015065,427761.6377835605,71.2,0
C015066,123356.9352917704,26.4,0
C015067,29741.016433724242,15.1,0
C015068,4294434.030391636,97.6,1
C015069,292303.5463050513,57.2,0
C015070,4065576.681914417,95.9,1
C015071,135557.5160857166,28.2,0
C015072,435646.40226840903,71.5,0
C015073,219983.20421170926,42.7,0
C015074,213959.17281609174,41.5,0
C015075,254169.35390475707,49.6,0
C015076,292992.42835132155,57.3,0
C015077,106046.11894489752,23.6,0
C015078,0.0,7.0,0
C015079,4412918.335541857,98.3,1
C015080,210921.49244241838,41.0,0
C015081,179387.21224383183,35.2,0
C015082,0.0,7.0,0
C015083,21597.442168745245,14.8,0
C015084,242272.8925252201,47.1,0
C015085,207837.51615324192,40.3,0
C015086,740830.5813615476,82.5,1
C015087,53172.32967077645,16.8,0
C015088,655293.4774621156,78.5,0
C015089,347375.99141468917,65.4,0
C015090,120518.80914067234,25.9,0
C015091,126612.18175113543,26.9,0
C015092,1032298.3159965726,90.5,1
C015093,0.0,7.0,0
C015094,0.0,7.0,0
C015095,115674.7595695584,25.2,0
C015096,127016.36231972439,27.0,0
C015097,264816.9211663819,52.0,0
C015098,99202.23592784189,22.6,0
C015099,690187.9455646044,80.2,1
C015100,239341.48691569432,46.6,0
C015101,249280.14072665822,48.6,0
C015102,0.0,7.0,0
C015103,4383115.24279541,98.2,1
C015104,133033.10385281005,27.9,0
C015105,405908.0253027287,70.2,0
C015106,245645.25058620892,47.8,0
C015107,421612.0181858742,71.0,0
C015108,238028.22694658258,46.4,0
C015109,189350.0983228615,37.0,0
C015110,824430.0662303801,86.1,1
C015111,270917.2582168535,53.2,0
C015112,65460.398821640236,18.1,0
C015113,181724.38829684193,35.5,0
C015114,4418262.056412271,98.4,1
C015115,132708.32344851713,27.8,0
C015116,4152393.764533939,96.5,1
C015117,137794.84379012606,28.5,0
C015118,83909.18452083951,20.4,0
C015119,403349.97362228,70.0,0
C015120,691058.7566297752,80.3,1
C015121,0.0,7.0,0
C015122,849264.8825041344,87.1,1
C015123,105496.17171195545,23.6,0
C015124,146588.05380681084,30.1,0
C015125,305154.2602423155,59.5,0
C015126,0.0,7.0,0
C015127,400606.2386477322,69.9,0
C015128,853966.2732303295,87.2,1
C015129,315724.59139885136,61.3,0
C015130,0.0,7.0,0
C015131,3700477.8185584345,93.4,1
C015132,0.0,7.0,0
C015133,344405.3426803234,65.1,0
C015134,287865.53489377676,56.4,0
C015135,422551.8806439701,71.0,0
C015136,4109416.23330131,96.2,1
C015137,806771.8963564691,85.3,1
C015138,0.0,7.0,0
C015139,102759.21334543877,23.1,0
C015140,313091.70844244555,60.8,0
C015141,160160.63864288075,32.1,0
C015142,2393728.51429558,90.8,1
C015143,262985.4779941845,51.6,0
C015144,218394.1857677068,42.4,0
C015145,95216.49123583712,22.0,0
C015146,229582.25053364504,44.6,0
C015147,428278.5867824826,71.2,0
C015148,262101.8894237882,51.4,0
C015149,157815.4823169826,31.7,0
C015150,4132613.1294484884,96.3,1
C015151,0.0,7.0,0
C015152,137060.6717248147,28.4,0
C015153,702813.7616241802,80.8,1
C015154,399733.5139656155,69.8,0
C015155,0.0,7.0,0
C015156,136632.0544038179,28.4,0
C015157,233981.52174087247,45.4,0
C015158,0.0,7.0,0
C015159,550910.2054199447,75.0,0
C015160,642077.4138726904,78.0,0
C015161,665456.383967524,79.0,0
C015162,0.0,7.0,0
C015163,276271.1370572614,54.3,0
C015164,293318.5808748683,57.4,0
C015165,545150.9714966405,74.8,0
C015166,703048.5652140925,80.9,1
C015167,360867.1279544829,66.8,0
C015168,658426.9305237941,78.6,0
C015169,165048.39637756598,32.8,0
C015170,323717.0440950401,62.4,0
C015171,338458.0143366403,64.4,0
C015172,215866.3939544328,41.9,0
C015173,86425.94779128271,20.8,0
C015174,4198978.8915196955,96.8,1
C015175,0.0,7.0,0
C015176,1001264.6838832333,90.3,1
C015177,3382208.518802672,91.8,1
C015178,178843.9794378888,35.0,0
C015179,661363.3436356469,78.8,0
C015180,247886.69470879098,48.3,0
C015181,0.0,7.0,0
C015182,0.0,7.0,0
C015183,0.0,7.0,0
C015184,385186.6466560524,68.9,0
C015185,218764.45332217988,42.4,0
C015186,3161717.5376097225,91.2,1
C015187,0.0,7.0,0
C015188,174837.64987639242,34.4,0
C015189,799493.7935183751,85.0,1
C015190,4234353.278553309,97.1,1
C015191,184837.21075348553,36.0,0
C015192,241804.09005893025,47.0,0
C015193,266579.8133891568,52.4,0
C015194,102398.94238239259,23.1,0
C015195,148033.06342186083,30.3,0
C015196,0.0,7.0,0
C015197,4655619.998003115,99.3,1
C015198,696558.8245535473,80.6,1
C015199,221487.9052830536,43.0,0
C015200,4458826.212710464,98.6,1
C015201,187672.587287241,36.6,0
C015202,266803.05316527386,52.4,0
C015203,60028.96968831155,17.5,0
C015204,592140.7797085742,76.1,0
C015205,167362.5704336634,33.2,0
C015206,235093.93767837322,45.6,0
C015207,190475.19642173284,37.2,0
C015208,283741.6880442799,55.6,0
C015209,53810.361207183916,16.9,0
C015210,0.0,7.0,0
C015211,650297.0532274002,78.3,0
C015212,187159.6025099201,36.5,0
C015213,143197.5627793972,29.5,0
C015214,864677.2291080779,87.5,1
C015215,0.0,7.0,0
C015216,281168.7553888465,55.2,0
C015217,7874.7126142088,14.3,0
C015218,4001969.240567093,95.4,1
C015219,228503.8309335086,44.4,0
C015220,698096.9204884258,80.6,1
C015221,380817.2774707239,68.5,0
C015222,375108.282573407,68.0,0
C015223,188460.96373697818,36.8,0
C015224,212990.72799266974,41.4,0
C015225,353906.3861813135,66.2,0
C015226,237305.72522948912,46.1,0
C015227,171410.27840292704,33.8,0
C015228,676227.8292573496,79.6,0
C015229,121228.59583199295,26.0,0
C015230,393221.6240949057,69.4,0
C015231,0.0,7.0,0
C015232,712730.462823304,81.4,1
C015233,30326.488003760114,15.1,0
C015234,3749998.3466830533,93.8,1
C015235,94167.57579221675,21.9,0
C015236,0.0,7.0,0
C015237,382361.74296997505,68.6,0
C015238,0.0,7.0,0
C015239,809888.3124669913,85.4,1
C015240,252287.22133147114,49.2,0
C015241,105965.89179409354,23.6,0
C015242,4650084.530837455,99.2,1
C015243,266103.0538183833,52.3,0
C015244,0.0,7.0,0
C015245,420894.508063981,70.9,0
C015246,0.0,7.0,0
C015247,1019241.3569436126,90.4,1
C015248,7.8097614028594275,14.1,0
C015249,812688.8957133038,85.6,1
C015250,60531.819910833605,17.5,0
C015251,636016.8313049757,77.8,0
C015252,152239.95040288864,30.9,0
C015253,709516.4406315688,81.2,1
C015254,579758.9175922027,75.8,0
C015255,3720024.8029559786,93.6,1
C015256,0.0,7.0,0
C015257,869718.1010513504,87.7,1
C015258,636040.458358126,77.8,0
C015259,470504.6001006107,72.7,0
C015260,177124.1818423213,34.7,0
C015261,288836.92648619524,56.5,0
C015262,0.0,7.0,0
C015263,898248.4142661795,88.5,1
C015264,915664.5043888822,89.0,1
C015265,4061898.2476402475,95.9,1
C015266,0.0,7.0,0
C015267,581419.6200464912,75.8,0
C015268,3381485.096041977,91.8,1
C015269,142666.83631782135,29.4,0
C015270,0.0,7.0,0
C015271,151327.02761675688,30.7,0
C015272,3532657.949665888,92.4,1
C015273,283725.766967996,55.6,0
C015274,244826.1838000665,47.6,0
C015275,0.0,7.0,0
C015276,766888.6762524126,83.7,1
C015277,79452.6292352977,19.8,0
C015278,131685.20503367184,27.7,0
C015279,272009.2408417857,53.5,0
C015280,100141.9488935121,22.7,0
C015281,518913.5722655106,74.0,0
C015282,349984.90795732255,65.7,0
C015283,79127.86482588042,19.8,0
C015284,488629.5185733687,73.2,0
C015285,1088604.6968024971,90.6,1
C015286,232652.73579022748,45.1,0
C015287,610833.0582789303,76.9,0
C015288,95488.7584852218,22.0,0
C015289,0.0,7.0,0
C015290,132169.13253782433,27.8,0
C015291,4046346.494891234,95.8,1
C015292,0.0,7.0,0
C015293,154493.20018586985,31.2,0
C015294,191822.976440793,37.4,0
C015295,555300.9927616991,75.1,0
C015296,691083.5596976611,80.3,1
C015297,348201.85144881805,65.6,0
C015298,3962991.8806735016,95.1,1
C015299,212450.57872219017,41.3,0
C015300,774259.2189139262,84.0,1
C015301,694228.2367388911,80.5,1
C015302,82068.94754464056,20.2,0
C015303,623330.058235003,77.4,0
C015304,794111.6354013991,84.8,1
C015305,106703.94899876752,23.7,0
C015306,173914.05551121707,34.2,0
C015307,0.0,7.0,0
C015308,412061.5503637872,70.5,0
C015309,865189.4118259881,87.5,1
C015310,12391.47772550937,14.5,0
C015311,243269.75279394398,47.3,0
C015312,254216.18199316846,49.7,0
C015313,100040.64244618003,22.7,0
C015314,175580.0638500465,34.5,0
C015315,160225.3385761889,32.2,0
C015316,0.0,7.0,0
C015317,4302597.880676006,97.7,1
C015318,106840.68787512179,23.7,0
C015319,3058.446043499078,14.2,0
C015320,0.0,7.0,0
C015321,307775.3909114293,59.9,0
C015322,187649.84909440367,36.6,0
C015323,3552996.4746696106,92.5,1
C015324,0.0,7.0,0
C015325,227992.7605655651,44.2,0
C015326,924958.0023648785,89.2,1
C015327,690082.2892258071,80.2,1
C015328,121992.41428594182,26.1,0
C015329,778028.9741512864,84.2,1
C015330,0.0,7.0,0
C015331,273660.7496845034,53.8,0
C015332,4517639.642639069,98.8,1
C015333,321781.8770468004,62.1,0
C015334,962969.6849075896,89.9,1
C015335,4558573.056869833,99.0,1
C015336,322567.2059523701,62.2,0
C015337,677551.507798615,79.6,0
C015338,0.0,7.0,0
C015339,331820.83675548906,63.6,0
C015340,886280.4690136703,88.2,1
C015341,151410.9355215696,30.7,0
C015342,209942.15413525986,40.8,0
C015343,768880.5946587964,83.8,1
C015344,259361.29276546222,50.7,0
C015345,153526.64540543166,31.1,0
C015346,176501.65160713872,34.6,0
C015347,118305.83059736727,25.6,0
C015348,124771.75508087369,26.6,0
C015349,605345.9152599182,76.7,0
C015350,749562.4937140541,82.9,1
C015351,411936.692393082,70.5,0
C015352,345369.81972564565,65.2,0
C015353,0.0,7.0,0
C015354,4700167.809536188,99.4,1
C015355,0.0,7.0,0
C015356,4854906.824341389,99.7,1
C015357,177595.16518947552,34.8,0
C015358,258194.13799859572,50.5,0
C015359,702951.3217492211,80.9,1
C015360,52664.41637797135,16.8,0
C015361,119681.66557381793,25.8,0
C015362,307113.09648061945,59.8,0
C015363,328122.4572523636,63.1,0
C015364,133025.66393633516,27.9,0
C015365,208098.13712309068,40.4,0
C015366,23026.033322448086,14.8,0
C015367,308796.8765279668,60.1,0
C015368,614014.4131290002,77.0,0
C015369,677253.7831161808,79.6,0
C015370,347556.49332557764,65.5,0
C015371,4283992.386979309,97.5,1
C015372,328886.81250399066,63.2,0
C015373,174696.46561249968,34.4,0
C015374,0.0,7.0,0
C015375,190402.78320954464,37.1,0
C015376,235609.3966324327,45.7,0
C015377,3498583.2547205747,92.3,1
C015378,0.0,7.0,0
C015379,318231.1639505441,61.7,0
C015380,629379.0961517609,77.5,0
C015381,659846.4611532862,78.7,0
C015382,330253.48829283746,63.4,0
C015383,0.0,7.0,0
C015384,825445.9889281025,86.1,1
C015385,135429.705153426,28.2,0
C015386,955250.6936113036,89.7,1
C015387,614164.1960035769,77.0,0
C015388,327944.64731220045,63.0,0
C015389,953756.3867093427,89.7,1
C015390,0.0,7.0,0
C015391,736502.4223984024,82.3,1
C015392,247958.60109885206,48.3,0
C015393,228376.1537570692,44.4,0
C015394,909901.3620888373,88.8,1
C015395,48138.61568012695,16.4,0
C015396,70973.54056120255,18.8,0
C015397,1166468.9194417018,90.7,1
C015398,423939.8134885932,71.1,0
C015399,885370.6647502537,88.2,1
C015400,680180.7791392917,79.7,0
C015401,288335.85713607457,56.4,0
C015402,357658.7352963237,66.5,0
C015403,382770.98398277134,68.6,0
C015404,257185.11300665146,50.3,0
C015405,434923.1100357291,71.5,0
C015406,797575.0888325841,84.9,1
C015407,509624.271970684,73.8,0
C015408,67603.59893534904,18.3,0
C015409,644787.2255117828,78.1,0
C015410,226527.7808786193,43.9,0
C015411,0.0,7.0,0
C015412,138903.5055754475,28.7,0
C015413,0.0,7.0,0
C015414,689887.6398775063,80.2,1
C015415,640055.2086593785,78.0,0
C015416,219942.43976418328,42.7,0
C015417,45673.426021534266,16.2,0
C015418,349638.91277290083,65.7,0
C015419,3746820.611544816,93.8,1
C015420,114861.97297043083,25.1,0
C015421,621215.5683124827,77.3,0
C015422,346737.6750873738,65.4,0
C015423,2649482.778216945,90.8,1
C015424,312990.95527266816,60.8,0
C015425,233514.95651965754,45.3,0
C015426,415985.57992508245,70.7,0
C015427,0.0,7.0,0
C015428,3694751.9677686174,93.3,1
C015429,0.0,7.0,0
C015430,0.0,7.0,0
C015431,193640.97485289545,37.7,0
C015432,362119.05646765744,66.9,0
C015433,141144.76318953355,29.1,0
C015434,639834.6543803278,78.0,0
C015435,143365.98228994137,29.6,0
C015436,254122.99911194187,49.6,0
C015437,361253.05380113825,66.8,0
C015438,244857.0583650556,47.6,0
C015439,197799.5813186298,38.4,0
C015440,206575.83098689758,40.1,0
C015441,358287.3610588581,66.6,0
C015442,115667.39902057222,25.2,0
C015443,843061.0509257148,86.8,1
C015444,347780.18209078105,65.5,0
C015445,197940.53242856386,38.5,0
C015446,264287.6157107586,51.9,0
C015447,52528.58071532546,16.8,0
C015448,198976.35037172638,38.7,0
C015449,716480.6294728023,81.5,1
C015450,276507.508871224,54.4,0
C015451,392208.3030245067,69.3,0
C015452,114574.17562567024,25.1,0
C015453,657935.8614330387,78.6,0
C015454,689516.7062904144,80.2,1
C015455,342960.0131305888,64.9,0
C015456,0.0,7.0,0
C015457,115793.83153622321,25.2,0
C015458,93371.52786972652,21.8,0
C015459,174150.5122545138,34.3,0
C015460,145016.85544930492,29.8,0
C015461,136216.6897008605,28.3,0
C015462,0.0,7.0,0
C015463,4288023.99995356,97.6,1
C015464,46936.19589370397,16.3,0
C015465,3331546.166265879,91.6,1
C015466,0.0,7.0,0
C015467,4076200.7267456036,96.0,1
C015468,454311.1034518091,72.2,0
C015469,757782.3245483104,83.3,1
C015470,229937.06219574198,44.6,0
C015471,328951.1362548827,63.2,0
C015472,233408.41229075132,45.3,0
C015473,269971.03569013556,53.1,0
C015474,304730.62870910927,59.4,0
C015475,373342.4272734059,67.9,0
C015476,233985.03181175233,45.4,0
C015477,0.0,7.0,0
C015478,886779.2075230535,88.2,1
C015479,313480.7483903159,60.9,0
C015480,4576424.52541799,99.1,1
C015481,507911.7628260284,73.8,0
C015482,97923.61284745525,22.4,0
C015483,817946.0024736258,85.8,1
C015484,71827.7670044646,18.9,0
C015485,99093.04778823435,22.6,0
C015486,63531.937413504624,17.9,0
C015487,363743.35776839324,67.0,0
C015488,240876.28019233685,46.8,0
C015489,0.0,7.0,0
C015490,0.0,7.0,0
C015491,4328842.575044694,97.8,1
C015492,0.0,7.0,0
C015493,241650.1033056857,47.0,0
C015494,34644.90971902213,15.4,0
C015495,411890.27788463404,70.5,0
C015496,132699.812741523,27.8,0
C015497,135910.8833478264,28.3,0
C015498,240913.0058804417,46.9,0
C015499,716359.7152327299,81.5,1
C015500,285715.0183783821,56.0,0
C015501,373821.48879971885,67.9,0
C015502,310832.94855161326,60.5,0
C015503,301537.99466429563,58.8,0
C015504,508379.17919434287,73.8,0
C015505,113452.14497287941,24.9,0
C015506,140403.63829123,29.0,0
C015507,261740.33402580718,51.3,0
C015508,769099.2607369012,83.8,1
C015509,302484.4682093078,59.0,0
C015510,3905797.7681035353,94.7,1
C015511,309200.8639655284,60.2,0
C015512,283900.7005902745,55.7,0
C015513,148396.51351302743,30.3,0
C015514,155305.90830836934,31.3,0
C015515,990709.9759459727,90.1,1
C015516,289343.2529538957,56.6,0
C015517,137932.9174481957,28.6,0
C015518,824697.2575901194,86.1,1
C015519,0.0,7.0,0
C015520,4188330.7309613326,96.7,1
C015521,112664.15043305872,24.7,0
C015522,185614.79695473096,36.2,0
C015523,770969.1749717083,83.9,1
C015524,0.0,7.0,0
C015525,305245.903537325,59.5,0
C015526,27945.621326314358,15.0,0
C015527,75680.25715645315,19.3,0
C015528,336623.5445220467,64.2,0
C015529,612961.4132167562,76.9,0
C015530,0.0,7.0,0
C015531,95999.35454769956,22.1,0
C015532,3454985.219605083,92.0,1
C015533,164330.7442611663,32.7,0
C015534,0.0,7.0,0
C015535,750037.2016791947,82.9,1
C015536,185760.24800908426,36.2,0
C015537,699549.8506172413,80.7,1
C015538,302940.37972482026,59.1,0
C015539,249307.24805584102,48.6,0
C015540,276002.72551365854,54.2,0
C015541,168709.4809114142,33.5,0
C015542,173242.98875184706,34.1,0
C015543,347365.11151013,65.4,0
C015544,141436.13810534283,29.2,0
C015545,956408.1896046665,89.7,1
C015546,221497.83952143867,43.0,0
C015547,134368.2519974205,28.0,0
C015548,0.0,7.0,0
C015549,84712.8034682788,20.5,0
C015550,407562.71954041894,70.2,0
C015551,99621.8220475974,22.6,0
C015552,310988.40150782285,60.6,0
C015553,125796.83804829473,26.8,0
C015554,32776.77605361405,15.3,0
C015555,376554.97419082804,68.1,0
C015556,255679.94704429663,49.9,0
C015557,879720.5791221443,88.0,1
C015558,4098867.9290322033,96.1,1
C015559,0.0,7.0,0
C015560,4257843.624194189,97.3,1
C015561,0.0,7.0,0
C015562,301769.6235057699,58.8,0
C015563,5932.871578557489,14.3,0
C015564,86650.79081161902,20.8,0
C015565,0.0,7.0,0
C015566,93797.15259492282,21.8,0
C015567,442569.1852506116,71.8,0
C015568,270647.95549072063,53.2,0
C015569,3539494.8759339694,92.4,1
C015570,687581.0350209425,80.1,1
C015571,165131.52729838694,32.9,0
C015572,309640.9458969627,60.3,0
C015573,68668.38317559725,18.5,0
C015574,285088.32425853476,55.9,0
C015575,153237.9314154654,31.0,0
C015576,126449.56771133488,26.9,0
C015577,3558001.809182997,92.5,1
C015578,228710.15246861766,44.4,0
C015579,161191.5244853323,32.3,0
C015580,4893474.937676975,99.8,1
C015581,932722.5540934263,89.3,1
C015582,225560.35143265093,43.7,0
C015583,719485.2986221758,81.7,1
C015584,0.0,7.0,0
C015585,180820.3794329812,35.4,0
C015586,683793.6246683574,79.9,0
C015587,698890.5573727861,80.7,1
C015588,782810.5619814134,84.4,1
C015589,0.0,7.0,0
C015590,228160.47323585156,44.3,0
C015591,3442009.660730099,92.0,1
C015592,159107.98578215565,32.0,0
C015593,0.0,7.0,0
C015594,257759.19491540623,50.4,0
C015595,4299344.486008815,97.6,1
C015596,97248.39200291278,22.3,0
C015597,54702.550044932,17.0,0
C015598,325754.0593193379,62.8,0
C015599,79469.8590985416,19.8,0
C015600,885014.7059165824,88.2,1
C015601,824720.8455108907,86.1,1
C015602,354549.534803737,66.3,0
C015603,3366092.7644447857,91.7,1
C015604,389354.8537369539,69.1,0
C015605,182203.78859867543,35.6,0
C015606,773164.6317074909,84.0,1
C015607,271174.4700204046,53.3,0
C015608,692160.8034058107,80.4,1
C015609,368808.6393431583,67.5,0
C015610,816923.244319414,85.7,1
C015611,249630.74889093242,48.6,0
C015612,273416.73228824965,53.8,0
C015613,4205203.645819974,96.9,1
C015614,328517.39962180326,63.1,0
C015615,0.0,7.0,0
C015616,116197.51338681101,25.3,0
C015617,828202.6276199232,86.2,1
C015618,560140.9060492038,75.2,0
C015619,202025.01893188668,39.2,0
C015620,349045.6805730186,65.6,0
C015621,193330.97448276705,37.6,0
C015622,0.0,7.0,0
C015623,122961.92453790458,26.3,0
C015624,4292835.81559528,97.6,1
C015625,345488.4239459816,65.2,0
C015626,129299.45751384177,27.4,0
C015627,400309.7558455461,69.9,0
C015628,0.0,7.0,0
C015629,203985.84015140534,39.5,0
C015630,572023.8449107055,75.6,0
C015631,354565.3300123726,66.3,0
C015632,612323.2530044388,76.9,0
C015633,255359.22735119855,49.9,0
C015634,105434.06565515477,23.6,0
C015635,210714.06748071453,40.9,0
C015636,2414.092197009199,14.2,0
C015637,67194.93708834195,18.2,0
C015638,201914.8687571205,39.1,0
C015639,233551.1088484955,45.4,0
C015640,4428116.50307557,98.4,1
C015641,268713.6283284454,52.8,0
C015642,0.0,7.0,0
C015643,3596762.0205295803,92.7,1
C015644,95643.47936264734,22.1,0
C015645,934290.8151142803,89.3,1
C015646,344166.26472670195,65.1,0
C015647,141293.33454006503,29.2,0
C015648,274479.84698767995,53.9,0
C015649,233369.33340805658,45.3,0
C015650,108131.03095532363,23.9,0
C015651,0.0,7.0,0
C015652,320866.2578079066,62.0,0
C015653,340288.45640101476,64.6,0
C015654,3590658.003272524,92.7,1
C015655,337780.4917818127,64.3,0
C015656,924565.3901886358,89.1,1
C015657,0.0,7.0,0
C015658,329061.7852088815,63.2,0
C015659,57943.39067344958,17.2,0
C015660,292129.36646926065,57.1,0
C015661,156478.93620935892,31.5,0
C015662,202618.13809164593,39.3,0
C015663,200657.71473138803,39.0,0
C015664,821723.9511831594,86.0,1
C015665,0.0,7.0,0
C015666,33832.01069963254,15.4,0
C015667,282466.6284012027,55.4,0
C015668,547971.2133949985,74.9,0
C015669,112750.43989149942,24.7,0
C015670,78726.95327153185,19.7,0
C015671,4042680.311767333,95.7,1
C015672,349943.7598410626,65.7,0
C015673,296878.07429013815,58.0,0
C015674,676894.4205971963,79.6,0
C015675,415638.48164225527,70.7,0
C015676,96979.67119452516,22.3,0
C015677,4414813.283981908,98.3,1
C015678,0.0,7.0,0
C015679,0.0,7.0,0
C015680,302033.82344633236,58.9,0
C015681,196518.60072743506,38.2,0
C015682,4630968.105325179,99.2,1
C015683,0.0,7.0,0
C015684,637144.405321275,77.8,0
C015685,682989.731950538,79.9,0
C015686,110927.94359986685,24.4,0
C015687,137540.63880739076,28.5,0
C015688,383899.0410211429,68.8,0
C015689,122351.17878894933,26.2,0
C015690,4530825.314600349,98.9,1
C015691,876539.5370158391,87.9,1
C015692,237896.35373496343,46.3,0
C015693,152140.51414295722,30.8,0
C015694,251396.96189577223,49.0,0
C015695,0.0,7.0,0
C015696,45160.71293380952,16.2,0
C015697,3641742.602650764,93.0,1
C015698,283994.4406489847,55.7,0
C015699,914894.112866364,88.9,1
C015700,127079.3200388856,27.0,0
C015701,303627.7387087277,59.3,0
C015702,276427.89909285534,54.3,0
C015703,28804.621593918855,15.0,0
C015704,0.0,7.0,0
C015705,865963.3061465941,87.5,1
C015706,391652.9341749177,69.3,0
C015707,209284.9352382342,40.6,0
C015708,274153.59167513513,53.9,0
C015709,3966631.4570202827,95.2,1
C015710,55711.75385144038,17.1,0
C015711,159738.14348352444,32.1,0
C015712,214142.66157894704,41.5,0
C015713,45123.12017776092,16.2,0
C015714,88833.82132519947,21.1,0
C015715,207644.3911823436,40.3,0
C015716,4054279.3545714864,95.8,1
C015717,96175.13400889927,22.2,0
C015718,249233.63408005697,48.6,0
C015719,143328.640793852,29.5,0
C015720,292050.4306251734,57.1,0
C015721,4155895.7193959183,96.5,1
C015722,0.0,7.0,0
C015723,109114.55775305314,24.0,0
C015724,215175.64603048773,41.8,0
C015725,650257.4077222216,78.3,0
C015726,263899.3653807571,51.8,0
C015727,281797.32959711016,55.3,0
C015728,212251.93859808863,41.2,0
C015729,493561.19974476873,73.3,0
C015730,235978.23508552942,45.8,0
C015731,224754.04874478633,43.6,0
C015732,828490.7871067969,86.2,1
C015733,298276.5812402423,58.2,0
C015734,109515.85171242303,24.1,0
C015735,4.026999127912319,14.0,0
C015736,289672.65287906077,56.7,0
C015737,291674.5389090542,57.0,0
C015738,461072.59552104655,72.4,0
C015739,233585.50486986124,45.4,0
C015740,178693.83892226746,35.0,0
C015741,364837.61596457614,67.1,0
C015742,47494.3706309639,16.3,0
C015743,141306.84197995608,29.2,0
C015744,3328072.6884057117,91.6,1
C015745,666085.2987080563,79.0,0
C015746,303903.0395820646,59.3,0
C015747,334512.796736305,64.0,0
C015748,268082.52280952287,52.7,0
C015749,120327.84584597815,25.9,0
C015750,4582533.021625008,99.1,1
C015751,132827.94275711136,27.8,0
C015752,115763.48919627492,25.2,0
C015753,433711.11814481165,71.4,0
C015754,81038.61152708133,20.1,0
C015755,68075.83611711928,18.4,0
C015756,1002458.7309149638,90.3,1
C015757,4025341.649797617,95.6,1
C015758,92697.09248257583,21.7,0
C015759,455017.09473504534,72.3,0
C015760,507701.28315602825,73.8,0
C015761,0.0,7.0,0
C015762,0.0,7.0,0
C015763,126716.22528056685,26.9,0
C015764,303844.4446138367,59.3,0
C015765,605597.7500776044,76.7,0
C015766,4766430.004157674,99.5,1
C015767,0.0,7.0,0
C015768,202417.5910082026,39.2,0
C015769,0.0,7.0,0
C015770,418222.82874568255,70.8,0
C015771,4200693.342316987,96.8,1
C015772,330820.18261947494,63.5,0
C015773,869590.4640098141,87.7,1
C015774,227188.2676408005,44.1,0
C015775,5701.6998848243,14.3,0
C015776,3763273.8335787333,93.9,1
C015777,0.0,7.0,0
C015778,228221.51931956536,44.3,0
C015779,335508.277084754,64.0,0
C015780,3263569.4813583666,91.4,1
C015781,252407.58347958876,49.2,0
C015782,0.0,7.0,0
C015783,788995.3967554073,84.6,1
C015784,124739.23972487997,26.6,0
C015785,4549838.312183902,99.0,1
C015786,104610.88191078967,23.4,0
C015787,151930.7338014695,30.8,0
C015788,218482.96147758013,42.4,0
C015789,0.0,7.0,0
C015790,0.0,7.0,0
C015791,202554.90762163853,39.3,0
C015792,0.0,7.0,0
C015793,946433.452652513,89.5,1
C015794,78553.41826863443,19.7,0
C015795,141598.44878505392,29.2,0
C015796,4522029.071684638,98.8,1
C015797,0.0,7.0,0
C015798,4114993.2945101005,96.3,1
C015799,169870.68915202594,33.6,0
C015800,175344.29403050832,34.4,0
C015801,141956.18653634517,29.3,0
C015802,0.0,7.0,0
C015803,0.0,7.0,0
C015804,0.0,7.0,0
C015805,52220.74443557298,16.7,0
C015806,66415.04667839325,18.2,0
C015807,4441117.454369677,98.5,1
C015808,4118079.5699721253,96.3,1
C015809,879140.3934895212,88.0,1
C015810,0.0,7.0,0
C015811,318429.8963049371,61.7,0
C015812,133572.02571329876,27.9,0
C015813,140698.62522580894,29.0,0
C015814,2961714.875027989,91.0,1
C015815,0.0,7.0,0
C015816,133385.81667238768,27.9,0
C015817,353022.88460025727,66.1,0
C015818,3526254.1216848195,92.4,1
C015819,0.0,7.0,0
C015820,172277.64099024166,34.0,0
C015821,275754.9390237203,54.2,0
C015822,178209.67793802745,34.9,0
C015823,119780.3034602124,25.8,0
C015824,172291.72689960324,34.0,0
C015825,246256.8299325565,47.9,0
C015826,225548.81367459605,43.7,0
C015827,0.0,7.0,0
C015828,136899.9926177652,28.4,0
C015829,829722.5822281588,86.3,1
C015830,0.0,7.0,0
C015831,75965.89047602519,19.4,0
C015832,165237.02961007948,32.9,0
C015833,526501.829118352,74.3,0
C015834,4237850.975069561,97.1,1
C015835,128210.1491321023,27.2,0
C015836,493603.7840864928,73.4,0
C015837,140943.09712916342,29.1,0
C015838,189002.59489546833,36.9,0
C015839,433682.28755034885,71.4,0
C015840,316367.02710240654,61.4,0
C015841,232953.49003696407,45.2,0
C015842,226858.57244007514,44.0,0
C015843,3597014.3781252797,92.7,1
C015844,187080.27494303955,36.5,0
C015845,296958.10575347836,58.0,0
C015846,0.0,7.0,0
C015847,523693.14313982986,74.2,0
C015848,0.0,7.0,0
C015849,252780.40370058868,49.4,0
C015850,282755.0591117224,55.5,0
C015851,541300.386143458,74.7,0
C015852,0.0,7.0,0
C015853,204573.81254847697,39.7,0
C015854,0.0,7.0,0
C015855,166480.8693347443,33.1,0
C015856,74265.37227747146,19.2,0
C015857,3911853.934493696,94.8,1
C015858,41476.8967464157,15.9,0
C015859,398687.9856444148,69.7,0
C015860,270273.5515171047,53.1,0
C015861,267160.86817236966,52.5,0
C015862,133461.01221092758,27.9,0
C015863,215562.16750254724,41.9,0
C015864,391916.5619216136,69.3,0
C015865,4058776.938431105,95.9,1
C015866,268245.0819124798,52.7,0
C015867,3901728.4872895787,94.7,1
C015868,0.0,7.0,0
C015869,99424.80425095056,22.6,0
C015870,538938.462737844,74.6,0
C015871,236187.80941163536,45.9,0
C015872,4239616.53854129,97.2,1
C015873,0.0,7.0,0
C015874,152264.44484163268,30.9,0
C015875,0.0,7.0,0
C015876,171632.92776073882,33.9,0
C015877,297856.0922705269,58.2,0
C015878,322468.91760097526,62.2,0
C015879,0.0,7.0,0
C015880,3726136.553283924,93.6,1
C015881,135585.38252413945,28.2,0
C015882,293536.924569993,57.4,0
C015883,78458.32383982858,19.7,0
C015884,281537.35150335485,55.3,0
C015885,310797.1137933746,60.5,0
C015886,454380.2525368777,72.2,0
C015887,4442524.721459773,98.5,1
C015888,194790.97446671056,37.9,0
C015889,89789.3503477248,21.2,0
C015890,137636.75701999568,28.5,0
C015891,251380.48586535465,49.0,0
C015892,157164.35377672716,31.6,0
C015893,195320.36180475913,38.0,0
C015894,110929.46623479173,24.4,0
C015895,0.0,7.0,0
C015896,713435.0109550082,81.4,1
C015897,818435.374696988,85.8,1
C015898,3685235.636012599,93.3,1
C015899,116693.55288116037,25.3,0
C015900,698621.1290768224,80.7,1
C015901,313838.38197174267,61.0,0
C015902,0.0,7.0,0
C015903,190975.3222556336,37.2,0
C015904,90350.71558095973,21.3,0
C015905,4556672.771978918,99.0,1
C015906,443539.4309449045,71.8,0
C015907,688400.8031955666,80.1,1
C015908,214756.35275799542,41.7,0
C015909,304471.2612869303,59.4,0
C015910,147166.98427144007,30.2,0
C015911,318097.8393965665,61.6,0
C015912,115603.902762186,25.2,0
C015913,279560.3080038067,54.9,0
C015914,310197.3416050633,60.4,0
C015915,4373444.190058656,98.1,1
C015916,93210.28585491142,21.8,0
C015917,617728.5855023456,77.2,0
C015918,149172.83320137148,30.4,0
C015919,183796.81668702952,35.9,0
C015920,3679041.1400494124,93.2,1
C015921,65161.350401196876,18.1,0
C015922,3707048.804695034,93.4,1
C015923,208985.8583512201,40.6,0
C015924,298153.72473891085,58.2,0
C015925,189125.96868766955,36.9,0
C015926,66322.92533124969,18.2,0
C015927,157412.39114507783,31.7,0
C015928,170372.22816209163,33.7,0
C015929,595307.0298918034,76.3,0
C015930,220255.8010845049,42.8,0
C015931,353839.0683419577,66.2,0
C015932,4841253.071541052,99.7,1
C015933,372315.16874815983,67.8,0
C015934,37205.399217932616,15.6,0
C015935,4722400.898317211,99.4,1
C015936,42942.51063780195,16.0,0
C015937,423169.41792863776,71.0,0
C015938,104550.92441393856,23.4,0
C015939,731376.0356472455,82.1,1
C015940,0.0,7.0,0
C015941,0.0,7.0,0
C015942,724460.1690809779,81.8,1
C015943,0.0,7.0,0
C015944,470653.6386016295,72.7,0
C015945,896612.9652873662,88.5,1
C015946,4165123.8867240255,96.6,1
C015947,598134.9934418519,76.3,0
C015948,708411.8560748502,81.2,1
C015949,42675.85120893268,16.0,0
C015950,189549.45100579032,37.0,0
C015951,806278.7023336666,85.3,1
C015952,346830.7670496981,65.4,0
C015953,840378.3119863524,86.7,1
C015954,101077.2157841774,22.9,0
C015955,209452.45825783614,40.7,0
C015956,78767.51339580762,19.7,0
C015957,359420.0959223792,66.7,0
C015958,614421.8990981487,77.0,0
C015959,359571.0304602545,66.7,0
C015960,102266.30340495301,23.0,0
C015961,245453.34703872426,47.7,0
C015962,33894.89227044815,15.4,0
C015963,100290.69454696831,22.8,0
C015964,301604.20718963613,58.8,0
C015965,0.0,7.0,0
C015966,351877.8030755698,65.9,0
C015967,818413.3558647503,85.8,1
C015968,4040028.7740951474,95.7,1
C015969,233009.65013041973,45.2,0
C015970,840967.4200930983,86.8,1
C015971,394536.619341801,69.5,0
C015972,0.0,7.0,0
C015973,201063.50157266055,39.0,0
C015974,413335.2731564169,70.6,0
C015975,331839.27943228435,63.6,0
C015976,130506.7744381995,27.5,0
C015977,36269.12883524453,15.5,0
C015978,3666825.9074667892,93.2,1
C015979,186629.6861530363,36.4,0
C015980,4033513.0415240466,95.7,1
C015981,655621.9735604502,78.6,0
C015982,0.0,7.0,0
C015983,4337674.227097278,97.9,1
C015984,717029.1346940964,81.6,1
C015985,659580.8804195548,78.7,0
C015986,0.0,7.0,0
C015987,178070.62223405082,34.9,0
C015988,4231246.841038207,97.1,1
C015989,229869.14839039312,44.6,0
C015990,767942.3308016052,83.8,1
C015991,194823.7494242052,37.9,0
C015992,750871.0184281527,83.0,1
C015993,0.0,7.0,0
C015994,197283.354372792,38.4,0
C015995,367749.09719195205,67.4,0
C015996,257356.15057159297,50.3,0
C015997,205623.2145311743,39.9,0
C015998,2248.0751744477566,14.2,0
C015999,295846.5563167273,57.8,0
C016000,367530.7249139622,67.4,0
C016001,224922.5085205897,43.6,0
C016002,36285.28684597885,15.5,0
C016003,3639929.114358483,93.0,1
C016004,972989.3430298244,90.0,1
C016005,249998.47126511062,48.7,0
C016006,117726.37809185378,25.5,0
C016007,780368.1617121617,84.2,1
C016008,198976.69625244968,38.7,0
C016009,107541.94357842434,23.8,0
C016010,194360.60876194356,37.8,0
C016011,121968.5995423204,26.1,0
C016012,65772.29002873719,18.1,0
C016013,843965.1597172711,86.9,1
C016014,412136.3546027106,70.5,0
C016015,650119.3315179866,78.3,0
C016016,3952359.6422280483,95.1,1
C016017,324794.0484442443,62.6,0
C016018,145730.20768104566,29.9,0
C016019,136073.96098554126,28.3,0
C016020,356986.9261817299,66.5,0
C016021,79924.73581332232,19.9,0
C016022,245579.11573640068,47.8,0
C016023,395039.6873889431,69.5,0
C016024,70542.03719850311,18.7,0
C016025,145206.58183594747,29.8,0
C016026,97907.94989623954,22.4,0
C016027,228503.3257472873,44.4,0
C016028,332380.55199803127,63.7,0
C016029,190564.02754642957,37.2,0
C016030,0.0,7.0,0
C016031,0.0,7.0,0
C016032,677155.9400783408,79.6,0
C016033,155646.3066739694,31.4,0
C016034,671945.8755827678,79.3,0
C016035,135767.80040268015,28.2,0
C016036,882905.4940871139,88.1,1
C016037,123891.20300573393,26.4,0
C016038,412924.2089772454,70.5,0
C016039,3770831.203364734,93.9,1
C016040,263475.0554783527,51.7,0
C016041,271319.9447481006,53.3,0
C016042,815118.5356454022,85.7,1
C016043,828221.1284931551,86.2,1
C016044,0.0,7.0,0
C016045,139106.88431770104,28.7,0
C016046,226635.92397011974,44.0,0
C016047,270989.60038402455,53.3,0
C016048,106488.4929384054,23.7,0
C016049,0.0,7.0,0
C016050,71106.63899958716,18.8,0
C016051,0.0,7.0,0
C016052,0.0,7.0,0
C016053,0.0,7.0,0
C016054,234271.1683307694,45.5,0
C016055,180169.0968086316,35.3,0
C016056,243076.92989535513,47.3,0
C016057,97320.89288478842,22.3,0
C016058,0.0,7.0,0
C016059,199935.49700020422,38.9,0
C016060,116343.7059249476,25.3,0
C016061,83304.11665716622,20.4,0
C016062,177164.46112106516,34.7,0
C016063,223327.65901260905,43.3,0
C016064,185441.86024528343,36.1,0
C016065,387324.65025197447,69.0,0
C016066,753471.2295185113,83.1,1
C016067,36634.12915586366,15.5,0
C016068,873202.248644835,87.8,1
C016069,3021737.121550889,91.1,1
C016070,2381228.682295374,90.8,1
C016071,260181.26785429096,50.9,0
C016072,137651.27870485096,28.5,0
C016073,157678.0632326198,31.7,0
C016074,188690.28348227494,36.8,0
C016075,261216.35451207426,51.2,0
C016076,2753949.4209853737,90.8,1
C016077,146375.06502566166,30.0,0
C016078,677237.5939291045,79.6,0
C016079,3549266.894993074,92.5,1
C016080,398220.8665650486,69.7,0
C016081,0.0,7.0,0
C016082,161186.5936597659,32.3,0
C016083,66729.03459403403,18.2,0
C016084,32970.88196167509,15.3,0
C016085,314097.54869737936,61.0,0
C016086,234141.189413777,45.5,0
C016087,3959145.8997130957,95.1,1
C016088,271375.37507430156,53.4,0
C016089,738948.6983144006,82.4,1
C016090,688206.3853326795,80.1,1
C016091,188321.91058652854,36.7,0
C016092,678451.7783557406,79.7,0
C016093,3648669.748211856,93.0,1
C016094,142626.5947888345,29.4,0
C016095,93889.0484978464,21.8,0
C016096,220182.33698953222,42.7,0
C016097,1280443.5743501072,90.7,1
C016098,174232.78634701978,34.3,0
C016099,0.0,7.0,0
C016100,228049.93752033773,44.2,0
C016101,358302.2865288019,66.6,0
C016102,128760.3364667671,27.2,0
C016103,191642.44756928616,37.4,0
C016104,299964.05538034864,58.5,0
C016105,820354.6019041503,85.9,1
C016106,838180.3591391749,86.6,1
C016107,226202.2591326273,43.9,0
C016108,0.0,7.0,0
C016109,261937.09031715398,51.3,0
C016110,101211.02604668456,22.9,0
C016111,196055.67449921457,38.1,0
C016112,0.0,7.0,0
C016113,0.0,7.0,0
C016114,3578988.8961084047,92.6,1
C016115,323095.62716202246,62.3,0
C016116,489226.4339602179,73.3,0
C016117,205253.02359057046,39.8,0
C016118,423972.3381785439,71.1,0
C016119,0.0,7.0,0
C016120,562944.7932969398,75.3,0
C016121,401707.29898723017,69.9,0
C016122,3879617.2841247865,94.6,1
C016123,928097.7792611126,89.2,1
C016124,0.0,7.0,0
C016125,112130.25293103865,24.6,0
C016126,241287.11510654562,46.9,0
C016127,142042.21460346368,29.3,0
C016128,166839.17221135242,33.1,0
C016129,163164.0714177141,32.6,0
C016130,4192314.1081711715,96.7,1
C016131,289381.04648364166,56.6,0
C016132,279767.63305537513,54.9,0
C016133,804905.0859092539,85.3,1
C016134,348410.7083971925,65.6,0
C016135,81798.91205521068,20.2,0
C016136,0.0,7.0,0
C016137,872302.4487385012,87.8,1
C016138,696814.5357489054,80.6,1
C016139,361654.2793247776,66.9,0
C016140,0.0,7.0,0
C016141,154374.84326016868,31.2,0
C016142,845353.5027049095,86.9,1
C016143,200655.21224706323,39.0,0
C016144,145269.38584211553,29.8,0
C016145,892262.3880555871,88.3,1
C016146,110038.48486722376,24.2,0
C016147,186038.96752974423,36.2,0
C016148,599390.839438167,76.4,0
C016149,349238.51923562377,65.6,0
C016150,733270.5624796075,82.2,1
C016151,869549.9966065418,87.6,1
C016152,302089.1246167617,58.9,0
C016153,164997.22479816532,32.8,0
C016154,0.0,7.0,0
C016155,0.0,7.0,0
C016156,203411.77444593902,39.4,0
C016157,129514.01667993763,27.4,0
C016158,141030.32451491844,29.1,0
C016159,0.0,7.0,0
C016160,614482.0298493094,77.0,0
C016161,588177.233316378,76.0,0
C016162,311666.79766164545,60.6,0
C016163,729056.4066046833,82.0,1
C016164,2917273.8078113957,90.9,1
C016165,3907113.79672421,94.7,1
C016166,328804.1782744004,63.2,0
C016167,0.0,7.0,0
C016168,994477.3859711807,90.2,1
C016169,457719.9286272451,72.4,0
C016170,0.0,7.0,0
C016171,4258841.831145793,97.3,1
C016172,0.0,7.0,0
C016173,4283590.40730351,97.5,1
C016174,46913.15343418809,16.3,0
C016175,0.0,7.0,0
C016176,135368.07547937043,28.2,0
C016177,266655.1472087991,52.4,0
C016178,862086.7498701568,87.4,1
C016179,0.0,7.0,0
C016180,86259.86172385438,20.7,0
C016181,64548.63591435872,18.0,0
C016182,395173.9191741958,69.6,0
C016183,4455153.259806383,98.6,1
C016184,4504226.67379776,98.8,1
C016185,29947.79974521722,15.1,0
C016186,163997.76811919804,32.6,0
C016187,0.0,7.0,0
C016188,200695.92276731273,39.0,0
C016189,715526.6306767601,81.5,1
C016190,665471.9529562639,79.0,0
C016191,3800124.5034770956,94.1,1
C016192,357352.07617583324,66.5,0
C016193,0.0,7.0,0
C016194,33254.88797073491,15.4,0
C016195,252866.043106603,49.4,0
C016196,340428.1833121389,64.6,0
C016197,613846.5721512147,77.0,0
C016198,363354.70285904675,67.0,0
C016199,715570.7923196303,81.5,1
C016200,800020.7144551702,85.1,1
C016201,357359.99124749383,66.5,0
C016202,258675.96512927936,50.6,0
C016203,109959.2781442035,24.2,0
C016204,426465.3679512205,71.2,0
C016205,35594.9790663987,15.4,0
C016206,82968.73388599456,20.3,0
C016207,241749.1427185011,47.0,0
C016208,205032.7044299235,39.8,0
C016209,4238516.655286968,97.2,1
C016210,102453.7270742787,23.1,0
C016211,368170.4651416875,67.4,0
C016212,868312.3553004486,87.6,1
C016213,4793387.613936663,99.6,1
C016214,100188.26440151289,22.7,0
C016215,256795.65449019638,50.1,0
C016216,186065.10018526737,36.2,0
C016217,151978.13741128083,30.8,0
C016218,305552.6984209567,59.6,0
C016219,0.0,7.0,0
C016220,788296.4262936931,84.6,1
C016221,171849.38469861672,33.9,0
C016222,351733.46851587895,65.9,0
C016223,0.0,7.0,0
C016224,212436.83328891182,41.3,0
C016225,284522.40539988695,55.8,0
C016226,2.999166619581502,14.0,0
C016227,99899.10643303201,22.7,0
C016228,808830.1410736036,85.4,1
C016229,0.0,7.0,0
C016230,649250.1359848826,78.3,0
C016231,242501.75743282543,47.2,0
C016232,623236.2261055422,77.4,0
C016233,252753.08066651973,49.3,0
C016234,311237.5933803324,60.6,0
C016235,3607053.5321105677,92.8,1
C016236,103645.35828093212,23.3,0
C016237,285293.2051449962,55.9,0
C016238,766348.6009298591,83.7,1
C016239,262032.05398814898,51.4,0
C016240,161416.71273086092,32.3,0
C016241,331047.5164570018,63.5,0
C016242,0.0,7.0,0
C016243,3742226.3841159395,93.7,1
C016244,833455.8555750217,86.4,1
C016245,282742.54362144624,55.5,0
C016246,204172.35267576517,39.6,0
C016247,4233420.620137773,97.1,1
C016248,280130.82288305304,55.0,0
C016249,0.0,7.0,0
C016250,859444.2148867794,87.4,1
C016251,0.0,7.0,0
C016252,217460.90420750092,42.2,0
C016253,2996104.267044174,91.0,1
C016254,698801.2337294284,80.7,1
C016255,993928.3744968838,90.2,1
C016256,419589.8429963679,70.9,0
C016257,4430793.681154184,98.4,1
C016258,0.0,7.0,0
C016259,82257.13038960024,20.3,0
C016260,4575497.415886816,99.1,1
C016261,0.0,7.0,0
C016262,254475.2594019112,49.7,0
C016263,3766074.495936862,93.9,1
C016264,182790.6203206719,35.7,0
C016265,651696.064824303,78.4,0
C016266,252049.80237205944,49.2,0
C016267,616153.4128515521,77.1,0
C016268,169969.10835924544,33.6,0
C016269,104934.70662768069,23.5,0
C016270,307671.5283488954,59.9,0
C016271,416383.1034723727,70.7,0
C016272,3074699.330976213,91.1,1
C016273,386861.7355913615,69.0,0
C016274,837441.9723005604,86.6,1
C016275,729985.6623525915,82.0,1
C016276,574192.911905549,75.6,0
C016277,196126.76747851135,38.1,0
C016278,237321.60498885543,46.2,0
C016279,4349520.1670542,98.0,1
C016280,287587.9251984834,56.3,0
C016281,0.0,7.0,0
C016282,232739.75942604773,45.1,0
C016283,126455.63411522942,26.9,0
C016284,71428.87956999648,18.8,0
C016285,560111.5240403197,75.2,0
C016286,227414.57732771809,44.2,0
C016287,282901.0856647673,55.5,0
C016288,4093232.803694058,96.1,1
C016289,267636.97775691363,52.6,0
C016290,168022.02235742993,33.4,0
C016291,714111.5350514886,81.4,1
C016292,767294.8655844436,83.7,1
C016293,90878.00683070031,21.4,0
C016294,208697.0180730664,40.5,0
C016295,0.0,7.0,0
C016296,485783.3907936367,73.2,0
C016297,0.0,7.0,0
C016298,508006.6811891074,73.8,0
C016299,239012.9809557295,46.5,0
C016300,661381.3342309274,78.8,0
C016301,165245.69413498425,32.9,0
C016302,290625.454091625,56.8,0
C016303,231135.29672533233,44.8,0
C016304,239892.10837125833,46.7,0
C016305,0.0,7.0,0
C016306,300231.0934983657,58.6,0
C016307,135385.80503843326,28.2,0
C016308,260496.85436860862,51.0,0
C016309,3.044400131835069,14.0,0
C016310,0.0,7.0,0
C016311,124730.8420017279,26.6,0
C016312,138766.58129254586,28.7,0
C016313,0.0,7.0,0
C016314,112300.9216453549,24.6,0
C016315,80382.76683393127,20.0,0
C016316,0.0,7.0,0
C016317,322359.07011062786,62.2,0
C016318,211692.98382576054,41.1,0
C016319,61356.39248349012,17.6,0
C016320,103131.6523299317,23.2,0
C016321,352000.3896536014,65.9,0
C016322,789541.8644525376,84.6,1
C016323,166614.7116230221,33.1,0
C016324,793570.7825341827,84.8,1
C016325,204478.81826471922,39.7,0
C016326,185152.87944621587,36.1,0
C016327,217702.47316381225,42.3,0
C016328,751196.2980971023,83.0,1
C016329,4372461.136892915,98.1,1
C016330,656902.5643395851,78.6,0
C016331,329049.0963967942,63.2,0
C016332,424101.0278093416,71.1,0
C016333,0.0,7.0,0
C016334,64869.59995517567,18.0,0
C016335,245622.89393501496,47.8,0
C016336,625545.3118095801,77.5,0
C016337,199291.53639391778,38.8,0
C016338,277190.0585852161,54.5,0
C016339,723187.6412396409,81.8,1
C016340,282174.64209324546,55.4,0
C016341,265264.2018327987,52.1,0
C016342,328057.6207752718,63.1,0
C016343,4316450.406777667,97.8,1
C016344,322538.3158183707,62.2,0
C016345,43552.628687477714,16.0,0
C016346,80491.32500285949,20.0,0
C016347,0.0,7.0,0
C016348,292232.96305070707,57.2,0
C016349,131427.98644086564,27.6,0
C016350,4263362.759973263,97.3,1
C016351,0.0,7.0,0
C016352,813174.7314705586,85.6,1
C016353,69814.2106904618,18.6,0
C016354,0.0,7.0,0
C016355,276672.0976833346,54.4,0
C016356,42196.558335869064,15.9,0
C016357,36305.43431800768,15.5,0
C016358,0.0,7.0,0
C016359,148492.64752930176,30.3,0
C016360,668214.7906109106,79.2,0
C016361,184488.4829542122,36.0,0
C016362,113857.35427571091,24.9,0
C016363,136932.81683606547,28.4,0
C016364,208389.95266357265,40.5,0
C016365,3421740.728852357,91.9,1
C016366,162368.40147560666,32.4,0
C016367,270077.9877916698,53.1,0
C016368,155334.26762371586,31.4,0
C016369,844193.9271314467,86.9,1
C016370,156548.92780437198,31.6,0
C016371,227019.68567340978,44.1,0
C016372,200329.53522453277,38.9,0
C016373,600699.975430159,76.5,0
C016374,158946.3152010848,31.9,0
C016375,0.0,7.0,0
C016376,760989.638623843,83.4,1
C016377,318058.1234699097,61.6,0
C016378,4634112.059208604,99.2,1
C016379,195569.2944621539,38.0,0
C016380,345071.9394709295,65.2,0
C016381,252021.38427743435,49.1,0
C016382,294946.5465343301,57.6,0
C016383,3835815.799030903,94.3,1
C016384,240918.81274848146,46.9,0
C016385,300697.940414457,58.7,0
C016386,0.0,7.0,0
C016387,203729.56071586825,39.5,0
C016388,280089.2494288365,55.0,0
C016389,185856.40013063204,36.2,0
C016390,0.0,7.0,0
C016391,430784.6245098084,71.3,0
C016392,113988.80421736387,25.0,0
C016393,222374.14695435125,43.1,0
C016394,3455279.3295795955,92.0,1
C016395,788095.3404020111,84.6,1
C016396,271409.0289271368,53.4,0
C016397,0.0,7.0,0
C016398,341339.45640881243,64.7,0
C016399,298540.44132277725,58.3,0
C016400,326678.6117496431,62.9,0
C016401,867747.2579414526,87.6,1
C016402,0.0,7.0,0
C016403,198773.9617488462,38.7,0
C016404,314054.9823712047,61.0,0
C016405,441591.62481558125,71.7,0
C016406,0.0,7.0,0
C016407,0.0,7.0,0
C016408,0.0,7.0,0
C016409,179087.4674010278,35.1,0
C016410,763658.4562151779,83.5,1
C016411,85050.32298312988,20.6,0
C016412,209028.69151898057,40.6,0
C016413,231840.98633763066,45.0,0
C016414,216927.0389931466,42.1,0
C016415,163291.82221114082,32.6,0
C016416,0.0,7.0,0
C016417,227073.53811346373,44.1,0
C016418,287130.499297251,56.3,0
C016419,784253.6128566632,84.4,1
C016420,236750.00150655545,46.0,0
C016421,112778.16247346415,24.8,0
C016422,420517.3053492218,70.9,0
C016423,188317.7123885139,36.7,0
C016424,0.0,7.0,0
C016425,804688.8107284484,85.2,1
C016426,158696.97919422077,31.9,0
C016427,814152.8205926963,85.6,1
C016428,652530.3685760831,78.4,0
C016429,4421778.634453468,98.4,1
C016430,113249.88920341061,24.8,0
C016431,759941.8293508752,83.4,1
C016432,81399.0659224724,20.1,0
C016433,231393.19840610097,44.8,0
C016434,534769.725249739,74.5,0
C016435,0.0,7.0,0
C016436,253815.4137926744,49.6,0
C016437,342073.67130757484,64.8,0
C016438,330529.44800291525,63.4,0
C016439,191107.92561329211,37.3,0
C016440,363284.1380425437,67.0,0
C016441,343797.82357358455,65.0,0
C016442,892969.1131745534,88.4,1
C016443,0.0,7.0,0
C016444,674169.8381549428,79.4,0
C016445,341336.8544881115,64.7,0
C016446,228155.27091717953,44.3,0
C016447,558533.9328903969,75.2,0
C016448,283398.07902590185,55.6,0
C016449,667687.5504559235,79.2,0
C016450,186262.72233853413,36.3,0
C016451,42473.89563486776,15.9,0
C016452,675794.3598101404,79.5,0
C016453,123241.0184260456,26.3,0
C016454,4465871.327428674,98.6,1
C016455,38253.34168295332,15.7,0
C016456,0.0,7.0,0
C016457,166125.26274343504,33.1,0
C016458,321054.2022125597,62.0,0
C016459,208346.8685813769,40.4,0
C016460,724348.8659758851,81.8,1
C016461,269437.9306440773,53.0,0
C016462,602750.0390728628,76.6,0
C016463,3843643.9825833794,94.3,1
C016464,0.0,7.0,0
C016465,0.0,7.0,0
C016466,181968.2269392539,35.6,0
C016467,188166.31160972788,36.7,0
C016468,315124.9725276767,61.2,0
C016469,750748.3057292,83.0,1
C016470,193298.31346351013,37.6,0
C016471,111747.48690077945,24.5,0
C016472,660987.7832935393,78.8,0
C016473,372831.78045269655,67.8,0
C016474,146203.90328064898,30.0,0
C016475,47906.053878317434,16.4,0
C016476,0.0,7.0,0
C016477,275545.6974522492,54.2,0
C016478,109330.5063793541,24.1,0
C016479,115921.7742480036,25.2,0
C016480,142905.3252153032,29.5,0
C016481,0.0,7.0,0
C016482,329818.171769241,63.3,0
C016483,686856.0295499318,80.1,1
C016484,298152.9318021998,58.2,0
C016485,130097.58330814107,27.5,0
C016486,206922.955019871,40.2,0
C016487,231775.95381468727,44.9,0
C016488,0.0,7.0,0
C016489,0.0,7.0,0
C016490,0.0,7.0,0
C016491,3943122.1249715076,95.0,1
C016492,283627.08398801606,55.6,0
C016493,376563.7791807884,68.1,0
C016494,690530.5780376175,80.3,1
C016495,735129.9428015994,82.2,1
C016496,0.0,7.0,0
C016497,90621.94348960016,21.4,0
C016498,202570.55353547493,39.3,0
C016499,514333.8295007325,74.0,0
C016500,0.0,7.0,0
C016501,875122.5846044403,87.9,1
C016502,716398.5616421088,81.5,1
C016503,0.0,7.0,0
C016504,188189.58765992208,36.7,0
C016505,89396.13847246834,21.2,0
C016506,812215.2929190226,85.5,1
C016507,962735.0063066429,89.8,1
C016508,323248.6505156811,62.4,0
C016509,409490.90907600976,70.3,0
C016510,799067.6981922151,85.0,1
C016511,756467.7279213676,83.2,1
C016512,209594.81023175418,40.7,0
C016513,0.0,7.0,0
C016514,40078.39650715338,15.8,0
C016515,357145.5678698001,66.5,0
C016516,0.0,7.0,0
C016517,138279.1807106833,28.6,0
C016518,289050.1528340661,56.6,0
C016519,360402.9609747606,66.7,0
C016520,312332.85103261063,60.7,0
C016521,547566.944367861,74.9,0
C016522,0.0,7.0,0
C016523,4357410.521637637,98.0,1
C016524,197874.3611199661,38.4,0
C016525,0.0,7.0,0
C016526,612508.2578386683,76.9,0
C016527,3615971.360836083,92.8,1
C016528,3693796.5063832854,93.3,1
C016529,3615117.5839366047,92.8,1
C016530,250488.99739331263,48.8,0
C016531,686201.486368985,80.0,1
C016532,0.0,7.0,0
C016533,193420.41445739978,37.6,0
C016534,575231.5108855686,75.6,0
C016535,738963.7681569308,82.4,1
C016536,187547.70742408533,36.6,0
C016537,0.0,7.0,0
C016538,242533.59406395795,47.2,0
C016539,409654.2602889336,70.3,0
C016540,184579.33007557713,36.0,0
C016541,107742.25194866478,23.9,0
C016542,0.0,7.0,0
C016543,151256.30762615395,30.7,0
C016544,0.0,7.0,0
C016545,30026.912505095435,15.1,0
C016546,21536.212780249967,14.7,0
C016547,267266.2079569647,52.5,0
C016548,867080.5804435943,87.6,1
C016549,199277.55267947284,38.8,0
C016550,535198.2859769955,74.5,0
C016551,0.0,7.0,0
C016552,147640.8215568806,30.2,0
C016553,0.0,7.0,0
C016554,87489.1957683754,20.9,0
C016555,4346083.3435117835,98.0,1
C016556,257675.92655872603,50.4,0
C016557,350629.8038348382,65.8,0
C016558,957829.0579252152,89.8,1
C016559,3874976.5606934065,94.5,1
C016560,70917.43578121984,18.8,0
C016561,233182.737343685,45.3,0
C016562,3466801.405675799,92.1,1
C016563,114963.61809466539,25.1,0
C016564,0.0,7.0,0
C016565,265393.23892258265,52.1,0
C016566,705746.2310007531,81.0,1
C016567,300085.951853167,58.5,0
C016568,426214.5851049143,71.2,0
C016569,4646787.671646736,99.2,1
C016570,0.0,7.0,0
C016571,0.0,7.0,0
C016572,0.0,7.0,0
C016573,884858.2217911549,88.2,1
C016574,205971.61321698627,40.0,0
C016575,135363.58743793928,28.2,0
C016576,4233722.1915371865,97.1,1
C016577,3556990.3603288736,92.5,1
C016578,212871.34644883973,41.3,0
C016579,3372837.9128465,91.7,1
C016580,107556.03786047568,23.8,0
C016581,0.0,7.0,0
C016582,4007780.1485938537,95.5,1
C016583,0.0,7.0,0
C016584,0.0,7.0,0
C016585,4232405.975217917,97.1,1
C016586,0.0,7.0,0
C016587,170580.8025390274,33.7,0
C016588,78852.33845738393,19.8,0
C016589,227019.1320493329,44.0,0
C016590,260892.82961096673,51.1,0
C016591,114169.43161966465,25.0,0
C016592,812716.3987398427,85.6,1
C016593,745439.938365982,82.7,1
C016594,190870.25606559264,37.2,0
C016595,322283.4368091624,62.2,0
C016596,208950.079324848,40.6,0
C016597,596726.710975065,76.3,0
C016598,0.0,7.0,0
C016599,145815.78528184525,29.9,0
C016600,146793.98828377106,30.1,0
C016601,643053.3416849299,78.1,0
C016602,840259.3996330241,86.7,1
C016603,706909.4013096782,81.1,1
C016604,405697.54581911425,70.1,0
C016605,702540.8221550562,80.8,1
C016606,0.0,7.0,0
C016607,233101.3247489866,45.2,0
C016608,4321812.646943749,97.8,1
C016609,148771.539798785,30.3,0
C016610,262354.66280377534,51.4,0
C016611,48540.879883820955,16.5,0
C016612,925453.4554334467,89.2,1
C016613,204934.98397739595,39.8,0
C016614,234487.9791532181,45.5,0
C016615,39593.79549701903,15.7,0
C016616,227012.3600606586,44.0,0
C016617,0.0,7.0,0
C016618,256630.12131035957,50.1,0
C016619,0.0,7.0,0
C016620,240156.88369005875,46.7,0
C016621,197494.87482581625,38.4,0
C016622,123651.77427847535,26.4,0
C016623,219596.71767369003,42.6,0
C016624,4485338.103285056,98.7,1
C016625,375399.5739364314,68.0,0
C016626,404699.50348388683,70.1,0
C016627,211422.96908452114,41.1,0
C016628,760248.78286611,83.4,1
C016629,4513118.345286155,98.8,1
C016630,4236319.267432581,97.1,1
C016631,615571.2041529537,77.1,0
C016632,3322118.852770814,91.6,1
C016633,670603.6005164051,79.3,0
C016634,158311.5898261174,31.8,0
C016635,115577.19978876611,25.2,0
C016636,17745.474295813277,14.6,0
C016637,119022.4989950766,25.7,0
C016638,552020.9027404534,75.0,0
C016639,233132.39062177425,45.2,0
C016640,205967.58476849966,40.0,0
C016641,329628.95406026725,63.3,0
C016642,191917.24858814297,37.4,0
C016643,245234.85447368785,47.7,0
C016644,145614.52151993895,29.9,0
C016645,175474.54317603406,34.5,0
C016646,105806.03583461753,23.6,0
C016647,535837.886648027,74.5,0
C016648,0.0,7.0,0
C016649,290864.32384728437,56.9,0
C016650,544927.1005779633,74.8,0
C016651,0.0,7.0,0
C016652,0.0,7.0,0
C016653,62602.864268819976,17.8,0
C016654,3724607.4573606034,93.6,1
C016655,69600.07539089405,18.6,0
C016656,0.0,7.0,0
C016657,661936.2121980266,78.8,0
C016658,403655.1084321577,70.1,0
C016659,43139.76130833077,16.0,0
C016660,3684815.7632051976,93.3,1
C016661,191233.97643974386,37.3,0
C016662,760561.1395407261,83.4,1
C016663,300213.9535239727,58.6,0
C016664,202166.8472096174,39.2,0
C016665,177691.73700217804,34.8,0
C016666,0.0,7.0,0
C016667,0.0,7.0,0
C016668,275446.9173408962,54.1,0
C016669,253360.95217535892,49.5,0
C016670,372649.45146326144,67.8,0
C016671,0.0,7.0,0
C016672,643333.560802076,78.1,0
C016673,212223.21937380987,41.2,0
C016674,267818.6630368804,52.6,0
C016675,150786.97114221542,30.6,0
C016676,24304.332761217756,14.9,0
C016677,193432.2810586517,37.6,0
C016678,271698.11149656784,53.4,0
C016679,308701.09442790935,60.1,0
C016680,532121.9933211266,74.4,0
C016681,0.0,7.0,0
C016682,184305.98726705703,35.9,0
C016683,206315.57752476004,40.1,0
C016684,211843.50842242764,41.2,0
C016685,14981.613252979792,14.5,0
C016686,147943.72345623586,30.2,0
C016687,100721.18557233475,22.8,0
C016688,129462.06092493414,27.4,0
C016689,0.0,7.0,0
C016690,803627.5164387967,85.2,1
C016691,79274.1777803733,19.8,0
C016692,202283.11309230034,39.2,0
C016693,448479.2207396283,72.0,0
C016694,72339.72427631878,18.9,0
C016695,241864.91996886628,47.1,0
C016696,856453.8173400537,87.3,1
C016697,777939.7046393803,84.2,1
C016698,0.0,7.0,0
C016699,147514.22977876067,30.2,0
C016700,187172.74096266303,36.5,0
C016701,4485275.527615954,98.7,1
C016702,675158.4124051805,79.5,0
C016703,310358.82094026153,60.4,0
C016704,182048.22353017898,35.6,0
C016705,270390.09940658655,53.1,0
C016706,251005.98392113805,48.9,0
C016707,228051.791754232,44.2,0
C016708,36269.40547392692,15.5,0
C016709,379207.02089674206,68.4,0
C016710,755261.8085502756,83.2,1
C016711,0.0,7.0,0
C016712,114290.29239545214,25.0,0
C016713,348276.1161471555,65.6,0
C016714,884196.3523428056,88.2,1
C016715,665042.191334771,79.0,0
C016716,252140.4481570872,49.2,0
C016717,747207.1617740116,82.8,1
C016718,226817.4457026252,44.0,0
C016719,93446.98116049914,21.8,0
C016720,0.0,7.0,0
C016721,0.0,7.0,0
C016722,0.0,7.0,0
C016723,667929.535255199,79.2,0
C016724,135089.50894352558,28.1,0
C016725,200417.57000617217,38.9,0
C016726,48715.916310985034,16.5,0
C016727,264058.86402792507,51.8,0
C016728,0.0,7.0,0
C016729,0.0,7.0,0
C016730,841772.8539856004,86.8,1
C016731,401918.22403343464,70.0,0
C016732,117235.97557821685,25.4,0
C016733,148382.09581342884,30.3,0
C016734,90880.29098943011,21.4,0
C016735,365693.1849866824,67.2,0
C016736,0.0,7.0,0
C016737,187314.32047047955,36.5,0
C016738,54216.62690638451,16.9,0
C016739,0.0,7.0,0
C016740,115976.26562761952,25.3,0
C016741,304582.96634763654,59.4,0
C016742,331429.88488529157,63.6,0
C016743,303997.7710444306,59.3,0
C016744,4091183.2160091875,96.1,1
C016745,277682.2305109905,54.5,0
C016746,0.0,7.0,0
C016747,168687.43322785618,33.5,0
C016748,242045.97226769588,47.1,0
C016749,388531.9665228327,69.1,0
C016750,703872.992500508,80.9,1
C016751,130299.51764234342,27.5,0
C016752,213434.212760941,41.4,0
C016753,188647.6637298253,36.8,0
C016754,180272.39349459967,35.3,0
C016755,192991.9442382399,37.6,0
C016756,127810.79831757864,27.1,0
C016757,206001.05824741247,40.0,0
C016758,333502.8196878975,63.9,0
C016759,0.0,7.0,0
C016760,237239.20911585668,46.1,0
C016761,100194.02664736426,22.7,0
C016762,160015.69098095648,32.1,0
C016763,4228155.963143957,97.1,1
C016764,184774.90455920075,36.0,0
C016765,291185.4524409732,57.0,0
C016766,698521.7479742526,80.7,1
C016767,307565.9312951389,59.9,0
C016768,211752.65558427473,41.1,0
C016769,808559.8999364802,85.4,1
C016770,262656.68817416596,51.5,0
C016771,0.0,7.0,0
C016772,209384.30100888436,40.6,0
C016773,547792.8976102768,74.9,0
C016774,0.0,7.0,0
C016775,187044.88166848605,36.5,0
C016776,0.0,7.0,0
C016777,243407.0975653691,47.4,0
C016778,105908.05689873353,23.6,0
C016779,3476190.2596090026,92.1,1
C016780,302360.0275930957,59.0,0
C016781,268383.02461689187,52.7,0
C016782,4141783.5057420414,96.4,1
C016783,782405.3911654202,84.3,1
C016784,0.0,7.0,0
C016785,128021.76307051389,27.1,0
C016786,227636.8712354306,44.2,0
C016787,4161636.1925074253,96.5,1
C016788,0.0,7.0,0
C016789,769003.3022994021,83.8,1
C016790,261759.81055521735,51.3,0
C016791,302839.3672771194,59.1,0
C016792,235889.89228318742,45.8,0
C016793,168141.64957851975,33.4,0
C016794,0.0,7.0,0
C016795,276235.66648624063,54.3,0
C016796,393084.63428856246,69.3,0
C016797,265076.1104816979,52.1,0
C016798,209793.76328605146,40.7,0
C016799,404201.19417425775,70.1,0
C016800,195484.96288312838,38.0,0
C016801,235932.83200020104,45.8,0
C016802,761596.2922888304,83.4,1
C016803,56349.851327417375,17.1,0
C016804,654862.4430089819,78.5,0
C016805,253226.78106179656,49.5,0
C016806,401710.6284380108,70.0,0
C016807,3711919.391902941,93.5,1
C016808,257129.83415858124,50.2,0
C016809,277696.60671066085,54.5,0
C016810,397780.4050941559,69.7,0
C016811,278269.7407611246,54.6,0
C016812,92060.06971844935,21.6,0
C016813,0.0,7.0,0
C016814,283670.6060064473,55.6,0
C016815,222530.89795404128,43.1,0
C016816,90291.77866726441,21.3,0
C016817,689183.1800754913,80.2,1
C016818,169843.87225157605,33.6,0
C016819,440891.3479510871,71.7,0
C016820,162547.31824516354,32.5,0
C016821,145358.8452164428,29.8,0
C016822,212275.00691096115,41.2,0
C016823,254905.14537509944,49.8,0
C016824,4870454.12465847,99.8,1
C016825,230143.1594810977,44.6,0
C016826,33952.48666962581,15.4,0
C016827,4765359.493981963,99.5,1
C016828,0.0,7.0,0
C016829,394712.6155135268,69.5,0
C016830,705961.7695803711,81.0,1
C016831,325600.8457902061,62.7,0
C016832,569870.3496601859,75.5,0
C016833,76017.56254735148,19.4,0
C016834,277479.1059263935,54.5,0
C016835,180483.32246384004,35.3,0
C016836,366000.7917092351,67.2,0
C016837,0.0,7.0,0
C016838,130399.41507664786,27.5,0
C016839,308366.76274824305,60.0,0
C016840,278759.1127539158,54.7,0
C016841,302670.89326013025,59.1,0
C016842,410204.7495535818,70.4,0
C016843,329574.39615725854,63.3,0
C016844,0.0,7.0,0
C016845,815393.9797435539,85.7,1
C016846,606930.6145591518,76.7,0
C016847,988427.1347048649,90.1,1
C016848,768889.186278702,83.8,1
C016849,86481.45915120398,20.8,0
C016850,87744.24836098631,21.0,0
C016851,236421.27807653823,46.0,0
C016852,19008.06894991299,14.7,0
C016853,211041.4195441978,41.0,0
C016854,0.0,7.0,0
C016855,110209.03098274137,24.3,0
C016856,342002.5423821924,64.8,0
C016857,60572.38811975028,17.5,0
C016858,4136688.9261921537,96.4,1
C016859,0.0,7.0,0
C016860,0.0,7.0,0
C016861,32011.15128670852,15.3,0
C016862,4191390.44978885,96.7,1
C016863,589500.1361187877,76.0,0
C016864,0.0,7.0,0
C016865,209078.66141585167,40.6,0
C016866,292867.0861146899,57.3,0
C016867,242966.78091078278,47.3,0
C016868,3618970.213917125,92.9,1
C016869,331840.44893004006,63.6,0
C016870,246479.83145486296,47.9,0
C016871,278937.16585408157,54.8,0
C016872,67293.43131289181,18.3,0
C016873,362861.8494551547,66.9,0
C016874,298606.8229981416,58.3,0
C016875,3895400.4613864804,94.6,1
C016876,258053.21962106132,50.5,0
C016877,3928766.688066994,94.9,1
C016878,72775.07555435126,19.0,0
C016879,531821.5637227444,74.4,0
C016880,666143.2335419183,79.1,0
C016881,4370914.448140749,98.1,1
C016882,459685.1590473773,72.4,0
C016883,553686.1711595148,75.1,0
C016884,68028.24355665687,18.4,0
C016885,627901.89299174,77.5,0
C016886,301474.7070641557,58.8,0
C016887,0.0,7.0,0
C016888,3428856.010284468,91.9,1
C016889,0.0,7.0,0
C016890,755334.0527131,83.2,1
C016891,176349.42165116017,34.6,0
C016892,145710.26060613786,29.9,0
C016893,1067278.4661294925,90.6,1
C016894,3662296.965286292,93.1,1
C016895,0.0,7.0,0
C016896,0.0,7.0,0
C016897,392010.092116616,69.3,0
C016898,128154.30464867773,27.2,0
C016899,144829.9209802808,29.8,0
C016900,827583.7783547255,86.2,1
C016901,4265684.475862213,97.4,1
C016902,407797.75048860384,70.2,0
C016903,0.0,7.0,0
C016904,539239.9088248773,74.6,0
C016905,664304.6252357215,78.9,0
C016906,261909.4893004467,51.3,0
C016907,220648.5509859342,42.8,0
C016908,278518.2931859036,54.7,0
C016909,70650.11229117188,18.8,0
C016910,227737.36215559533,44.2,0
C016911,323732.99772728403,62.4,0
C016912,287402.71833587275,56.3,0
C016913,0.0,7.0,0
C016914,0.0,7.0,0
C016915,0.0,7.0,0
C016916,592170.3627915033,76.1,0
C016917,776391.9463109721,84.1,1
C016918,4581144.299890302,99.1,1
C016919,797797.2698817855,85.0,1
C016920,622832.1659119818,77.3,0
C016921,0.0,7.0,0
C016922,0.0,7.0,0
C016923,88153.43461083641,21.0,0
C016924,24082.28082299947,14.8,0
C016925,264071.2115716917,51.8,0
C016926,66950.38590638591,18.2,0
C016927,873042.6421748672,87.8,1
C016928,557783.7633071473,75.2,0
C016929,543682.2336184991,74.8,0
C016930,181740.47402431833,35.5,0
C016931,913135.6119594502,88.9,1
C016932,178894.6758967297,35.0,0
C016933,269633.3819531668,53.0,0
C016934,211915.7833182454,41.2,0
C016935,394324.73317309766,69.5,0
C016936,28733.015753131727,15.0,0
C016937,251768.8817715394,49.1,0
C016938,0.0,7.0,0
C016939,3784361.7730743643,94.0,1
C016940,0.0,7.0,0
C016941,157728.84819639043,31.7,0
C016942,644101.4108287978,78.1,0
C016943,242674.0309805548,47.2,0
C016944,204766.50526157927,39.7,0
C016945,153649.35321187152,31.1,0
C016946,417164.7225984814,70.8,0
C016947,214257.65251388354,41.6,0
C016948,585847.5104110073,75.9,0
C016949,607101.0400064792,76.8,0
C016950,144225.06827076367,29.7,0
C016951,0.0,7.0,0
C016952,291730.0146934767,57.1,0
C016953,84528.78130968768,20.5,0
C016954,453241.925802983,72.2,0
C016955,540450.4509794415,74.7,0
C016956,911683.153433566,88.8,1
C016957,214741.6480417341,41.6,0
C016958,112492.43753916369,24.6,0
C016959,630098.2731360006,77.6,0
C016960,232906.86319137784,45.2,0
C016961,305806.4207294014,59.6,0
C016962,293427.163325556,57.4,0
C016963,186801.30672134264,36.4,0
C016964,260882.32577645307,51.1,0
C016965,0.0,7.0,0
C016966,211810.06752154784,41.1,0
C016967,30733.38144495858,15.2,0
C016968,3444181.2514459905,92.0,1
C016969,112231.13164204388,24.6,0
C016970,120198.15627319319,25.9,0
C016971,151962.4812793075,30.8,0
C016972,0.0,7.0,0
C016973,3855440.4034398133,94.4,1
C016974,0.0,7.0,0
C016975,598948.9002603309,76.4,0
C016976,3205700.764482447,91.3,1
C016977,0.0,7.0,0
C016978,265537.03708400246,52.2,0
C016979,296190.49978304986,57.9,0
C016980,0.0,7.0,0
C016981,710048.9423395013,81.3,1
C016982,561680.0832819078,75.3,0
C016983,4307067.384652992,97.7,1
C016984,232848.03382823183,45.2,0
C016985,171554.90521943072,33.9,0
C016986,810513.9859490137,85.5,1
C016987,169482.3989793899,33.6,0
C016988,353431.23817486566,66.1,0
C016989,71617.01273805616,18.9,0
C016990,173369.02201491277,34.2,0
C016991,179181.31103794175,35.1,0
C016992,318892.4564526596,61.8,0
C016993,317865.1823254097,61.6,0
C016994,432965.2444095897,71.4,0
C016995,4092997.372260094,96.1,1
C016996,291015.21433059743,56.9,0
C016997,591374.0294489814,76.1,0
C016998,750884.4456778287,83.0,1
C016999,252552.6511308517,49.3,0
C017000,185702.78007390923,36.2,0
C017001,572172.5459707178,75.6,0
C017002,696697.8002991726,80.6,1
C017003,140277.740018864,29.0,0
C017004,349724.5814640266,65.7,0
C017005,482271.20098231797,73.1,0
C017006,0.0,7.0,0
C017007,197797.31722821144,38.4,0
C017008,0.0,7.0,0
C017009,963663.5264355332,89.9,1
C017010,4142174.2517578825,96.4,1
C017011,907369.761059778,88.7,1
C017012,0.0,7.0,0
C017013,466274.19295487925,72.6,0
C017014,0.0,7.0,0
C017015,2577089.9784528078,90.8,1
C017016,0.0,7.0,0
C017017,198986.7286039391,38.7,0
C017018,503937.3432964099,73.7,0
C017019,0.0,7.0,0
C017020,166198.1192343246,33.1,0
C017021,4014729.8660446946,95.5,1
C017022,3838457.719272379,94.3,1
C017023,74808.03881111789,19.2,0
C017024,745283.0140927337,82.7,1
C017025,4297891.370579407,97.6,1
C017026,255361.76363238046,49.9,0
C017027,750491.86948706,82.9,1
C017028,227359.90940334008,44.2,0
C017029,87684.98843442625,21.0,0
C017030,101410.77820122748,22.9,0
C017031,3641628.3290173663,93.0,1
C017032,233638.43642945404,45.4,0
C017033,381280.9290382464,68.5,0
C017034,213938.28379045601,41.5,0
C017035,0.0,7.0,0
C017036,183985.2816491254,35.9,0
C017037,252541.51430387067,49.3,0
C017038,733698.0687428769,82.2,1
C017039,37210.37829017497,15.6,0
C017040,249393.99042451542,48.6,0
C017041,0.0,7.0,0
C017042,540402.6914619418,74.7,0
C017043,4250034.464224726,97.3,1
C017044,149150.22217577902,30.4,0
C017045,0.0,7.0,0
C017046,3526909.39499587,92.4,1
C017047,368068.0828419344,67.4,0
C017048,292820.30292658554,57.3,0
C017049,3642796.383157533,93.0,1
C017050,300287.208186203,58.6,0
C017051,784049.5859829957,84.4,1
C017052,264050.7117126302,51.8,0
C017053,854518.9290618491,87.2,1
C017054,155051.98968755163,31.3,0
C017055,374319.74266267003,68.0,0
C017056,96379.49845292415,22.2,0
C017057,207562.5419486921,40.3,0
C017058,244740.31896293254,47.6,0
C017059,324706.4086660118,62.6,0
C017060,213081.87151835786,41.4,0
C017061,179587.19286066561,35.2,0
C017062,103553.88703519295,23.3,0
C017063,337304.31164523726,64.3,0
C017064,0.0,7.0,0
C017065,692929.6023186542,80.4,1
C017066,910739.8827403332,88.8,1
C017067,138707.92745455322,28.7,0
C017068,4817105.074437794,99.6,1
C017069,883698.4023310215,88.2,1
C017070,393011.2086602789,69.3,0
C017071,218528.39079868107,42.4,0
C017072,4197793.691408325,96.8,1
C017073,527243.1170205448,74.3,0
C017074,271997.98180992284,53.5,0
C017075,162805.8201032723,32.5,0
C017076,3485388.566557563,92.2,1
C017077,180030.31331435614,35.2,0
C017078,71696.48865539188,18.9,0
C017079,876348.5264962858,87.9,1
C017080,84535.66009682404,20.5,0
C017081,0.0,7.0,0
C017082,208324.6538309361,40.4,0
C017083,3.108139145710292,14.0,0
C017084,153445.59701640302,31.0,0
C017085,234093.0050612266,45.5,0
C017086,189189.88747160148,36.9,0
C017087,809928.3686211038,85.4,1
C017088,248974.89794478906,48.5,0
C017089,222979.54559617565,43.2,0
C017090,25406.783015473135,14.9,0
C017091,0.0,7.0,0
C017092,0.0,7.0,0
C017093,3908588.7205217746,94.8,1
C017094,167966.1375131967,33.3,0
C017095,72339.59921987231,18.9,0
C017096,154237.72188377668,31.1,0
C017097,158871.32595279033,31.9,0
C017098,311548.06593742984,60.6,0
C017099,328217.5524724409,63.1,0
C017100,825900.6914492478,86.1,1
C017101,359880.9320797787,66.7,0
C017102,369451.1042054826,67.6,0
C017103,216573.07775889907,42.0,0
C017104,3936092.2706485884,95.0,1
C017105,205848.41259625103,40.0,0
C017106,0.0,7.0,0
C017107,4266066.347150286,97.4,1
C017108,84382.14701722738,20.5,0
C017109,274600.6041072129,54.0,0
C017110,207938.2940702662,40.4,0
C017111,87107.23874199303,20.9,0
C017112,3908238.727251288,94.8,1
C017113,65544.98089818205,18.1,0
C017114,1051664.2525147994,90.5,1
C017115,162197.37660821681,32.4,0
C017116,204484.93421269188,39.7,0
C017117,4203823.94404376,96.9,1
C017118,119476.97649687098,25.8,0
C017119,0.0,7.0,0
C017120,175354.10757383148,34.5,0
C017121,752618.3442060287,83.0,1
C017122,89624.44252173536,21.2,0
C017123,0.0,7.0,0
C017124,695296.1967094247,80.5,1
C017125,350001.8492608486,65.7,0
C017126,279274.11691245035,54.8,0
C017127,0.0,7.0,0
C017128,0.0,7.0,0
C017129,4593690.472633878,99.1,1
C017130,194984.58128260664,37.9,0
C017131,723316.9638626794,81.8,1
C017132,142612.45547826224,29.4,0
C017133,819357.1239339223,85.9,1
C017134,503642.74196028395,73.7,0
C017135,135293.19413493792,28.1,0
C017136,438319.00823571865,71.6,0
C017137,1015035.5204055102,90.4,1
C017138,470083.6778269886,72.7,0
C017139,459345.99992270174,72.4,0
C017140,0.0,7.0,0
C017141,4473276.681710717,98.6,1
C017142,336914.4225969353,64.2,0
C017143,3406361.995503982,91.8,1
C017144,274676.55613983166,54.0,0
C017145,261214.85690231502,51.2,0
C017146,112721.43344364913,24.7,0
C017147,131746.8489707214,27.7,0
C017148,744998.6822428866,82.7,1
C017149,667659.3318459836,79.1,0
C017150,267940.12061161455,52.6,0
C017151,4433316.588984947,98.4,1
C017152,187983.46888216704,36.7,0
C017153,0.0,7.0,0
C017154,148746.04627431548,30.3,0
C017155,242551.24527624252,47.2,0
C017156,191478.70468178426,37.3,0
C017157,339345.41483497183,64.5,0
C017158,0.0,7.0,0
C017159,368648.7753679212,67.5,0
C017160,0.0,7.0,0
C017161,357638.7623286619,66.5,0
C017162,245957.2913518402,47.8,0
C017163,4488256.8161945,98.7,1
C017164,0.0,7.0,0
C017165,0.0,7.0,0
C017166,0.0,7.0,0
C017167,841183.7623972207,86.8,1
C017168,6.689920062690804,14.1,0
C017169,787380.449100593,84.6,1
C017170,478427.08908208506,73.0,0
C017171,58181.01953223273,17.3,0
C017172,238693.3081441832,46.5,0
C017173,583786.453950428,75.9,0
C017174,131267.33314167024,27.6,0
C017175,372737.8727957139,67.8,0
C017176,57159.54589222352,17.2,0
C017177,48792.46955728462,16.5,0
C017178,377550.7902042916,68.3,0
C017179,3658100.677231665,93.1,1
C017180,60962.03266621028,17.6,0
C017181,241804.56262496786,47.0,0
C017182,66960.20677909763,18.2,0
C017183,3307737.834479637,91.6,1
C017184,165902.61952380426,33.0,0
C017185,111346.46531449503,24.4,0
C017186,299287.8033732643,58.4,0
C017187,0.0,7.0,0
C017188,729185.1424128832,82.0,1
C017189,948334.79913789,89.6,1
C017190,158353.7042762916,31.8,0
C017191,170826.70438559473,33.8,0
C017192,404846.1270114302,70.1,0
C017193,262737.9176414043,51.5,0
C017194,491258.29347411793,73.3,0
C017195,217691.2343676938,42.3,0
C017196,0.0,7.0,0
C017197,1027037.1521814312,90.4,1
C017198,0.0,7.0,0
C017199,371268.52891011763,67.7,0
C017200,226343.59407942364,43.9,0
C017201,3719628.4359084605,93.5,1
C017202,565358.2574484504,75.4,0
C017203,771733.1262093751,83.9,1
C017204,663696.5998834064,78.9,0
C017205,206088.8923061839,40.0,0
C017206,326125.71280278784,62.8,0
C017207,4423240.772621442,98.4,1
C017208,256655.6730019108,50.1,0
C017209,0.0,7.0,0
C017210,0.0,7.0,0
C017211,0.0,7.0,0
C017212,288503.1446703766,56.5,0
C017213,137078.50305629236,28.4,0
C017214,767256.2514106823,83.7,1
C017215,349500.73681395635,65.7,0
C017216,192609.04305424925,37.5,0
C017217,0.0,7.0,0
C017218,15511.643498217622,14.6,0
C017219,256888.8225983745,50.2,0
C017220,110307.87039630234,24.3,0
C017221,247040.00234997022,48.1,0
C017222,805473.8818660645,85.3,1
C017223,683629.3437879179,79.9,0
C017224,125546.18668832195,26.8,0
C017225,766279.3694770705,83.7,1
C017226,261645.92802353995,51.3,0
C017227,115105.05610783644,25.2,0
C017228,321086.06669922255,62.0,0
C017229,0.0,7.0,0
C017230,695958.0626631787,80.5,1
C017231,349625.2428624067,65.7,0
C017232,0.0,7.0,0
C017233,111705.26711610949,24.5,0
C017234,202840.23343026894,39.3,0
C017235,4100456.4345803424,96.1,1
C017236,138086.43554407157,28.6,0
C017237,421824.0813760458,71.0,0
C017238,225111.89789320354,43.7,0
C017239,3736565.8026439836,93.7,1
C017240,0.0,7.0,0
C017241,204184.17876252704,39.6,0
C017242,636701.0809771327,77.8,0
C017243,166696.5515693595,33.1,0
C017244,93142.84024963525,21.7,0
C017245,253877.5226436451,49.6,0
C017246,3523197.702388371,92.4,1
C017247,991220.734260557,90.2,1
C017248,238001.4135919488,46.4,0
C017249,0.0,7.0,0
C017250,374230.4636142808,68.0,0
C017251,0.0,7.0,0
C017252,252274.4161681215,49.2,0
C017253,592268.5126026865,76.1,0
C017254,244851.0875589165,47.6,0
C017255,212701.72851668956,41.3,0
C017256,128656.1757713851,27.2,0
C017257,188620.99526507995,36.8,0
C017258,0.0,7.0,0
C017259,276337.2239204529,54.3,0
C017260,274859.5552905038,54.0,0
C017261,84024.47451952082,20.4,0
C017262,586936.5704452201,76.0,0
C017263,173299.8148584747,34.1,0
C017264,116417.42483622389,25.3,0
C017265,382056.4021924898,68.6,0
C017266,4440892.247909732,98.5,1
C017267,962240.6923489969,89.8,1
C017268,129070.45253581856,27.3,0
C017269,46845.621239539956,16.3,0
C017270,3247388.322611939,91.4,1
C017271,171136.7367089621,33.8,0
C017272,52213.4545964168,16.7,0
C017273,337787.50058310054,64.3,0
C017274,881193.4742259928,88.1,1
C017275,225997.66288864793,43.8,0
C017276,198459.13123299126,38.6,0
C017277,345709.9894188164,65.3,0
C017278,212428.2005077976,41.2,0
C017279,2865757.2449042653,90.9,1
C017280,4455996.354479197,98.6,1
C017281,462688.22824512975,72.5,0
C017282,199063.87999086612,38.7,0
C017283,3710629.708740711,93.5,1
C017284,38844.382212384386,15.7,0
C017285,988543.8346839662,90.1,1
C017286,0.0,7.0,0
C017287,152505.62452643237,30.9,0
C017288,221022.0026389545,42.9,0
C017289,223950.5189264069,43.4,0
C017290,291075.8793448276,56.9,0
C017291,1039414.1754478482,90.5,1
C017292,0.0,7.0,0
C017293,779869.3668852813,84.2,1
C017294,4246480.494511239,97.2,1
C017295,238642.89362349486,46.5,0
C017296,241768.94774083715,47.0,0
C017297,222683.18313658587,43.2,0
C017298,265587.32037593564,52.2,0
C017299,4566510.402864538,99.0,1
C017300,580812.1349162676,75.8,0
C017301,179908.44055652054,35.2,0
C017302,0.0,7.0,0
C017303,227156.4270379825,44.1,0
C017304,176183.98163055786,34.6,0
C017305,60383.95662463523,17.5,0
C017306,103264.15340271647,23.2,0
C017307,0.0,7.0,0
C017308,343289.8927646873,65.0,0
C017309,395181.50712379505,69.6,0
C017310,53324.57081429828,16.8,0
C017311,936145.7648044445,89.4,1
C017312,574990.3701863083,75.6,0
C017313,255420.2963337988,49.9,0
C017314,97602.57105039625,22.4,0
C017315,306165.1353685956,59.7,0
C017316,90920.38864836702,21.4,0
C017317,690888.461113504,80.3,1
C017318,320440.8492943312,61.9,0
C017319,0.0,7.0,0
C017320,4568818.941233564,99.0,1
C017321,70066.80153119935,18.7,0
C017322,246684.55281212868,48.0,0
C017323,153945.19481663668,31.1,0
C017324,854381.422989557,87.2,1
C017325,19411.247209805882,14.7,0
C017326,0.0,7.0,0
C017327,299432.5089862739,58.4,0
C017328,3585123.8263357244,92.7,1
C017329,870325.8891169436,87.7,1
C017330,237612.31344449453,46.3,0
C017331,127704.85914649838,27.1,0
C017332,546110.525904251,74.9,0
C017333,51358.76290234426,16.7,0
C017334,3925047.625142933,94.9,1
C017335,132436.14186657008,27.8,0
C017336,198603.60055831433,38.6,0
C017337,281484.98591109825,55.2,0
C017338,288531.4531366401,56.5,0
C017339,679903.6357185281,79.7,0
C017340,311739.47344115266,60.7,0
C017341,166085.15255951305,33.0,0
C017342,777759.7806683475,84.2,1
C017343,271136.75095783686,53.3,0
C017344,3928343.9719824647,94.9,1
C017345,690347.9849648764,80.3,1
C017346,381806.2416801255,68.6,0
C017347,80495.85733159515,20.0,0
C017348,683063.5603764058,79.9,0
C017349,4183266.290088997,96.7,1
C017350,825210.0009843536,86.1,1
C017351,259910.60629818746,50.8,0
C017352,157149.33433400677,31.6,0
C017353,660131.7943565731,78.7,0
C017354,434028.27020321053,71.4,0
C017355,162749.14863526865,32.5,0
C017356,222511.6822888497,43.1,0
C017357,347716.470651594,65.5,0
C017358,393105.51410339423,69.4,0
C017359,0.0,7.0,0
C017360,0.0,7.0,0
C017361,3629341.470443328,92.9,1
C017362,470509.00801110256,72.7,0
C017363,0.0,7.0,0
C017364,0.0,7.0,0
C017365,4465754.996587981,98.6,1
C017366,256949.62993394717,50.2,0
C017367,3622613.8375298376,92.9,1
C017368,331696.79624480614,63.6,0
C017369,801540.902507442,85.1,1
C017370,211318.215644171,41.0,0
C017371,167314.32007024172,33.2,0
C017372,78751.89920272859,19.7,0
C017373,74105.43388837,19.1,0
C017374,0.0,7.0,0
C017375,0.0,7.0,0
C017376,391973.7178256637,69.3,0
C017377,52447.92338351831,16.8,0
C017378,0.0,7.0,0
C017379,286289.1463203196,56.1,0
C017380,338308.7666116699,64.4,0
C017381,236052.78697144086,45.8,0
C017382,207227.21638054337,40.2,0
C017383,0.0,7.0,0
C017384,731195.6709435165,82.1,1
C017385,3673551.590605595,93.2,1
C017386,0.0,7.0,0
C017387,367767.3186201737,67.4,0
C017388,272443.485078672,53.5,0
C017389,184904.316582284,36.1,0
C017390,305895.8913758207,59.6,0
C017391,241339.59647574998,46.9,0
C017392,313207.0094026578,60.9,0
C017393,4586744.657485424,99.1,1
C017394,286291.47342571075,56.1,0
C017395,293488.1114432604,57.4,0
C017396,4707305.981433228,99.4,1
C017397,57695.237949293434,17.2,0
C017398,0.0,7.0,0
C017399,685587.8096697946,80.0,1
C017400,0.0,7.0,0
C017401,119710.33814190369,25.8,0
C017402,204622.62750348632,39.7,0
C017403,243093.21060077002,47.3,0
C017404,712654.1752888565,81.4,1
C017405,351114.72242029867,65.9,0
C017406,599659.4975742052,76.4,0
C017407,269475.45032538834,53.0,0
C017408,240209.62083164742,46.7,0
C017409,0.0,7.0,0
C017410,0.0,7.0,0
C017411,287210.158926383,56.3,0
C017412,3671066.4386112206,93.2,1
C017413,443117.93922956457,71.8,0
C017414,442453.6053816619,71.8,0
C017415,81919.7841515424,20.2,0
C017416,0.0,7.0,0
C017417,71826.01761202325,18.9,0
C017418,3916061.6735319127,94.8,1
C017419,392583.45004139177,69.3,0
C017420,150300.74448305563,30.6,0
C017421,195566.67542283772,38.0,0
C017422,0.0,7.0,0
C017423,4390253.080380034,98.2,1
C017424,332116.3775169646,63.7,0
C017425,447587.56291947595,72.0,0
C017426,139228.6291224197,28.8,0
C017427,504.18243272980095,14.2,0
C017428,452786.39524399256,72.1,0
C017429,238034.23000233475,46.4,0
C017430,592278.6346957455,76.2,0
C017431,713144.3980809783,81.4,1
C017432,704082.8231796132,80.9,1
C017433,204986.34174069716,39.8,0
C017434,936896.2452882923,89.4,1
C017435,158441.25349190377,31.9,0
C017436,140719.6023703822,29.1,0
C017437,269811.3195765184,53.0,0
C017438,989424.3653556297,90.1,1
C017439,108837.86403905197,24.0,0
C017440,3893074.068094874,94.6,1
C017441,824351.9611492165,86.1,1
C017442,320389.33624913555,61.9,0
C017443,43038.84322674482,16.0,0
C017444,106024.20761665417,23.6,0
C017445,86643.51725999884,20.8,0
C017446,240080.418574592,46.7,0
C017447,730447.621249381,82.1,1
C017448,283400.5982681415,55.6,0
C017449,60757.37898473747,17.5,0
C017450,54801.45381539913,17.0,0
C017451,3565543.046362416,92.6,1
C017452,376863.8276395351,68.2,0
C017453,4197913.98229242,96.8,1
C017454,795074.6671564393,84.9,1
C017455,420694.2605776661,70.9,0
C017456,50000.82775137829,16.6,0
C017457,447129.1865592484,71.9,0
C017458,327911.58474600513,63.0,0
C017459,4554807.441422306,99.0,1
C017460,63772.11331251095,17.9,0
C017461,627318.3046572206,77.5,0
C017462,255431.62121025004,49.9,0
C017463,323212.4838800159,62.3,0
C017464,368998.8896277823,67.5,0
C017465,395151.2699507819,69.5,0
C017466,622102.4433405846,77.3,0
C017467,268853.43814225483,52.8,0
C017468,68209.57761237184,18.4,0
C017469,966128.5717734,89.9,1
C017470,0.0,7.0,0
C017471,611887.8632277352,76.9,0
C017472,198722.48867243415,38.6,0
C017473,235482.9081396606,45.7,0
C017474,238807.6368630112,46.5,0
C017475,70811.58517817718,18.8,0
C017476,47761.40386535565,16.4,0
C017477,161453.83001265256,32.4,0
C017478,303283.2798261152,59.2,0
C017479,204896.10962820982,39.7,0
C017480,89497.53341948593,21.2,0
C017481,0.0,7.0,0
C017482,667351.7509918376,79.1,0
C017483,322492.73376834794,62.2,0
C017484,462243.00993121584,72.5,0
C017485,4117336.4842100646,96.3,1
C017486,273084.5041247909,53.7,0
C017487,744623.045919892,82.7,1
C017488,250935.3045464916,48.9,0
C017489,0.0,7.0,0
C017490,129922.12267625982,27.4,0
C017491,3.4246731219623374,14.0,0
C017492,134358.5686419031,28.0,0
C017493,3680256.1710030995,93.2,1
C017494,296719.36884255975,58.0,0
C017495,625690.1982910307,77.5,0
C017496,265239.1562041291,52.1,0
C017497,115314.38194538481,25.2,0
C017498,237900.77898075373,46.3,0
C017499,112963.23734035615,24.8,0
C017500,302466.23613920243,59.0,0
C017501,311236.4446749736,60.6,0
C017502,821265.1342538616,86.0,1
C017503,309322.15466137545,60.2,0
C017504,9047.126207706808,14.4,0
C017505,58281.796201826335,17.3,0
C017506,0.0,7.0,0
C017507,462737.4396016488,72.5,0
C017508,53271.48376248984,16.8,0
C017509,3932577.2295730514,94.9,1
C017510,179838.336241104,35.2,0
C017511,608052.1467208213,76.8,0
C017512,360427.3583315802,66.8,0
C017513,404732.59045478085,70.1,0
C017514,377364.82326788816,68.2,0
C017515,195833.21468903893,38.1,0
C017516,345533.732627709,65.2,0
C017517,3685721.989437482,93.3,1
C017518,25262.381973911695,14.9,0
C017519,85659.91158096229,20.7,0
C017520,283016.60672445025,55.5,0
C017521,203117.025891479,39.4,0
C017522,334144.61496587977,63.9,0
C017523,258136.81416546222,50.5,0
C017524,240372.71070025983,46.8,0
C017525,96994.0126423564,22.3,0
C017526,0.0,7.0,0
C017527,378663.92575374997,68.3,0
C017528,74913.70194134928,19.2,0
C017529,277738.9520791917,54.6,0
C017530,0.0,7.0,0
C017531,129551.55101372568,27.4,0
C017532,773953.90230661,84.0,1
C017533,564749.0281970883,75.3,0
C017534,0.0,7.0,0
C017535,46269.84497974248,16.2,0
C017536,0.0,7.0,0
C017537,951065.0794130381,89.6,1
C017538,338491.33948524913,64.4,0
C017539,74846.89912164403,19.2,0
C017540,0.0,7.0,0
C017541,443760.42022957176,71.8,0
C017542,195725.57311219635,38.0,0
C017543,271775.00731822464,53.4,0
C017544,322356.1831033624,62.2,0
C017545,658837.8583956574,78.7,0
C017546,326577.8251253152,62.9,0
C017547,158417.13352935264,31.9,0
C017548,328474.63368375716,63.1,0
C017549,671215.5316744809,79.3,0
C017550,249820.78093419268,48.7,0
C017551,814315.120749466,85.6,1
C017552,335399.6304566758,64.0,0
C017553,269452.222369737,53.0,0
C017554,1208829.0191346542,90.7,1
C017555,4048136.4426725586,95.8,1
C017556,0.0,7.0,0
C017557,310784.28933860594,60.5,0
C017558,2570624.298316365,90.8,1
C017559,319927.553616741,61.9,0
C017560,3551885.3786135325,92.5,1
C017561,142952.74353913628,29.5,0
C017562,344189.80859817576,65.1,0
C017563,261566.72054208757,51.3,0
C017564,307011.08990427945,59.8,0
C017565,291266.0454016616,57.0,0
C017566,616347.0406946894,77.1,0
C017567,0.0,7.0,0
C017568,306713.26949633413,59.8,0
C017569,298453.45009667374,58.2,0
C017570,107716.86194019474,23.9,0
C017571,680967.3692117019,79.8,0
C017572,314031.4201347631,61.0,0
C017573,111506.2771700536,24.5,0
C017574,389805.38729707914,69.2,0
C017575,362521.7027690061,66.9,0
C017576,0.0,7.0,0
C017577,3993882.330395834,95.4,1
C017578,315458.11046968814,61.2,0
C017579,285637.52953187557,56.0,0
C017580,553725.2375340313,75.1,0
C017581,0.0,7.0,0
C017582,297544.1436244106,58.1,0
C017583,188417.0788951415,36.8,0
C017584,692836.228598186,80.4,1
C017585,96846.63062612826,22.2,0
C017586,278778.6228342338,54.7,0
C017587,4066769.8792831595,95.9,1
C017588,224135.37424955805,43.5,0
C017589,1041946.8377012985,90.5,1
C017590,153207.51555493096,31.0,0
C017591,202252.30065055034,39.2,0
C017592,689839.9776331407,80.2,1
C017593,238829.24941998057,46.5,0
C017594,47075.97037340137,16.3,0
C017595,196786.37276040023,38.3,0
C017596,4198801.189240311,96.8,1
C017597,167735.95181942516,33.3,0
C017598,982354.8208459005,90.1,1
C017599,180638.96018688913,35.3,0
C017600,361199.40205309825,66.8,0
C017601,740264.5631212754,82.5,1
C017602,454487.581941792,72.2,0
C017603,820686.9246684767,85.9,1
C017604,3943279.4493650906,95.0,1
C017605,371463.76060900535,67.7,0
C017606,123665.96950883663,26.4,0
C017607,143630.96168098898,29.6,0
C017608,125300.62995069881,26.7,0
C017609,265921.36815840524,52.2,0
C017610,3591734.748107331,92.7,1
C017611,416431.0336574407,70.8,0
C017612,397446.43328765925,69.7,0
C017613,429174.17003440286,71.3,0
C017614,204962.7207352579,39.8,0
C017615,161515.62291144568,32.4,0
C017616,144245.28988818362,29.7,0
C017617,509702.96666029654,73.8,0
C017618,308140.00776013744,60.0,0
C017619,907667.0939831708,88.7,1
C017620,4003112.391527459,95.4,1
C017621,841872.0009391289,86.8,1
C017622,104916.99115834881,23.5,0
C017623,291394.888336858,57.0,0
C017624,346583.92073376436,65.4,0
C017625,0.0,7.0,0
C017626,184537.0691350402,36.0,0
C017627,342820.6466003176,64.9,0
C017628,123399.90075430386,26.4,0
C017629,0.0,7.0,0
C017630,250434.61769962442,48.8,0
C017631,157585.96133825902,31.7,0
C017632,862620.4026903434,87.4,1
C017633,0.0,7.0,0
C017634,278155.3835037704,54.6,0
C017635,138544.38178750518,28.6,0
C017636,546059.5284537231,74.9,0
C017637,772489.6583475226,83.9,1
C017638,412860.4585823701,70.5,0
C017639,313729.6913663153,60.9,0
C017640,110479.34935196792,24.3,0
C017641,0.0,7.0,0
C017642,487084.6509018081,73.2,0
C017643,272638.6427595799,53.6,0
C017644,741872.537135903,82.6,1
C017645,664371.0620457843,78.9,0
C017646,427750.6476143114,71.2,0
C017647,257227.90409830047,50.3,0
C017648,160573.09196363174,32.2,0
C017649,154626.87681956624,31.2,0
C017650,3714709.074925446,93.5,1
C017651,0.0,7.0,0
C017652,4441877.5561362095,98.5,1
C017653,159104.02276525207,32.0,0
C017654,516555.24380104255,74.0,0
C017655,0.0,7.0,0
C017656,253744.90936430855,49.6,0
C017657,228162.2719548698,44.3,0
C017658,625265.2843133259,77.4,0
C017659,3973442.7475751205,95.2,1
C017660,62226.60425778464,17.7,0
C017661,665999.5243140061,79.0,0
C017662,575780.9829007708,75.7,0
C017663,68856.15290140822,18.5,0
C017664,739120.881114835,82.4,1
C017665,633306.8610831444,77.7,0
C017666,245336.10548420943,47.7,0
C017667,309110.84908577206,60.2,0
C017668,310966.72592392354,60.5,0
C017669,255271.65986238339,49.8,0
C017670,252575.1200834587,49.3,0
C017671,78103.30734613744,19.6,0
C017672,0.0,7.0,0
C017673,668703.7332564102,79.2,0
C017674,0.0,7.0,0
C017675,196213.26666489372,38.1,0
C017676,0.0,7.0,0
C017677,256971.94063813877,50.2,0
C017678,295250.3156100172,57.7,0
C017679,368828.62030173006,67.5,0
C017680,196529.68475415572,38.2,0
C017681,362110.5012582765,66.9,0
C017682,237888.66481053527,46.3,0
C017683,81772.56436676023,20.2,0
C017684,90623.76887873223,21.4,0
C017685,96254.51285324762,22.2,0
C017686,754249.8374774515,83.1,1
C017687,1073666.2553829926,90.6,1
C017688,0.0,7.0,0
C017689,248718.89037897918,48.4,0
C017690,3294801.3910200074,91.5,1
C017691,4938100.837489857,99.9,1
C017692,237729.9099162579,46.3,0
C017693,206514.07926532935,40.1,0
C017694,324844.7731810733,62.6,0
C017695,0.0,7.0,0
C017696,0.0,7.0,0
C017697,60924.48219001838,17.6,0
C017698,0.0,7.0,0
C017699,0.0,7.0,0
C017700,0.0,7.0,0
C017701,0.0,7.0,0
C017702,816120.7819785494,85.7,1
C017703,4251682.100573639,97.3,1
C017704,103505.89760321935,23.2,0
C017705,243513.82371510318,47.4,0
C017706,174239.57231906138,34.3,0
C017707,47792.84438113902,16.4,0
C017708,18424.34394007445,14.6,0
C017709,109140.68000398597,24.1,0
C017710,0.0,7.0,0
C017711,0.0,7.0,0
C017712,241704.34276339796,47.0,0
C017713,428853.0102362377,71.3,0
C017714,137033.2076949503,28.4,0
C017715,330896.70899356756,63.5,0
C017716,0.0,7.0,0
C017717,112801.26001158787,24.8,0
C017718,783898.956997345,84.4,1
C017719,298637.4382473703,58.3,0
C017720,118869.88514784032,25.6,0
C017721,3594048.4525238047,92.7,1
C017722,36941.41380500343,15.5,0
C017723,90691.29352704782,21.4,0
C017724,573106.4957108282,75.6,0
C017725,313282.49985690834,60.9,0
C017726,846801.0112043215,87.0,1
C017727,53476.714432994166,16.9,0
C017728,0.0,7.0,0
C017729,236651.56727236978,46.0,0
C017730,185459.28296277928,36.1,0
C017731,4117293.9932156266,96.3,1
C017732,0.0,7.0,0
C017733,718101.5967495606,81.6,1
C017734,222425.7759027645,43.1,0
C017735,289047.24845732795,56.6,0
C017736,523899.52475491003,74.2,0
C017737,521258.84330837504,74.1,0
C017738,246505.03457339012,47.9,0
C017739,319461.4033507969,61.8,0
C017740,569546.6556266268,75.5,0
C017741,51632.47975338146,16.7,0
C017742,709388.2883466298,81.2,1
C017743,130222.79956025457,27.5,0
C017744,196471.98548602292,38.2,0
C017745,526848.4701464811,74.3,0
C017746,372687.80250318075,67.8,0
C017747,0.0,7.0,0
C017748,294410.2323494439,57.5,0
C017749,204204.11567401187,39.6,0
C017750,260699.2420698549,51.1,0
C017751,260167.4942695774,50.9,0
C017752,0.0,7.0,0
C017753,943868.111941707,89.5,1
C017754,0.0,7.0,0
C017755,0.0,7.0,0
C017756,0.0,7.0,0
C017757,0.0,7.0,0
C017758,870259.919177488,87.7,1
C017759,4042834.4196484224,95.7,1
C017760,323995.8059299295,62.5,0
C017761,345535.6721121027,65.2,0
C017762,109561.15561961602,24.1,0
C017763,83769.03274890056,20.4,0
C017764,502726.21531935007,73.6,0
C017765,303621.9388687776,59.2,0
C017766,0.0,7.0,0
C017767,110188.87958710591,24.2,0
C017768,730305.511239169,82.1,1
C017769,393146.1273649037,69.4,0
C017770,269153.8917217765,52.9,0
C017771,303166.47563476407,59.2,0
C017772,172874.79872788032,34.1,0
C017773,766398.4402796988,83.7,1
C017774,145192.26254617024,29.8,0
C017775,838549.758168655,86.6,1
C017776,282245.66540887364,55.4,0
C017777,233753.21264816984,45.4,0
C017778,3759935.0482922695,93.9,1
C017779,273352.7725419121,53.8,0
C017780,786793.3334628848,84.5,1
C017781,190954.65545403317,37.2,0
C017782,680561.8476674472,79.8,0
C017783,0.0,7.0,0
C017784,317424.6199400731,61.5,0
C017785,790591.2659386479,84.7,1
C017786,254510.6551110989,49.7,0
C017787,764702.6903025479,83.6,1
C017788,102019.12075492227,23.0,0
C017789,708328.8978382638,81.2,1
C017790,383766.34208146203,68.7,0
C017791,4553823.187071293,99.0,1
C017792,360662.7662389592,66.8,0
C017793,756777.3334106049,83.2,1
C017794,253209.81828223186,49.4,0
C017795,164812.77953920065,32.8,0
C017796,91491.60265778584,21.5,0
C017797,199133.470209348,38.7,0
C017798,3554383.4612737726,92.5,1
C017799,0.0,7.0,0
C017800,256269.5967660665,50.0,0
C017801,0.0,7.0,0
C017802,130452.38989466027,27.5,0
C017803,0.0,7.0,0
C017804,973058.4976552788,90.0,1
C017805,0.0,7.0,0
C017806,521301.21319341054,74.1,0
C017807,82283.48869908917,20.3,0
C017808,768984.153280471,83.8,1
C017809,42418.49633448676,15.9,0
C017810,328227.578160424,63.1,0
C017811,131066.71756249222,27.6,0
C017812,246541.19385875418,48.0,0
C017813,277790.19162638404,54.6,0
C017814,0.0,7.0,0
C017815,152638.5902078678,30.9,0
C017816,332749.5646236227,63.8,0
C017817,318753.9528740069,61.7,0
C017818,214484.4058945899,41.6,0
C017819,269392.28764423763,53.0,0
C017820,284646.29176231235,55.8,0
C017821,708835.6202299182,81.2,1
C017822,279644.357169078,54.9,0
C017823,0.0,7.0,0
C017824,329171.3186878737,63.2,0
C017825,293492.00750586775,57.4,0
C017826,832629.7654228922,86.4,1
C017827,331846.55279759585,63.6,0
C017828,0.0,7.0,0
C017829,294908.50345716573,57.6,0
C017830,236811.1386752328,46.1,0
C017831,495690.572641147,73.4,0
C017832,335545.64610670996,64.0,0
C017833,877805.4034302733,88.0,1
C017834,0.0,7.0,0
C017835,96032.08658268898,22.1,0
C017836,3729097.519141921,93.6,1
C017837,280496.15910475346,55.1,0
C017838,281922.3341744438,55.3,0
C017839,0.0,7.0,0
C017840,3797403.6777986474,94.1,1
C017841,0.0,7.0,0
C017842,96364.09491142619,22.2,0
C017843,330145.4660084434,63.4,0
C017844,80809.30039860863,20.1,0
C017845,60909.033098121465,17.6,0
C017846,255285.72626586957,49.8,0
C017847,4743731.886532789,99.5,1
C017848,3547313.22559128,92.4,1
C017849,552313.3580545079,75.0,0
C017850,0.0,7.0,0
C017851,225601.17074560432,43.8,0
C017852,613536.8271783245,77.0,0
C017853,830534.6460749041,86.3,1
C017854,101705.94131145616,23.0,0
C017855,520821.90166861104,74.1,0
C017856,62184.81363220852,17.7,0
C017857,329223.2636882228,63.3,0
C017858,4357050.186338746,98.0,1
C017859,141668.88044522854,29.3,0
C017860,258129.91290021798,50.5,0
C017861,137117.3055718207,28.5,0
C017862,4080296.683019737,96.0,1
C017863,339889.3358721673,64.5,0
C017864,70413.1267200771,18.7,0
C017865,244518.02450657837,47.6,0
C017866,780300.2280475937,84.2,1
C017867,586806.5533910247,76.0,0
C017868,301909.37071617524,58.9,0
C017869,108511.28824117385,24.0,0
C017870,120254.37117974907,25.9,0
C017871,388038.38503251947,69.0,0
C017872,232248.5853479663,45.0,0
C017873,372185.19132269995,67.8,0
C017874,699281.7683236003,80.7,1
C017875,2406117.3315659943,90.8,1
C017876,4031054.296302273,95.7,1
C017877,296340.99139705836,57.9,0
C017878,540624.3721705928,74.7,0
C017879,83138.21598580512,20.4,0
C017880,336888.9889534931,64.2,0
C017881,229039.8691851847,44.5,0
C017882,342501.4856488486,64.9,0
C017883,4153359.66193855,96.5,1
C017884,147503.84085708827,30.2,0
C017885,198610.4742778281,38.6,0
C017886,38911.72260156323,15.7,0
C017887,61280.75470717854,17.6,0
C017888,126663.14560674339,26.9,0
C017889,284516.9791668713,55.8,0
C017890,934786.8361028768,89.3,1
C017891,355538.7780153124,66.4,0
C017892,256560.06188163,50.1,0
C017893,784819.8231731775,84.5,1
C017894,402894.04948820494,70.0,0
C017895,182913.689620475,35.7,0
C017896,98234.75956828249,22.4,0
C017897,481189.4122297583,73.0,0
C017898,80652.84870527279,20.0,0
C017899,0.0,7.0,0
C017900,271814.019648975,53.4,0
C017901,183717.54509148066,35.8,0
C017902,359821.3385940181,66.7,0
C017903,532890.5118132987,74.5,0
C017904,86119.15115838213,20.7,0
C017905,3982047.735709232,95.3,1
C017906,299482.7086095208,58.4,0
C017907,231835.64112673458,44.9,0
C017908,100894.69946715957,22.8,0
C017909,148664.66423272667,30.3,0
C017910,0.0,7.0,0
C017911,62444.36836357959,17.7,0
C017912,777128.6592527039,84.1,1
C017913,385995.3942804497,68.9,0
C017914,257773.3697558963,50.4,0
C017915,229499.9291840092,44.5,0
C017916,314758.06954423466,61.1,0
C017917,234589.16861263406,45.5,0
C017918,348369.2439767874,65.6,0
C017919,241530.25627720414,47.0,0
C017920,668477.8926039282,79.2,0
C017921,260483.01259806188,51.0,0
C017922,143228.06964087614,29.5,0
C017923,0.0,7.0,0
C017924,226204.04386635273,43.9,0
C017925,0.0,7.0,0
C017926,49747.6292085372,16.6,0
C017927,161436.4128356325,32.3,0
C017928,404316.5434574147,70.1,0
C017929,0.0,7.0,0
C017930,208266.00277561383,40.4,0
C017931,213939.64432855803,41.5,0
C017932,0.0,7.0,0
C017933,0.0,7.0,0
C017934,826922.7922166466,86.2,1
C017935,72741.77861823532,19.0,0
C017936,824676.6503135487,86.1,1
C017937,0.0,7.0,0
C017938,170245.79746779663,33.7,0
C017939,76782.74375298567,19.5,0
C017940,220417.4052886011,42.8,0
C017941,448730.9701237085,72.0,0
C017942,4023297.798629717,95.6,1
C017943,751309.3877915097,83.0,1
C017944,0.0,7.0,0
C017945,0.0,7.0,0
C017946,223844.57780600374,43.4,0
C017947,231972.22988296804,45.0,0
C017948,89963.03171684062,21.2,0
C017949,27404.0080884399,15.0,0
C017950,186439.70107648682,36.3,0
C017951,209889.76881730842,40.8,0
C017952,4184398.9236820103,96.7,1
C017953,160511.3058969943,32.2,0
C017954,290520.9576888227,56.8,0
C017955,765768.1666946489,83.7,1
C017956,193305.53559853885,37.6,0
C017957,74159.71595502146,19.1,0
C017958,109874.397254236,24.2,0
C017959,172660.2069167155,34.0,0
C017960,98790.98335323729,22.6,0
C017961,147059.05250652763,30.1,0
C017962,0.0,7.0,0
C017963,33881.2223206695,15.4,0
C017964,296028.82277174486,57.8,0
C017965,0.0,7.0,0
C017966,0.0,7.0,0
C017967,237772.2010422043,46.3,0
C017968,335650.3975659813,64.1,0
C017969,3783373.5858432683,94.0,1
C017970,113928.55394732632,25.0,0
C017971,344286.9119206888,65.1,0
C017972,629753.515630461,77.6,0
C017973,52041.97883350297,16.7,0
C017974,308088.1972229818,60.0,0
C017975,221958.95028592405,43.0,0
C017976,413792.822578256,70.6,0
C017977,156615.3552474009,31.6,0
C017978,0.0,7.0,0
C017979,108059.94336014084,23.9,0
C017980,202015.90103965352,39.2,0
C017981,374018.3932775906,68.0,0
C017982,117151.9205445244,25.4,0
C017983,0.0,7.0,0
C017984,198298.32113483906,38.6,0
C017985,348071.43833425466,65.5,0
C017986,4219850.134742847,97.0,1
C017987,1025319.9910667611,90.4,1
C017988,365143.7302858868,67.2,0
C017989,224458.74608885116,43.6,0
C017990,3875557.5762364753,94.5,1
C017991,921425.9824447661,89.1,1
C017992,306812.1805706778,59.8,0
C017993,1131223.49187958,90.7,1
C017994,652780.468583119,78.4,0
C017995,4745889.271280428,99.5,1
C017996,309413.9983908374,60.2,0
C017997,250478.7895160526,48.8,0
C017998,216948.10767503933,42.1,0
C017999,253114.54322225272,49.4,0
C018000,666771.8624558211,79.1,0
C018001,111458.18556483017,24.4,0
C018002,219467.2942589921,42.6,0
C018003,261009.9324091924,51.1,0
C018004,80979.35601534013,20.1,0
C018005,0.0,7.0,0
C018006,249420.0486731195,48.6,0
C018007,40851.75212791988,15.8,0
C018008,407264.55069802917,70.2,0
C018009,618112.7388258522,77.2,0
C018010,0.0,7.0,0
C018011,13908.917579900553,14.5,0
C018012,280429.51230674534,55.1,0
C018013,3663018.6568292174,93.2,1
C018014,3323929.1368981283,91.6,1
C018015,139735.19195447603,28.9,0
C018016,347545.91335115983,65.5,0
C018017,220530.6952957099,42.8,0
C018018,396397.8007675011,69.6,0
C018019,231273.66772286076,44.8,0
C018020,280214.6095549763,55.0,0
C018021,0.0,7.0,0
C018022,654412.1845626307,78.5,0
C018023,423826.05508392496,71.1,0
C018024,93766.08335160438,21.8,0
C018025,287768.3232279356,56.4,0
C018026,139337.03239212412,28.8,0
C018027,878242.993564603,88.0,1
C018028,326186.8314543715,62.8,0
C018029,375143.63130251487,68.0,0
C018030,621541.9785690465,77.3,0
C018031,165057.76474652707,32.8,0
C018032,681377.1444449518,79.8,0
C018033,0.0,7.0,0
C018034,279738.2580796706,54.9,0
C018035,4283491.015296444,97.5,1
C018036,193489.2091905141,37.7,0
C018037,308575.5004797778,60.1,0
C018038,390591.27041067334,69.2,0
C018039,297596.265317717,58.1,0
C018040,3900708.8276595357,94.7,1
C018041,149035.29863043994,30.4,0
C018042,146203.5767119026,30.0,0
C018043,686039.7590595912,80.0,1
C018044,314035.8217415371,61.0,0
C018045,608187.2165006205,76.8,0
C018046,4124897.284367927,96.3,1
C018047,337207.5465874245,64.2,0
C018048,336615.5499419831,64.2,0
C018049,288690.56139570265,56.5,0
C018050,238127.76990595413,46.4,0
C018051,782036.5780968892,84.3,1
C018052,0.0,7.0,0
C018053,4160377.4413218056,96.5,1
C018054,735422.5238709395,82.3,1
C018055,646324.5741353589,78.2,0
C018056,3775844.562831575,94.0,1
C018057,350942.93000169104,65.8,0
C018058,0.0,7.0,0
C018059,173278.00013082515,34.1,0
C018060,0.0,7.0,0
C018061,3539556.3665129584,92.4,1
C018062,0.0,7.0,0
C018063,232041.98174926246,45.0,0
C018064,0.0,7.0,0
C018065,46567.08550007573,16.3,0
C018066,590038.9671681209,76.1,0
C018067,107084.38495868974,23.8,0
C018068,208437.96109747078,40.5,0
C018069,487752.8837600333,73.2,0
C018070,129829.64400158316,27.4,0
C018071,279065.78559697134,54.8,0
C018072,118721.17174647163,25.6,0
C018073,300388.25916547695,58.6,0
C018074,323578.4819783507,62.4,0
C018075,49047.11647171518,16.5,0
C018076,248955.65271414327,48.5,0
C018077,125333.33989059826,26.7,0
C018078,796160.3463605898,84.9,1
C018079,265556.8428543595,52.2,0
C018080,286051.5378088911,56.1,0
C018081,258180.18268950036,50.5,0
C018082,339584.53709531075,64.5,0
C018083,513881.9183897335,73.9,0
C018084,312610.1660592359,60.8,0
C018085,673696.5893362461,79.4,0
C018086,680293.4521003135,79.7,0
C018087,109091.39284042158,24.0,0
C018088,274591.90154562634,54.0,0
C018089,261912.58257299295,51.3,0
C018090,0.0,7.0,0
C018091,294816.9260720167,57.6,0
C018092,154358.33708010646,31.2,0
C018093,220129.49977778207,42.7,0
C018094,233244.19701272342,45.3,0
C018095,280357.5603891314,55.0,0
C018096,540723.348827913,74.7,0
C018097,378659.6061601012,68.3,0
C018098,95522.09172046918,22.0,0
C018099,235122.0074213024,45.6,0
C018100,268243.0376542168,52.7,0
C018101,481907.562782607,73.0,0
C018102,776763.6388717851,84.1,1
C018103,131956.75335537616,27.7,0
C018104,720626.502326926,81.7,1
C018105,286979.1174075276,56.2,0
C018106,1062755.6775590924,90.5,1
C018107,120987.79048097596,26.0,0
C018108,243929.14468266212,47.5,0
C018109,0.0,7.0,0
C018110,41058.399835120574,15.8,0
C018111,67034.31565351863,18.2,0
C018112,276349.50578459806,54.3,0
C018113,279407.7653147721,54.9,0
C018114,643122.7007046756,78.1,0
C018115,4351308.293299782,98.0,1
C018116,565054.461353321,75.4,0
C018117,120490.6449431203,25.9,0
C018118,297817.0330356802,58.2,0
C018119,0.0,7.0,0
C018120,334454.7395907052,64.0,0
C018121,40685.82599548306,15.8,0
C018122,268967.39107804163,52.9,0
C018123,137628.80367640677,28.5,0
C018124,318123.1537206273,61.6,0
C018125,226774.58022002078,44.0,0
C018126,89356.30185637178,21.2,0
C018127,736890.2761275932,82.3,1
C018128,241478.15935707043,47.0,0
C018129,412988.053087254,70.6,0
C018130,305539.44210146414,59.5,0
C018131,4280022.411111492,97.5,1
C018132,624325.1888933874,77.4,0
C018133,269671.66450296715,53.0,0
C018134,0.0,7.0,0
C018135,679587.6059165151,79.7,0
C018136,155094.60140048288,31.3,0
C018137,206326.19737901553,40.1,0
C018138,132973.43407212273,27.8,0
C018139,163881.1209223462,32.6,0
C018140,313823.8577489309,61.0,0
C018141,0.0,7.0,0
C018142,0.0,7.0,0
C018143,4019806.7256622184,95.6,1
C018144,0.0,7.0,0
C018145,1066890.4612689617,90.6,1
C018146,0.0,7.0,0
C018147,67792.08202175226,18.4,0
C018148,0.0,7.0,0
C018149,95297.39209683945,22.0,0
C018150,73376.3537032181,19.0,0
C018151,308151.0582108733,60.0,0
C018152,3986012.4132690695,95.4,1
C018153,246683.1349604323,48.0,0
C018154,0.0,7.0,0
C018155,231633.01493082545,44.9,0
C018156,0.0,7.0,0
C018157,98689.0551921369,22.5,0
C018158,0.0,7.0,0
C018159,155097.57288711664,31.3,0
C018160,103947.07059947148,23.3,0
C018161,0.0,7.0,0
C018162,0.0,7.0,0
C018163,0.0,7.0,0
C018164,726606.2135289315,81.9,1
C018165,2889021.030122981,90.9,1
C018166,349707.4637647913,65.7,0
C018167,120237.48136641018,25.9,0
C018168,109090.84808829929,24.0,0
C018169,157870.86513502686,31.7,0
C018170,65165.19039108428,18.1,0
C018171,78632.36913399896,19.7,0
C018172,178140.3870693048,34.9,0
C018173,82771.0278558233,20.3,0
C018174,297791.40195527754,58.2,0
C018175,3798107.097939883,94.1,1
C018176,3461198.870621405,92.1,1
C018177,0.0,7.0,0
C018178,141239.06350636587,29.2,0
C018179,0.0,7.0,0
C018180,177299.04146580285,34.8,0
C018181,0.0,7.0,0
C018182,0.0,7.0,0
C018183,0.0,7.0,0
C018184,391947.46339006815,69.3,0
C018185,827379.8801013185,86.2,1
C018186,262909.5037684306,51.6,0
C018187,274289.6933866812,53.9,0
C018188,190101.08492701247,37.1,0
C018189,61515.215195111086,17.6,0
C018190,63528.72758481545,17.9,0
C018191,841018.3043354233,86.8,1
C018192,468419.3349007659,72.7,0
C018193,184956.06943013723,36.1,0
C018194,611204.7921679991,76.9,0
C018195,195146.12197868634,37.9,0
C018196,3828593.985600052,94.3,1
C018197,4208808.00299864,96.9,1
C018198,0.0,7.0,0
C018199,942684.702493692,89.5,1
C018200,0.0,7.0,0
C018201,0.0,7.0,0
C018202,180829.6593374568,35.4,0
C018203,632266.8865389881,77.7,0
C018204,3915349.5818371805,94.8,1
C018205,226325.8486261884,43.9,0
C018206,0.0,7.0,0
C018207,347627.53986995673,65.5,0
C018208,3791025.326621515,94.0,1
C018209,3572959.935412831,92.6,1
C018210,738404.8409446805,82.4,1
C018211,76622.26870866587,19.4,0
C018212,636025.5034697393,77.8,0
C018213,833510.9570986644,86.4,1
C018214,516656.50616192305,74.0,0
C018215,388363.1341726851,69.1,0
C018216,391108.8036261708,69.2,0
C018217,608201.3848660219,76.8,0
C018218,116844.04181881422,25.4,0
C018219,879910.0870255587,88.0,1
C018220,374338.72026335093,68.0,0
C018221,124107.4657382154,26.5,0
C018222,249755.09671528448,48.7,0
C018223,213559.15879387036,41.4,0
C018224,255565.33662989136,49.9,0
C018225,180730.76317800424,35.3,0
C018226,4743226.371681979,99.5,1
C018227,244931.6980228776,47.6,0
C018228,3749484.197598356,93.8,1
C018229,72550.71814491185,19.0,0
C018230,3573327.6305578966,92.6,1
C018231,167970.02065458184,33.3,0
C018232,122436.8511873531,26.2,0
C018233,0.0,7.0,0
C018234,237693.98912468622,46.3,0
C018235,315557.58359466627,61.2,0
C018236,0.0,7.0,0
C018237,211317.79597995212,41.0,0
C018238,0.0,7.0,0
C018239,4922943.1168512795,99.9,1
C018240,204256.76040145304,39.6,0
C018241,4345417.664494483,97.9,1
C018242,325348.945095167,62.7,0
C018243,121236.81375792527,26.0,0
C018244,898146.1738386998,88.5,1
C018245,96062.87858646573,22.1,0
C018246,0.0,7.0,0
C018247,224156.059281827,43.5,0
C018248,367775.52493395127,67.4,0
C018249,548968.3575853464,74.9,0
C018250,815719.4061865701,85.7,1
C018251,640324.7974701714,78.0,0
C018252,232684.00463176772,45.1,0
C018253,910775.3989011338,88.8,1
C018254,0.0,7.0,0
C018255,0.0,7.0,0
C018256,164552.1527077878,32.7,0
C018257,285788.03119963454,56.0,0
C018258,261014.07105335986,51.1,0
C018259,87006.56988574422,20.9,0
C018260,288577.12989547715,56.5,0
C018261,120777.17696053591,26.0,0
C018262,64271.04539672687,17.9,0
C018263,343935.990560048,65.0,0
C018264,95351.93341364354,22.0,0
C018265,128155.46798567535,27.2,0
C018266,113395.01372322682,24.9,0
C018267,239281.9819988053,46.6,0
C018268,349640.0134629836,65.7,0
C018269,334293.25567215664,63.9,0
C018270,3438473.3631789754,92.0,1
C018271,93448.83298347112,21.8,0
C018272,570885.3997712786,75.5,0
C018273,138008.67680157523,28.6,0
C018274,803408.0054413197,85.2,1
C018275,760494.3225540447,83.4,1
C018276,262963.81650722446,51.6,0
C018277,130754.3556714664,27.5,0
C018278,748008.2438848246,82.8,1
C018279,681761.7619833924,79.8,0
C018280,807930.931487523,85.4,1
C018281,317628.56074012903,61.6,0
C018282,306852.45495247585,59.8,0
C018283,292375.8423533889,57.2,0
C018284,101967.81847700059,23.0,0
C018285,337477.7996642879,64.3,0
C018286,103999.89817537011,23.3,0
C018287,91439.37177558699,21.5,0
C018288,4256539.203614004,97.3,1
C018289,0.0,7.0,0
C018290,200341.87332997355,38.9,0
C018291,0.0,7.0,0
C018292,0.0,7.0,0
C018293,193215.61396252303,37.6,0
C018294,0.0,7.0,0
C018295,103788.74658840812,23.3,0
C018296,707789.5529732008,81.1,1
C018297,85499.027521168,20.6,0
C018298,116291.41383505029,25.3,0
C018299,1024901.0335851724,90.4,1
C018300,114585.43553109329,25.1,0
C018301,698028.9281634883,80.6,1
C018302,828127.6430359657,86.2,1
C018303,190251.0750464957,37.1,0
C018304,89992.55886768797,21.3,0
C018305,16013.070392810594,14.6,0
C018306,386446.3189253419,68.9,0
C018307,675191.728135533,79.5,0
C018308,277544.03442152287,54.5,0
C018309,652430.8850697199,78.4,0
C018310,929596.9714204347,89.2,1
C018311,214457.88401169464,41.6,0
C018312,280486.95362412283,55.1,0
C018313,814401.8342079221,85.6,1
C018314,3451189.420008794,92.0,1
C018315,376733.77459453826,68.2,0
C018316,4333249.193130666,97.9,1
C018317,257121.63429020485,50.2,0
C018318,60349.4455144797,17.5,0
C018319,4795060.200492983,99.6,1
C018320,236857.25155553484,46.1,0
C018321,198020.01929359054,38.5,0
C018322,110999.33955651658,24.4,0
C018323,142490.4525797761,29.4,0
C018324,278783.9143349586,54.7,0
C018325,398970.75906948716,69.8,0
C018326,119539.57050741538,25.8,0
C018327,350941.36985320406,65.8,0
C018328,685173.5806461051,80.0,1
C018329,136270.52486197,28.3,0
C018330,3726632.6082636127,93.6,1
C018331,0.0,7.0,0
C018332,175575.255976264,34.5,0
C018333,222082.53721919504,43.0,0
C018334,753506.7135747434,83.1,1
C018335,199776.52506993624,38.8,0
C018336,321843.3526182217,62.1,0
C018337,142860.27026622454,29.5,0
C018338,0.0,7.0,0
C018339,242092.3532198674,47.1,0
C018340,208911.93511047532,40.5,0
C018341,122809.51746077817,26.3,0
C018342,566518.9660315869,75.4,0
C018343,373980.1084771405,67.9,0
C018344,39559.69502369359,15.7,0
C018345,926517.2425144247,89.2,1
C018346,281776.71832161,55.3,0
C018347,0.0,7.0,0
C018348,712279.739563859,81.4,1
C018349,253473.8150254325,49.5,0
C018350,269001.90550553624,52.9,0
C018351,78807.61034337233,19.7,0
C018352,148828.25008304627,30.4,0
C018353,245571.45636281848,47.8,0
C018354,151302.0510227604,30.7,0
C018355,4285591.452223758,97.5,1
C018356,3653285.3096828368,93.1,1
C018357,725186.4008039155,81.9,1
C018358,592904.1159738569,76.2,0
C018359,628106.9089160672,77.5,0
C018360,308406.71694223216,60.0,0
C018361,334371.6241094405,64.0,0
C018362,2909955.0865906533,90.9,1
C018363,0.0,7.0,0
C018364,563043.4169956933,75.3,0
C018365,69119.48853732018,18.5,0
C018366,279899.8932648196,54.9,0
C018367,55399.04688555114,17.0,0
C018368,3418014.4217080553,91.9,1
C018369,187208.72922115328,36.5,0
C018370,0.0,7.0,0
C018371,765700.0466266099,83.6,1
C018372,0.0,7.0,0
C018373,304279.70909623586,59.4,0
C018374,4311728.55806144,97.7,1
C018375,198007.99675783867,38.5,0
C018376,216604.64436620273,42.0,0
C018377,314725.9379749671,61.1,0
C018378,377521.01982849493,68.2,0
C018379,0.0,7.0,0
C018380,474236.91714950895,72.8,0
C018381,4898651.978020745,99.8,1
C018382,238554.68843163003,46.4,0
C018383,191530.47347088327,37.4,0
C018384,119154.10394089538,25.7,0
C018385,651802.822176939,78.4,0
C018386,260519.25899388874,51.0,0
C018387,323027.3733645088,62.3,0
C018388,0.0,7.0,0
C018389,51848.73697556137,16.7,0
C018390,5337067.345123667,100.0,1
C018391,663406.6120535552,78.9,0
C018392,775279.1553972331,84.0,1
C018393,0.0,7.0,0
C018394,106192.74557638973,23.7,0
C018395,0.0,7.0,0
C018396,132027.48234309256,27.7,0
C018397,177819.2760893125,34.8,0
C018398,280946.29970547947,55.2,0
C018399,244758.56465941222,47.6,0
C018400,0.0,7.0,0
C018401,306032.7520580097,59.6,0
C018402,926641.581506545,89.2,1
C018403,3476564.719483081,92.1,1
C018404,805532.7441188799,85.3,1
C018405,0.0,7.0,0
C018406,75928.21419707923,19.3,0
C018407,227124.50273854515,44.1,0
C018408,780531.868231146,84.3,1
C018409,125252.13658433795,26.7,0
C018410,139351.13524887364,28.8,0
C018411,362951.43932932866,67.0,0
C018412,209672.39203438393,40.7,0
C018413,4660632.519350525,99.3,1
C018414,4529550.68043683,98.9,1
C018415,326998.22018705274,62.9,0
C018416,655518.3520306315,78.6,0
C018417,284510.21584262914,55.8,0
C018418,80714.88218864282,20.0,0
C018419,463837.3309437798,72.6,0
C018420,237512.29802659378,46.2,0
C018421,4362843.712181207,98.1,1
C018422,171983.07424370118,33.9,0
C018423,199018.16943360653,38.7,0
C018424,0.0,7.0,0
C018425,3480492.851519937,92.2,1
C018426,101199.50907413955,22.9,0
C018427,255011.08752117102,49.8,0
C018428,332969.455951821,63.8,0
C018429,175533.16369499284,34.5,0
C018430,439024.32967608847,71.7,0
C018431,296600.3196131192,57.9,0
C018432,506004.2699961691,73.7,0
C018433,384314.9009802187,68.8,0
C018434,322214.5555482565,62.2,0
C018435,276545.4164470311,54.4,0
C018436,763938.5245138812,83.6,1
C018437,368758.7162069286,67.5,0
C018438,959277.3056815754,89.8,1
C018439,720402.4029232997,81.7,1
C018440,176012.7446441946,34.5,0
C018441,784143.5852017822,84.4,1
C018442,592146.1674680277,76.1,0
C018443,332481.81661943014,63.7,0
C018444,0.0,7.0,0
C018445,4215092.1873562215,97.0,1
C018446,0.0,7.0,0
C018447,4575245.094380912,99.1,1
C018448,280830.15008464374,55.2,0
C018449,250618.14258476318,48.8,0
C018450,949807.6345280748,89.6,1
C018451,0.0,7.0,0
C018452,0.0,7.0,0
C018453,0.0,7.0,0
C018454,444405.28942232317,71.9,0
C018455,270747.3838187534,53.2,0
C018456,0.0,7.0,0
C018457,210993.37604079055,41.0,0
C018458,0.0,7.0,0
C018459,118914.83610968379,25.6,0
C018460,906108.4589306382,88.7,1
C018461,280064.67169469455,55.0,0
C018462,272788.76905100065,53.6,0
C018463,269667.8869389971,53.0,0
C018464,114813.79960922741,25.1,0
C018465,215712.74296302645,41.9,0
C018466,897767.984870718,88.5,1
C018467,2890830.2639227165,90.9,1
C018468,177510.27473276868,34.8,0
C018469,257169.02879985736,50.2,0
C018470,161822.0269770199,32.4,0
C018471,77654.97175995503,19.6,0
C018472,0.0,7.0,0
C018473,129213.5093392,27.3,0
C018474,430260.70950024284,71.3,0
C018475,649984.4596756491,78.3,0
C018476,41525.46979904307,15.9,0
C018477,206254.51941760414,40.0,0
C018478,0.0,7.0,0
C018479,630009.6451191455,77.6,0
C018480,135525.30610779044,28.2,0
C018481,158848.51567917355,31.9,0
C018482,226349.05907379946,43.9,0
C018483,60636.946039156486,17.5,0
C018484,0.0,7.0,0
C018485,72990.6748900862,19.0,0
C018486,276523.47227637295,54.4,0
C018487,243757.22167185426,47.4,0
C018488,341327.9436061812,64.7,0
C018489,902508.9215913045,88.6,1
C018490,911606.131143602,88.8,1
C018491,180332.25829612123,35.3,0
C018492,3762101.223254636,93.9,1
C018493,163858.84570935534,32.6,0
C018494,224651.8037093025,43.6,0
C018495,284658.9188449194,55.8,0
C018496,4078878.2781575294,96.0,1
C018497,224803.10415625013,43.6,0
C018498,223776.667076101,43.4,0
C018499,372850.22888927767,67.8,0
C018500,163696.23912488413,32.6,0
C018501,0.0,7.0,0
C018502,44679.91404456071,16.1,0
C018503,867842.0340778241,87.6,1
C018504,215501.7894906335,41.8,0
C018505,342609.46807417006,64.9,0
C018506,102585.43200298843,23.1,0
C018507,164735.1251968553,32.8,0
C018508,204525.62570114306,39.7,0
C018509,206456.22671397636,40.1,0
C018510,294310.49051395274,57.5,0
C018511,350212.3072269325,65.8,0
C018512,250821.5093916676,48.9,0
C018513,0.0,7.0,0
C018514,295079.13109958585,57.7,0
C018515,0.0,7.0,0
C018516,164646.03916857304,32.8,0
C018517,178770.9160805415,35.0,0
C018518,0.0,7.0,0
C018519,363517.35693484213,67.0,0
C018520,268248.84047795983,52.7,0
C018521,4311892.399325826,97.7,1
C018522,239224.69533948848,46.6,0
C018523,473057.6016006234,72.8,0
C018524,0.0,7.0,0
C018525,193922.89986199274,37.7,0
C018526,551604.8915546042,75.0,0
C018527,355363.3959938793,66.3,0
C018528,168022.43962051187,33.4,0
C018529,4602785.928596824,99.1,1
C018530,315774.971735814,61.3,0
C018531,0.0,7.0,0
C018532,4286578.934281367,97.6,1
C018533,0.0,7.0,0
C018534,19024.986319152256,14.7,0
C018535,4333268.544090303,97.9,1
C018536,0.0,7.0,0
C018537,29900.507583436705,15.1,0
C018538,314967.91410323686,61.1,0
C018539,913696.991475162,88.9,1
C018540,82193.26713082788,20.2,0
C018541,0.0,7.0,0
C018542,93090.68312690988,21.7,0
C018543,231006.0955777063,44.8,0
C018544,0.0,7.0,0
C018545,282595.2818671061,55.4,0
C018546,593068.754705384,76.2,0
C018547,0.0,7.0,0
C018548,245947.50059313953,47.8,0
C018549,0.0,7.0,0
C018550,200497.60850864713,38.9,0
C018551,138760.93776961084,28.7,0
C018552,673511.1950585736,79.4,0
C018553,0.0,7.0,0
C018554,0.0,7.0,0
C018555,128858.61579689968,27.3,0
C018556,242056.23751459786,47.1,0
C018557,125901.73051465803,26.8,0
C018558,205899.13508695457,40.0,0
C018559,0.0,7.0,0
C018560,210295.67406234596,40.8,0
C018561,0.0,7.0,0
C018562,177086.02630090696,34.7,0
C018563,4986024.267163005,99.9,1
C018564,202521.0507813359,39.2,0
C018565,51526.28405052722,16.7,0
C018566,215806.72389598357,41.9,0
C018567,729284.1477988053,82.0,1
C018568,0.0,7.0,0
C018569,191478.80277738604,37.3,0
C018570,134981.0930485392,28.1,0
C018571,276480.6063218218,54.4,0
C018572,103655.75306723041,23.3,0
C018573,0.0,7.0,0
C018574,422968.51238860073,71.0,0
C018575,250471.8232833987,48.8,0
C018576,258240.28146097992,50.5,0
C018577,4028543.0696230084,95.6,1
C018578,341852.2367336613,64.8,0
C018579,214515.25517940085,41.6,0
C018580,779539.6790461736,84.2,1
C018581,123182.17213770909,26.3,0
C018582,943330.8182453145,89.5,1
C018583,0.0,7.0,0
C018584,289562.96786802803,56.7,0
C018585,704021.0319472098,80.9,1
C018586,3542394.494407886,92.4,1
C018587,3783731.791766954,94.0,1
C018588,4311036.272017306,97.7,1
C018589,4467838.1570845535,98.6,1
C018590,289801.79841290356,56.7,0
C018591,104332.8907735534,23.4,0
C018592,208441.6554609929,40.5,0
C018593,621714.2881167867,77.3,0
C018594,4647473.350995608,99.2,1
C018595,4255004.706980245,97.3,1
C018596,756532.363823951,83.2,1
C018597,235359.73599175466,45.7,0
C018598,623973.3988125896,77.4,0
C018599,167159.45960947682,33.2,0
C018600,100660.85058345711,22.8,0
C018601,340304.7613834691,64.6,0
C018602,670198.4011544302,79.3,0
C018603,272810.05328339856,53.6,0
C018604,0.0,7.0,0
C018605,3015821.5165134575,91.0,1
C018606,67365.90859280535,18.3,0
C018607,0.0,7.0,0
C018608,204262.10340014286,39.6,0
C018609,0.0,7.0,0
C018610,156099.74002883193,31.5,0
C018611,0.0,7.0,0
C018612,148827.7693482341,30.4,0
C018613,254729.9791844002,49.7,0
C018614,225195.8084822577,43.7,0
C018615,177134.97013094195,34.7,0
C018616,3404902.584385151,91.8,1
C018617,412910.8657630705,70.5,0
C018618,436908.9950773885,71.6,0
C018619,0.0,7.0,0
C018620,846982.9559855678,87.0,1
C018621,224823.4230139961,43.6,0
C018622,4438668.265547066,98.5,1
C018623,0.0,7.0,0
C018624,256443.25919164016,50.1,0
C018625,296551.8252925913,57.9,0
C018626,282973.1693885643,55.5,0
C018627,561851.1855048155,75.3,0
C018628,922471.2182233986,89.1,1
C018629,128631.02540214363,27.2,0
C018630,721970.4040611503,81.7,1
C018631,0.0,7.0,0
C018632,0.0,7.0,0
C018633,3981803.7181942533,95.3,1
C018634,0.0,7.0,0
C018635,0.0,7.0,0
C018636,88119.36713414355,21.0,0
C018637,0.0,7.0,0
C018638,255824.36155105222,50.0,0
C018639,279726.09285222425,54.9,0
C018640,968336.7999989488,89.9,1
C018641,3223199.060082012,91.4,1
C018642,97266.230968501,22.3,0
C018643,616079.7503817858,77.1,0
C018644,138219.8281311733,28.6,0
C018645,220630.17339128215,42.8,0
C018646,165900.65663332067,33.0,0
C018647,151468.97773447027,30.7,0
C018648,703188.1314942453,80.9,1
C018649,884005.7120666004,88.2,1
C018650,140749.62659588095,29.1,0
C018651,0.0,7.0,0
C018652,59087.484529207024,17.4,0
C018653,1037976.2642217025,90.5,1
C018654,0.0,7.0,0
C018655,285835.6546219502,56.0,0
C018656,97332.58622977676,22.3,0
C018657,3726805.4996985416,93.6,1
C018658,294674.1564245119,57.6,0
C018659,299667.43629582203,58.5,0
C018660,330142.6798840243,63.4,0
C018661,4213036.009773228,96.9,1
C018662,125947.92006689188,26.8,0
C018663,257231.6784140721,50.3,0
C018664,151246.44270386634,30.7,0
C018665,299524.068694052,58.4,0
C018666,72021.09648651742,18.9,0
C018667,0.0,7.0,0
C018668,191069.3500629895,37.3,0
C018669,416886.1651459308,70.8,0
C018670,84963.75111080337,20.6,0
C018671,352869.9400476259,66.1,0
C018672,538828.0672496433,74.6,0
C018673,148283.7270236502,30.3,0
C018674,168333.11874452746,33.4,0
C018675,3913923.614958144,94.8,1
C018676,264522.18129934446,52.0,0
C018677,765525.5579448035,83.6,1
C018678,0.0,7.0,0
C018679,203900.58882454905,39.5,0
C018680,155223.23203098183,31.3,0
C018681,282178.24308499333,55.4,0
C018682,3708788.3426771867,93.5,1
C018683,178137.2035715893,34.9,0
C018684,101692.34383148838,23.0,0
C018685,955021.3576609008,89.7,1
C018686,3706934.864796733,93.4,1
C018687,95279.89481504474,22.0,0
C018688,219197.5316401309,42.5,0
C018689,4433201.980647844,98.4,1
C018690,766795.1048943562,83.7,1
C018691,339330.3516011918,64.5,0
C018692,0.0,7.0,0
C018693,171338.10543485478,33.8,0
C018694,278495.7424238642,54.7,0
C018695,0.0,7.0,0
C018696,802824.6122658858,85.2,1
C018697,0.0,7.0,0
C018698,192278.19000671193,37.4,0
C018699,181396.84044103435,35.5,0
C018700,216028.70294831632,42.0,0
C018701,303377.5664231167,59.2,0
C018702,86719.92175062504,20.8,0
C018703,639123.6147012082,77.9,0
C018704,560878.6309619095,75.2,0
C018705,0.0,7.0,0
C018706,380891.39495638554,68.5,0
C018707,611722.3440550787,76.9,0
C018708,0.0,7.0,0
C018709,0.0,7.0,0
C018710,186382.1320002072,36.3,0
C018711,0.0,7.0,0
C018712,3671588.264045386,93.2,1
C018713,212144.26962527435,41.2,0
C018714,225514.8419135078,43.7,0
C018715,210772.38278851096,40.9,0
C018716,215073.89002760733,41.7,0
C018717,592024.6977088157,76.1,0
C018718,687466.8729955999,80.1,1
C018719,937675.8807472015,89.4,1
C018720,435057.03717945947,71.5,0
C018721,0.0,7.0,0
C018722,0.0,7.0,0
C018723,106179.0431951427,23.7,0
C018724,4708218.521643985,99.4,1
C018725,108248.69203622443,23.9,0
C018726,0.0,7.0,0
C018727,870404.1856906236,87.7,1
C018728,42129.41487794828,15.9,0
C018729,262840.2065438593,51.6,0
C018730,0.0,7.0,0
C018731,847930.0952989701,87.1,1
C018732,0.0,7.0,0
C018733,289810.82497982355,56.7,0
C018734,0.0,7.0,0
C018735,4880402.749643194,99.8,1
C018736,688577.6218062886,80.1,1
C018737,206431.14176922123,40.1,0
C018738,278971.125254923,54.8,0
C018739,4375229.231702463,98.1,1
C018740,152792.66674507482,30.9,0
C018741,4394279.018115051,98.3,1
C018742,172908.65388035282,34.1,0
C018743,0.0,7.0,0
C018744,264222.2828558139,51.9,0
C018745,0.0,7.0,0
C018746,325861.14556593954,62.8,0
C018747,292368.1835712765,57.2,0
C018748,556185.9890699818,75.1,0
C018749,162800.14266605026,32.5,0
C018750,253730.86891823757,49.6,0
C018751,0.0,7.0,0
C018752,175993.94638381308,34.5,0
C018753,3435485.9057012806,92.0,1
C018754,3984875.748510403,95.4,1
C018755,316504.54964993574,61.4,0
C018756,279699.9832213236,54.9,0
C018757,921290.3762957685,89.1,1
C018758,766785.845031161,83.7,1
C018759,689619.6141121677,80.2,1
C018760,330334.54682215984,63.4,0
C018761,3197551.1996663976,91.3,1
C018762,63786.07836652005,17.9,0
C018763,119441.8241717834,25.8,0
C018764,119054.1490520568,25.7,0
C018765,286041.5196997306,56.1,0
C018766,308779.1886699801,60.1,0
C018767,264416.8073461179,52.0,0
C018768,165617.40760204117,33.0,0
C018769,248844.47411480523,48.5,0
C018770,98814.07519223679,22.6,0
C018771,393869.8489827206,69.4,0
C018772,683490.4488382977,79.9,0
C018773,241081.985248723,46.9,0
C018774,183952.09283608804,35.9,0
C018775,259385.80589639032,50.7,0
C018776,836837.376721938,86.6,1
C018777,1151942.7649078243,90.7,1
C018778,4465589.038354039,98.6,1
C018779,9603.522075393103,14.4,0
C018780,177580.12600520562,34.8,0
C018781,346929.73092176317,65.4,0
C018782,110733.21321393357,24.3,0
C018783,4237112.853804271,97.1,1
C018784,615915.9845110851,77.1,0
C018785,935370.4572957715,89.3,1
C018786,328054.50265517924,63.1,0
C018787,3619201.2665496883,92.9,1
C018788,423522.3478575846,71.0,0
C018789,363937.59145553876,67.1,0
C018790,0.0,7.0,0
C018791,230472.27490393491,44.7,0
C018792,179273.3728532262,35.1,0
C018793,233599.08457781366,45.4,0
C018794,638946.9045138833,77.9,0
C018795,240812.65140597586,46.8,0
C018796,818288.967773031,85.8,1
C018797,203595.44244451413,39.5,0
C018798,429303.1535255283,71.3,0
C018799,0.0,7.0,0
C018800,587737.793204935,76.0,0
C018801,4801104.705997344,99.6,1
C018802,883536.670458368,88.1,1
C018803,246469.58705299525,47.9,0
C018804,0.0,7.0,0
C018805,295964.05679723277,57.8,0
C018806,3745.2476117728743,14.2,0
C018807,4041786.4832697827,95.7,1
C018808,0.0,7.0,0
C018809,234508.405658344,45.5,0
C018810,0.0,7.0,0
C018811,0.0,7.0,0
C018812,152998.25227893013,31.0,0
C018813,3922792.512881901,94.9,1
C018814,347318.7658929213,65.4,0
C018815,270773.7899073823,53.2,0
C018816,0.0,7.0,0
C018817,3490540.2002950646,92.2,1
C018818,205648.48980798826,39.9,0
C018819,0.0,7.0,0
C018820,321204.77475458133,62.0,0
C018821,0.0,7.0,0
C018822,0.0,7.0,0
C018823,76796.322704418,19.5,0
C018824,543430.7738567343,74.8,0
C018825,434946.7345406351,71.5,0
C018826,123513.2556998439,26.4,0
C018827,237934.30927017995,46.3,0
C018828,301775.3812570828,58.9,0
C018829,355547.37867319596,66.4,0
C018830,315792.5410203862,61.3,0
C018831,103830.47828697765,23.3,0
C018832,88111.06883192323,21.0,0
C018833,301992.6437298882,58.9,0
C018834,699985.6921920332,80.7,1
C018835,0.0,7.0,0
C018836,4290807.298273724,97.6,1
C018837,165914.98829190494,33.0,0
C018838,3328904.9715465633,91.6,1
C018839,248967.85983696737,48.5,0
C018840,437785.1637066429,71.6,0
C018841,197942.26900965173,38.5,0
C018842,342279.074456029,64.8,0
C018843,1078373.0935974088,90.6,1
C018844,164288.28331035972,32.7,0
C018845,0.0,7.0,0
C018846,123630.48111350785,26.4,0
C018847,0.0,7.0,0
C018848,234034.5989022268,45.4,0
C018849,889591.5719050402,88.3,1
C018850,841173.076887976,86.8,1
C018851,188562.53020975416,36.8,0
C018852,262892.27503087895,51.6,0
C018853,0.0,7.0,0
C018854,101344.66744802814,22.9,0
C018855,221476.3220416831,42.9,0
C018856,0.0,7.0,0
C018857,122336.06669916649,26.2,0
C018858,803737.4148116335,85.2,1
C018859,0.0,7.0,0
C018860,0.0,7.0,0
C018861,672367.3313636979,79.4,0
C018862,256585.44053193656,50.1,0
C018863,342672.16110791755,64.9,0
C018864,0.0,7.0,0
C018865,590871.1425060693,76.1,0
C018866,495627.6023190106,73.4,0
C018867,164296.40488630088,32.7,0
C018868,859844.3436402202,87.4,1
C018869,922918.353243073,89.1,1
C018870,251031.6449863462,48.9,0
C018871,4135317.5912982314,96.4,1
C018872,54773.97323550612,17.0,0
C018873,235487.00015358886,45.7,0
C018874,3583379.517964776,92.7,1
C018875,0.0,7.0,0
C018876,4966552.248965923,99.9,1
C018877,4193904.535757361,96.8,1
C018878,81615.69473135658,20.2,0
C018879,321327.9509507271,62.1,0
C018880,111313.01256717439,24.4,0
C018881,237450.4754211742,46.2,0
C018882,279015.9563954073,54.8,0
C018883,437191.5770498103,71.6,0
C018884,225973.10611802916,43.8,0
C018885,56719.32582005946,17.1,0
C018886,264313.86670578504,51.9,0
C018887,641583.8447058115,78.0,0
C018888,160006.23714792318,32.1,0
C018889,67431.06026102255,18.3,0
C018890,3764527.129401033,93.9,1
C018891,281439.34509666445,55.2,0
C018892,18856.774615780454,14.6,0
C018893,365266.5503283376,67.2,0
C018894,0.0,7.0,0
C018895,222216.94439063244,43.1,0
C018896,57398.22068014261,17.2,0
C018897,0.0,7.0,0
C018898,185043.5964784581,36.1,0
C018899,150178.08360623894,30.5,0
C018900,0.0,7.0,0
C018901,776587.9958507457,84.1,1
C018902,690633.6686953083,80.3,1
C018903,128480.98500463678,27.2,0
C018904,79123.33931205844,19.8,0
C018905,112500.85678245738,24.7,0
C018906,4142827.0673127677,96.4,1
C018907,859742.1155741154,87.4,1
C018908,777055.9110028315,84.1,1
C018909,214140.63165457617,41.5,0
C018910,4222714.574474359,97.0,1
C018911,0.0,7.0,0
C018912,0.0,7.0,0
C018913,0.0,7.0,0
C018914,153559.63402607368,31.1,0
C018915,737964.9702316129,82.4,1
C018916,248775.7408512692,48.5,0
C018917,190399.53692940174,37.1,0
C018918,3270853.5725192074,91.5,1
C018919,230303.8391987919,44.7,0
C018920,257230.52185381087,50.3,0
C018921,4469443.564478974,98.6,1
C018922,193814.67470813548,37.7,0
C018923,131100.6277355227,27.6,0
C018924,715943.5294252357,81.5,1
C018925,691794.1253514125,80.3,1
C018926,0.0,7.0,0
C018927,156183.6194795185,31.5,0
C018928,13960.54854998885,14.5,0
C018929,212222.45842485892,41.2,0
C018930,269206.3299531576,52.9,0
C018931,278590.40074867476,54.7,0
C018932,346852.5385263203,65.4,0
C018933,0.0,7.0,0
C018934,0.0,7.0,0
C018935,365637.72024620435,67.2,0
C018936,41913.53943177073,15.9,0
C018937,229942.24723154496,44.6,0
C018938,812302.0345728152,85.5,1
C018939,236511.52323881068,46.0,0
C018940,247490.9662961772,48.2,0
C018941,647504.7906160414,78.2,0
C018942,0.0,7.0,0
C018943,290191.35693967465,56.8,0
C018944,229527.52555222056,44.6,0
C018945,0.0,7.0,0
C018946,292992.5635327712,57.3,0
C018947,522786.74428956036,74.2,0
C018948,445586.96189651586,71.9,0
C018949,0.0,7.0,0
C018950,207034.21534766848,40.2,0
C018951,291233.50111043855,57.0,0
C018952,304630.04508048913,59.4,0
C018953,4104973.7640838395,96.2,1
C018954,282553.31934131944,55.4,0
C018955,0.0,7.0,0
C018956,406170.46112607914,70.2,0
C018957,4709500.821278831,99.4,1
C018958,144138.5955606044,29.7,0
C018959,180952.17193740577,35.4,0
C018960,824938.5011310169,86.1,1
C018961,453860.47967580735,72.2,0
C018962,0.0,7.0,0
C018963,1037314.8422687907,90.5,1
C018964,153455.5479292341,31.0,0
C018965,211287.8191272131,41.0,0
C018966,0.0,7.0,0
C018967,295724.56190282054,57.8,0
C018968,344197.93192066014,65.1,0
C018969,633925.2750230213,77.7,0
C018970,214799.84903097647,41.7,0
C018971,733660.0734304964,82.2,1
C018972,4164746.4367374503,96.6,1
C018973,654306.1065676693,78.5,0
C018974,186864.82866619635,36.4,0
C018975,796801.1838325805,84.9,1
C018976,261047.0090578946,51.2,0
C018977,352270.5147698068,66.0,0
C018978,54264.32238703071,16.9,0
C018979,90009.38126306477,21.3,0
C018980,261094.55052838256,51.2,0
C018981,0.0,7.0,0
C018982,4344720.55410818,97.9,1
C018983,3388984.4770832807,91.8,1
C018984,0.0,7.0,0
C018985,323901.4367011277,62.5,0
C018986,3717112.096248943,93.5,1
C018987,271091.42771083215,53.3,0
C018988,436946.3108052232,71.6,0
C018989,710761.9048053565,81.3,1
C018990,325501.4140089039,62.7,0
C018991,125381.14679466667,26.7,0
C018992,373604.5365774667,67.9,0
C018993,0.0,7.0,0
C018994,0.0,7.0,0
C018995,222390.43466992833,43.1,0
C018996,261022.01334001793,51.1,0
C018997,162810.93365953641,32.5,0
C018998,495425.7667139534,73.4,0
C018999,307621.0360083887,59.9,0
C019000,4287261.129603881,97.6,1
C019001,0.0,7.0,0
C019002,232518.67174914395,45.1,0
C019003,787133.8122700268,84.5,1
C019004,0.0,7.0,0
C019005,111961.0936247118,24.6,0
C019006,196293.10900254827,38.2,0
C019007,341557.43338285846,64.7,0
C019008,3965314.4486248195,95.2,1
C019009,228716.51988780854,44.4,0
C019010,4342739.782195592,97.9,1
C019011,222883.786309903,43.2,0
C019012,219535.6108193129,42.6,0
C019013,435436.88515403564,71.5,0
C019014,736706.0798754456,82.3,1
C019015,277954.3000336061,54.6,0
C019016,295239.79964482307,57.7,0
C019017,296870.0222749815,58.0,0
C019018,637687.4895966054,77.9,0
C019019,876985.6507475431,87.9,1
C019020,258966.05938749868,50.6,0
C019021,294043.6107145516,57.5,0
C019022,241647.3067671511,47.0,0
C019023,323532.0946053412,62.4,0
C019024,6013.827549740417,14.3,0
C019025,151719.92513121932,30.8,0
C019026,4099901.6492936844,96.1,1
C019027,848365.7973439364,87.1,1
C019028,3886726.4665049547,94.6,1
C019029,105749.98214846551,23.6,0
C019030,270615.0452758382,53.2,0
C019031,104619.19207128398,23.4,0
C019032,0.0,7.0,0
C019033,0.0,7.0,0
C019034,0.0,7.0,0
C019035,268370.40466561844,52.7,0
C019036,741560.9418214217,82.5,1
C019037,478976.08307803626,73.0,0
C019038,258020.84946224655,50.4,0
C019039,0.0,7.0,0
C019040,83116.52795011578,20.3,0
C019041,159125.27431676118,32.0,0
C019042,0.0,7.0,0
C019043,308097.1574605178,60.0,0
C019044,771819.3057972939,83.9,1
C019045,0.0,7.0,0
C019046,0.0,7.0,0
C019047,814932.2140385499,85.7,1
C019048,25329.489681372877,14.9,0
C019049,364358.22846373974,67.1,0
C019050,177887.50452453378,34.8,0
C019051,502293.85280159186,73.6,0
C019052,0.0,7.0,0
C019053,341177.0378505543,64.7,0
C019054,3487438.979469899,92.2,1
C019055,316895.87743759603,61.5,0
C019056,48384.13052477629,16.4,0
C019057,284172.1144024662,55.7,0
C019058,102818.44921605474,23.1,0
C019059,0.0,7.0,0
C019060,322343.6146490055,62.2,0
C019061,0.0,7.0,0
C019062,189146.22772893385,36.9,0
C019063,0.0,7.0,0
C019064,205752.02813135754,39.9,0
C019065,100299.64157110636,22.8,0
C019066,187026.1756623518,36.5,0
C019067,17375.09621191261,14.6,0
C019068,174526.4092998642,34.3,0
C019069,258953.69590017997,50.6,0
C019070,288627.4194344493,56.5,0
C019071,204469.925718213,39.7,0
C019072,304604.1097964706,59.4,0
C019073,0.0,7.0,0
C019074,821234.3700661369,85.9,1
C019075,4245141.826198766,97.2,1
C019076,302487.33501190296,59.0,0
C019077,0.0,7.0,0
C019078,3810993.315896567,94.2,1
C019079,178799.45303446052,35.0,0
C019080,265972.1297913969,52.3,0
C019081,645184.6453660147,78.1,0
C019082,64802.21476425818,18.0,0
C019083,645436.9539365191,78.1,0
C019084,0.0,7.0,0
C019085,0.0,7.0,0
C019086,184943.01864453734,36.1,0
C019087,0.0,7.0,0
C019088,822706.5359887211,86.0,1
C019089,239604.533399598,46.6,0
C019090,71253.02758909081,18.8,0
C019091,403482.1870155109,70.1,0
C019092,4266422.620259995,97.4,1
C019093,0.0,7.0,0
C019094,0.0,7.0,0
C019095,29766.68157323416,15.1,0
C019096,67281.94615023953,18.3,0
C019097,0.0,7.0,0
C019098,4739571.145940511,99.5,1
C019099,610353.0924558404,76.8,0
C019100,4289195.630277098,97.6,1
C019101,154538.4054915835,31.2,0
C019102,199385.47505532936,38.8,0
C019103,383627.9412764706,68.7,0
C019104,4315890.170347805,97.8,1
C019105,634803.9224304089,77.8,0
C019106,250623.52793607456,48.8,0
C019107,0.0,7.0,0
C019108,0.0,7.0,0
C019109,642237.7044496781,78.0,0
C019110,576389.2612756126,75.7,0
C019111,207963.7250503978,40.4,0
C019112,396929.8879088364,69.6,0
C019113,235895.72348073972,45.8,0
C019114,4077846.2825601585,96.0,1
C019115,3880206.8288159845,94.6,1
C019116,352216.77748062933,66.0,0
C019117,749326.9075202759,82.9,1
C019118,316557.5860347163,61.4,0
C019119,712021.9486242794,81.4,1
C019120,304257.88161818363,59.4,0
C019121,839500.5293829209,86.7,1
C019122,90056.6301449472,21.3,0
C019123,4642068.761169561,99.2,1
C019124,596307.7432946813,76.3,0
C019125,0.0,7.0,0
C019126,685174.9086283128,80.0,1
C019127,497567.8341124158,73.5,0
C019128,391364.78610046353,69.2,0
C019129,243801.77410723607,47.4,0
C019130,0.0,7.0,0
C019131,48060.914698751716,16.4,0
C019132,13184.147053701608,14.5,0
C019133,454949.8358113096,72.3,0
C019134,773467.9603434439,84.0,1
C019135,0.0,7.0,0
C019136,356041.1207980058,66.4,0
C019137,85502.87721927579,20.6,0
C019138,5629.916577064468,14.3,0
C019139,285574.4689877981,56.0,0
C019140,0.0,7.0,0
C019141,180997.21491640966,35.4,0
C019142,528406.0689856294,74.3,0
C019143,116842.38245158443,25.4,0
C019144,127273.2250395255,27.0,0
C019145,0.0,7.0,0
C019146,324899.58822871104,62.6,0
C019147,0.0,7.0,0
C019148,279071.221008155,54.8,0
C019149,609413.7209413914,76.8,0
C019150,0.0,7.0,0
C019151,0.0,7.0,0
C019152,777744.7838773313,84.2,1
C019153,162754.90418746442,32.5,0
C019154,343097.31006337854,64.9,0
C019155,0.0,7.0,0
C019156,122003.87945517726,26.1,0
C019157,0.0,7.0,0
C019158,590640.4814167472,76.1,0
C019159,152567.90342638415,30.9,0
C019160,297568.24131230207,58.1,0
C019161,108595.9960909372,24.0,0
C019162,664945.2472070623,79.0,0
C019163,524546.4108228297,74.2,0
C019164,187231.89523269283,36.5,0
C019165,207531.43363168064,40.3,0
C019166,97725.32603209536,22.4,0
C019167,273146.4936328924,53.7,0
C019168,0.0,7.0,0
C019169,327144.9590925034,63.0,0
C019170,91377.25876846416,21.5,0
C019171,0.0,7.0,0
C019172,945289.2627009662,89.5,1
C019173,295185.5066854163,57.7,0
C019174,344292.9502200357,65.1,0
C019175,804599.2566811101,85.2,1
C019176,280156.19841030904,55.0,0
C019177,711240.3477855934,81.3,1
C019178,48338.34478379352,16.4,0
C019179,601397.747690198,76.5,0
C019180,217429.92730614505,42.2,0
C019181,109393.19137378084,24.1,0
C019182,683806.5876823001,79.9,0
C019183,114923.51824763571,25.1,0
C019184,179037.39250377336,35.1,0
C019185,384237.86554887943,68.8,0
C019186,240556.89057952643,46.8,0
C019187,170478.23518963682,33.7,0
C019188,412446.6660404431,70.5,0
C019189,187605.71785920576,36.6,0
C019190,0.0,7.0,0
C019191,371970.4979377205,67.7,0
C019192,226841.5603610555,44.0,0
C019193,76203.88107184331,19.4,0
C019194,0.0,7.0,0
C019195,195686.85264700916,38.0,0
C019196,683989.3890833847,79.9,0
C019197,284895.20100565656,55.9,0
C019198,0.0,7.0,0
C019199,150852.95324622424,30.6,0
C019200,92563.14975374691,21.7,0
C019201,232012.00202564016,45.0,0
C019202,125674.76264951169,26.8,0
C019203,192915.51288458268,37.5,0
C019204,226001.31596741974,43.8,0
C019205,123123.08115928333,26.3,0
C019206,3566865.3770467085,92.6,1
C019207,63772.50010859527,17.9,0
C019208,178621.57737406608,35.0,0
C019209,353480.86087540037,66.1,0
C019210,60724.40827985236,17.5,0
C019211,642657.0465546041,78.1,0
C019212,92066.78518988611,21.6,0
C019213,0.0,7.0,0
C019214,0.0,7.0,0
C019215,274236.77404625865,53.9,0
C019216,71230.23246120145,18.8,0
C019217,228095.54207300537,44.3,0
C019218,0.0,7.0,0
C019219,0.0,7.0,0
C019220,947898.6728582944,89.6,1
C019221,3723585.50068458,93.6,1
C019222,206971.4799283668,40.2,0
C019223,309491.44161807233,60.3,0
C019224,292810.8422891076,57.3,0
C019225,10600.72113112266,14.4,0
C019226,4403953.594127425,98.3,1
C019227,239487.46108201263,46.6,0
C019228,139346.635299194,28.8,0
C019229,724372.5799334542,81.8,1
C019230,0.0,7.0,0
C019231,79683.00010518762,19.9,0
C019232,291447.3154098508,57.0,0
C019233,223605.80170084507,43.4,0
C019234,143191.08598026194,29.5,0
C019235,3599226.7950139875,92.7,1
C019236,0.0,7.0,0
C019237,370161.5848356502,67.6,0
C019238,124266.40600000252,26.5,0
C019239,617621.5245850307,77.2,0
C019240,177905.45368089475,34.8,0
C019241,0.0,7.0,0
C019242,43862.68964633052,16.1,0
C019243,31883.07855027198,15.2,0
C019244,0.0,7.0,0
C019245,690361.2582474619,80.3,1
C019246,3652451.6806427496,93.1,1
C019247,339981.7100297939,64.6,0
C019248,0.0,7.0,0
C019249,135475.56007308213,28.2,0
C019250,176946.50347904992,34.7,0
C019251,585944.1091675896,75.9,0
C019252,0.0,7.0,0
C019253,112746.71327426004,24.7,0
C019254,676531.556082073,79.6,0
C019255,3658287.9224707256,93.1,1
C019256,0.0,7.0,0
C019257,377926.9922306347,68.3,0
C019258,236683.59486210984,46.0,0
C019259,622948.4584967166,77.3,0
C019260,308753.8322071407,60.1,0
C019261,258493.4041585334,50.5,0
C019262,260002.35354125767,50.8,0
C019263,193070.87761963837,37.6,0
C019264,3473536.1126804478,92.1,1
C019265,452982.51793647633,72.2,0
C019266,0.0,7.0,0
C019267,188072.50670719147,36.7,0
C019268,184429.72603302274,35.9,0
C019269,3975369.332496685,95.2,1
C019270,4386176.840718832,98.2,1
C019271,3329199.8234345154,91.6,1
C019272,29691.791836647775,15.1,0
C019273,601600.3231442439,76.5,0
C019274,579535.0335517757,75.8,0
C019275,4313395.599366498,97.7,1
C019276,3917308.615951316,94.8,1
C019277,252999.30086129552,49.4,0
C019278,85035.84645539153,20.6,0
C019279,143067.854233118,29.5,0
C019280,314613.19786759827,61.1,0
C019281,192528.26441482786,37.5,0
C019282,0.0,7.0,0
C019283,774200.8233210735,84.0,1
C019284,837175.2126197091,86.6,1
C019285,290839.8647365806,56.9,0
C019286,336318.64834920043,64.1,0
C019287,155583.73532305652,31.4,0
C019288,1021037.0892612821,90.4,1
C019289,938899.4084503155,89.4,1
C019290,3515532.0300248787,92.3,1
C019291,343307.8026179394,65.0,0
C019292,256389.04947988057,50.1,0
C019293,3875887.7000706894,94.5,1
C019294,742257.8218234379,82.6,1
C019295,842079.729240745,86.8,1
C019296,634539.6040484892,77.8,0
C019297,171736.95074970397,33.9,0
C019298,0.0,7.0,0
C019299,0.0,7.0,0
C019300,0.0,7.0,0
C019301,205245.04968634082,39.8,0
C019302,0.0,7.0,0
C019303,0.0,7.0,0
C019304,224355.3996052797,43.5,0
C019305,226865.65887384463,44.0,0
C019306,739436.5228519124,82.5,1
C019307,717358.0258834444,81.6,1
C019308,342413.7527467648,64.8,0
C019309,388391.1013471648,69.1,0
C019310,4214376.825655338,96.9,1
C019311,0.0,7.0,0
C019312,0.0,7.0,0
C019313,263199.2481860237,51.7,0
C019314,189070.83427316972,36.9,0
C019315,771522.9033779715,83.9,1
C019316,114564.48074094822,25.1,0
C019317,690637.4821878902,80.3,1
C019318,329864.9534210961,63.3,0
C019319,178497.76826818896,35.0,0
C019320,717778.3754306398,81.6,1
C019321,309055.5701472162,60.2,0
C019322,220239.9821668202,42.8,0
C019323,276593.2175673585,54.4,0
C019324,213387.7219811797,41.4,0
C019325,20206.613625846523,14.7,0
C019326,228363.14361268538,44.4,0
C019327,3182495.5116647165,91.3,1
C019328,241134.01429188534,46.9,0
C019329,242188.5715045845,47.1,0
C019330,55086.282659584,17.0,0
C019331,344022.77820038307,65.1,0
C019332,112570.94029430879,24.7,0
C019333,0.0,7.0,0
C019334,99786.85656910462,22.7,0
C019335,731802.9073045969,82.1,1
C019336,0.0,7.0,0
C019337,227083.02008707507,44.1,0
C019338,245062.35140079894,47.7,0
C019339,1071.5456096805085,14.2,0
C019340,351418.32609472907,65.9,0
C019341,399521.2730407487,69.8,0
C019342,121374.71725232017,26.0,0
C019343,413928.65924281365,70.6,0
C019344,181777.94835243316,35.5,0
C019345,129933.84133661672,27.4,0
C019346,0.0,7.0,0
C019347,3626477.4404968726,92.9,1
C019348,0.0,7.0,0
C019349,84217.21102121654,20.5,0
C019350,932144.1466282499,89.3,1
C019351,2716559.6851568082,90.8,1
C019352,15437.7873006663,14.5,0
C019353,840072.4650075723,86.7,1
C019354,248249.4999759535,48.4,0
C019355,3575325.7803319986,92.6,1
C019356,622258.6009681177,77.3,0
C019357,4457612.18485125,98.6,1
C019358,157971.01586685734,31.8,0
C019359,242579.76198750004,47.2,0
C019360,0.0,7.0,0
C019361,77756.7582015264,19.6,0
C019362,298764.459203322,58.3,0
C019363,835196.1169583547,86.5,1
C019364,4138409.142678891,96.4,1
C019365,188455.15357734187,36.8,0
C019366,854054.6971315973,87.2,1
C019367,375359.97823785443,68.0,0
C019368,196591.7059882605,38.2,0
C019369,119746.39417204382,25.8,0
C019370,344912.6542587994,65.2,0
C019371,264133.96000827895,51.9,0
C019372,150014.03717728134,30.5,0
C019373,364302.7215197724,67.1,0
C019374,91972.25397036508,21.6,0
C019375,124624.45903599632,26.6,0
C019376,237581.83079762512,46.2,0
C019377,0.0,7.0,0
C019378,398470.28485321713,69.7,0
C019379,105054.28761178168,23.5,0
C019380,3700510.110478211,93.4,1
C019381,385988.82625478064,68.9,0
C019382,376295.16643782397,68.1,0
C019383,83169.53923157336,20.4,0
C019384,4456712.574195215,98.6,1
C019385,319920.0392822017,61.9,0
C019386,38945.811320346744,15.7,0
C019387,260203.8105304582,50.9,0
C019388,154449.48194976727,31.2,0
C019389,355445.8854404122,66.3,0
C019390,0.0,7.0,0
C019391,945384.4977903995,89.5,1
C019392,244854.78058463498,47.6,0
C019393,258915.1949390949,50.6,0
C019394,0.0,7.0,0
C019395,0.0,7.0,0
C019396,137558.4295688017,28.5,0
C019397,4923362.302899901,99.9,1
C019398,223447.02483569982,43.3,0
C019399,273935.01460452774,53.8,0
C019400,0.0,7.0,0
C019401,141300.96965366235,29.2,0
C019402,0.0,7.0,0
C019403,249862.423869704,48.7,0
C019404,253220.075397515,49.5,0
C019405,26485.916828933052,15.0,0
C019406,76065.77381700024,19.4,0
C019407,799485.1106215375,85.0,1
C019408,528643.5909946895,74.3,0
C019409,0.0,7.0,0
C019410,0.0,7.0,0
C019411,777361.3846226403,84.1,1
C019412,284225.90503497253,55.7,0
C019413,281898.22098266525,55.3,0
C019414,669024.676882706,79.2,0
C019415,367881.18040265574,67.4,0
C019416,0.0,7.0,0
C019417,653886.9599358606,78.5,0
C019418,137798.7187979601,28.5,0
C019419,0.0,7.0,0
C019420,165390.8847103507,32.9,0
C019421,61729.930819298876,17.7,0
C019422,97525.06320280467,22.3,0
C019423,301297.08357036597,58.8,0
C019424,189259.9631869266,37.0,0
C019425,4288036.230910052,97.6,1
C019426,94360.16399473805,21.9,0
C019427,415616.1271405206,70.7,0
C019428,294502.59504764655,57.5,0
C019429,361638.8998535779,66.9,0
C019430,273236.2528395375,53.8,0
C019431,122458.52369693585,26.2,0
C019432,422714.1184705658,71.0,0
C019433,4582941.531213677,99.1,1
C019434,265591.6263601971,52.2,0
C019435,0.0,7.0,0
C019436,343894.1213902298,65.0,0
C019437,202307.63785702013,39.2,0
C019438,561102.4772754748,75.2,0
C019439,663825.6902550833,78.9,0
C019440,3735714.704084709,93.7,1
C019441,0.0,7.0,0
C019442,310903.777175426,60.5,0
C019443,111864.0791700533,24.5,0
C019444,519217.92829321214,74.1,0
C019445,194824.50193171226,37.9,0
C019446,611511.1405758922,76.9,0
C019447,751179.0881873916,83.0,1
C019448,139516.7595087936,28.8,0
C019449,486853.18621147115,73.2,0
C019450,0.0,7.0,0
C019451,2967134.759981459,91.0,1
C019452,0.0,7.0,0
C019453,790403.6041449464,84.7,1
C019454,192986.66743034348,37.6,0
C019455,217373.56313801053,42.2,0
C019456,162165.10157874966,32.4,0
C019457,0.0,7.0,0
C019458,111840.0288891787,24.5,0
C019459,118596.69146017006,25.6,0
C019460,3516210.3164233034,92.3,1
C019461,41303.876237407945,15.8,0
C019462,248017.8374240794,48.3,0
C019463,1329011.8414939346,90.7,1
C019464,711490.5310545051,81.3,1
C019465,149128.06314158792,30.4,0
C019466,578256.3365291122,75.7,0
C019467,0.0,7.0,0
C019468,0.0,7.0,0
C019469,0.0,7.0,0
C019470,286449.5584793453,56.2,0
C019471,0.0,7.0,0
C019472,221132.80213511607,42.9,0
C019473,4005612.9657957377,95.5,1
C019474,841287.2113673493,86.8,1
C019475,0.0,7.0,0
C019476,0.0,7.0,0
C019477,224467.68333199958,43.6,0
C019478,532910.731710613,74.5,0
C019479,179158.31643112336,35.1,0
C019480,158232.1335913453,31.8,0
C019481,4065830.4531311975,95.9,1
C019482,268339.67578984436,52.7,0
C019483,495214.6889563999,73.4,0
C019484,286743.1021853962,56.2,0
C019485,127597.22959536855,27.1,0
C019486,351060.0658737159,65.9,0
C019487,239209.65941533737,46.6,0
C019488,777095.5655335542,84.1,1
C019489,0.0,7.0,0
C019490,265474.7609195224,52.1,0
C019491,0.0,7.0,0
C019492,0.0,7.0,0
C019493,0.0,7.0,0
C019494,179495.88123058583,35.2,0
C019495,151023.11982850282,30.7,0
C019496,4867539.792843386,99.8,1
C019497,0.0,7.0,0
C019498,959062.6243589765,89.8,1
C019499,285350.8757196734,55.9,0
C019500,160783.4341426715,32.2,0
C019501,3537800.3189212265,92.4,1
C019502,357097.65239641553,66.5,0
C019503,325833.8483626488,62.8,0
C019504,375300.59594417864,68.0,0
C019505,190627.04870835607,37.2,0
C019506,358482.7662365827,66.6,0
C019507,129726.4886887965,27.4,0
C019508,591385.8731910109,76.1,0
C019509,279309.2605716608,54.8,0
C019510,265892.1018881585,52.2,0
C019511,350018.2381338655,65.8,0
C019512,247223.70624149067,48.1,0
C019513,0.0,7.0,0
C019514,845207.9373835665,86.9,1
C019515,415982.5561835312,70.7,0
C019516,3895581.9600305175,94.6,1
C019517,603157.6672127711,76.6,0
C019518,205486.6791072652,39.9,0
C019519,143949.56807880418,29.6,0
C019520,746496.522981738,82.8,1
C019521,217841.3174441038,42.3,0
C019522,4440784.3028387185,98.5,1
C019523,203613.92787815662,39.5,0
C019524,118390.84421929787,25.6,0
C019525,0.0,7.0,0
C019526,792980.5136686019,84.8,1
C019527,74802.5660168342,19.2,0
C019528,428894.44522115024,71.3,0
C019529,310711.0713407305,60.5,0
C019530,890834.6377195228,88.3,1
C019531,52503.901286978056,16.8,0
C019532,241290.9361348619,46.9,0
C019533,110453.53974953314,24.3,0
C019534,376106.2839431431,68.1,0
C019535,331761.66901133535,63.6,0
C019536,0.0,7.0,0
C019537,757936.8383533168,83.3,1
C019538,114717.86848752298,25.1,0
C019539,262025.135592786,51.3,0
C019540,3856908.750298745,94.4,1
C019541,55201.95561369506,17.0,0
C019542,0.0,7.0,0
C019543,241857.33183692026,47.1,0
C019544,0.0,7.0,0
C019545,0.0,7.0,0
C019546,0.0,7.0,0
C019547,524880.5066445802,74.2,0
C019548,168530.6623456274,33.5,0
C019549,4826201.128869318,99.7,1
C019550,11942.813980114825,14.5,0
C019551,4645666.470920561,99.2,1
C019552,289535.91135080805,56.7,0
C019553,975388.7515016596,90.0,1
C019554,720668.6890577713,81.7,1
C019555,926075.0242372446,89.2,1
C019556,4148352.5049379924,96.4,1
C019557,0.0,7.0,0
C019558,177344.0264191793,34.8,0
C019559,4985787.917330505,99.9,1
C019560,3727324.17895047,93.6,1
C019561,0.0,7.0,0
C019562,3818488.219749383,94.2,1
C019563,230831.13232802015,44.8,0
C019564,447457.74266113347,71.9,0
C019565,309022.4162951509,60.2,0
C019566,0.0,7.0,0
C019567,783948.7340849893,84.4,1
C019568,193722.71120961983,37.7,0
C019569,187294.62874977678,36.5,0
C019570,195562.8287954264,38.0,0
C019571,0.0,7.0,0
C019572,274056.6689035266,53.9,0
C019573,309346.23074923607,60.2,0
C019574,198564.61135116173,38.6,0
C019575,616265.1911121234,77.1,0
C019576,112621.59914313517,24.7,0
C019577,387569.3555841612,69.0,0
C019578,3772900.7673971336,93.9,1
C019579,402371.85567832994,70.0,0
C019580,750962.4910164283,83.0,1
C019581,198087.92343462113,38.5,0
C019582,907626.9887340249,88.7,1
C019583,492232.6728001916,73.3,0
C019584,858801.3259060669,87.3,1
C019585,126824.91958382595,27.0,0
C019586,789137.290914578,84.6,1
C019587,851468.7013280974,87.1,1
C019588,247607.92838912888,48.2,0
C019589,256520.36108885455,50.1,0
C019590,312325.95920387516,60.7,0
C019591,274822.39651279623,54.0,0
C019592,298886.07442426553,58.3,0
C019593,499182.79670731537,73.6,0
C019594,335852.8246728974,64.1,0
C019595,163803.7687673928,32.6,0
C019596,233217.57762365672,45.3,0
C019597,798905.2322230134,85.0,1
C019598,0.0,7.0,0
C019599,210086.42134542836,40.8,0
C019600,158927.27396431993,31.9,0
C019601,224115.81011303893,43.5,0
C019602,45775.38860223812,16.2,0
C019603,467518.77618617687,72.6,0
C019604,4326381.561663812,97.8,1
C019605,399151.76291389426,69.8,0
C019606,272048.2419004626,53.5,0
C019607,188709.27668165643,36.9,0
C019608,813240.9656251109,85.6,1
C019609,765680.7417863721,83.6,1
C019610,503479.49550838233,73.7,0
C019611,97674.33227907123,22.4,0
C019612,316259.36224909074,61.4,0
C019613,110256.96178328253,24.3,0
C019614,71450.52826546493,18.8,0
C019615,500127.53892061906,73.6,0
C019616,310415.9938117149,60.4,0
C019617,0.0,7.0,0
C019618,847753.0611576823,87.0,1
C019619,0.0,7.0,0
C019620,242944.02905121358,47.3,0
C019621,0.0,7.0,0
C019622,89265.30613210423,21.2,0
C019623,0.0,7.0,0
C019624,3733926.8941247663,93.7,1
C019625,3318.3068887619743,14.2,0
C019626,0.0,7.0,0
C019627,361875.78102813027,66.9,0
C019628,299156.9866961795,58.4,0
C019629,129091.15195139915,27.3,0
C019630,101654.14509315623,23.0,0
C019631,346870.1107450593,65.4,0
C019632,121980.49627074337,26.1,0
C019633,695795.344175912,80.5,1
C019634,150165.40247829468,30.5,0
C019635,0.0,7.0,0
C019636,11760.224603255423,14.4,0
C019637,349168.3440778983,65.6,0
C019638,312493.58856836206,60.7,0
C019639,330923.83938690415,63.5,0
C019640,924353.9561646209,89.1,1
C019641,189475.64111908773,37.0,0
C019642,866249.2195355763,87.5,1
C019643,516986.7559953949,74.0,0
C019644,4386474.673933078,98.2,1
C019645,255161.9959476838,49.8,0
C019646,111465.09147639024,24.5,0
C019647,247572.4285295133,48.2,0
C019648,270357.7810804467,53.1,0
C019649,3709688.496835223,93.5,1
C019650,238977.46359371816,46.5,0
C019651,565137.1228774943,75.4,0
C019652,284304.17264062946,55.8,0
C019653,233130.39914676663,45.2,0
C019654,436609.64227247983,71.6,0
C019655,226612.06728114575,43.9,0
C019656,0.0,7.0,0
C019657,436146.6126794489,71.5,0
C019658,300155.6835879186,58.6,0
C019659,800155.6531986917,85.1,1
C019660,309530.5884875899,60.3,0
C019661,145544.01062834362,29.9,0
C019662,217188.7718657497,42.2,0
C019663,258289.5837357663,50.5,0
C019664,615449.3444612547,77.0,0
C019665,209745.58342402673,40.7,0
C019666,236229.90739186126,45.9,0
C019667,74831.17098235723,19.2,0
C019668,0.0,7.0,0
C019669,4760811.8425058415,99.5,1
C019670,775287.1965943181,84.0,1
C019671,280682.6273137651,55.1,0
C019672,250024.06147312943,48.7,0
C019673,514530.1409005952,74.0,0
C019674,0.0,7.0,0
C019675,836617.182063584,86.6,1
C019676,0.0,7.0,0
C019677,93813.89635195056,21.8,0
C019678,382049.948664114,68.6,0
C019679,601050.7138306724,76.5,0
C019680,802334.4004855779,85.1,1
C019681,122065.38895101921,26.1,0
C019682,457571.6202290252,72.3,0
C019683,737382.1650247566,82.4,1
C019684,240191.19595939183,46.7,0
C019685,3592156.232175671,92.7,1
C019686,262709.9634663923,51.5,0
C019687,126614.46212472366,26.9,0
C019688,904509.1483525,88.6,1
C019689,183266.55909025364,35.8,0
C019690,386185.8953324403,68.9,0
C019691,0.0,7.0,0
C019692,0.0,7.0,0
C019693,0.0,7.0,0
C019694,0.0,7.0,0
C019695,572731.1732533745,75.6,0
C019696,110063.20299665761,24.2,0
C019697,3226356.390700887,91.4,1
C019698,90207.390000411,21.3,0
C019699,69734.22866703376,18.6,0
C019700,432375.73192350904,71.4,0
C019701,307205.4568099422,59.8,0
C019702,390105.1311946696,69.2,0
C019703,156703.3835316139,31.6,0
C019704,164072.1249573178,32.7,0
C019705,343074.0256915247,64.9,0
C019706,0.0,7.0,0
C019707,115549.3967205641,25.2,0
C019708,175897.72855402375,34.5,0
C019709,29482.53869628122,15.1,0
C019710,294595.5599631834,57.6,0
C019711,3631589.069407567,92.9,1
C019712,313045.2343729837,60.8,0
C019713,941748.7175833402,89.4,1
C019714,430041.4021528648,71.3,0
C019715,363250.25100498914,67.0,0
C019716,0.0,7.0,0
C019717,309586.4784227018,60.3,0
C019718,232218.06989284107,45.0,0
C019719,367147.1391586858,67.3,0
C019720,222193.5299627896,43.1,0
C019721,58283.48835663162,17.3,0
C019722,249171.01600874646,48.6,0
C019723,247852.86844563487,48.2,0
C019724,693156.3324694728,80.4,1
C019725,319320.07048016915,61.8,0
C019726,487097.3223371691,73.2,0
C019727,13919.92824034472,14.5,0
C019728,4638365.06200408,99.2,1
C019729,0.0,7.0,0
C019730,194730.23455100603,37.9,0
C019731,540276.042288393,74.7,0
C019732,47904.25533195542,16.4,0
C019733,197427.3417088549,38.4,0
C019734,0.0,7.0,0
C019735,270937.78602641146,53.3,0
C019736,398249.46512693947,69.7,0
C019737,0.0,7.0,0
C019738,156352.1959821999,31.5,0
C019739,779641.4729163486,84.2,1
C019740,216887.61391409533,42.1,0
C019741,100852.27967644123,22.8,0
C019742,710565.312902851,81.3,1
C019743,870625.2651822389,87.7,1
C019744,553188.9232690443,75.0,0
C019745,277469.89294032357,54.5,0
C019746,361516.48798218137,66.8,0
C019747,278311.7242742791,54.6,0
C019748,730538.9112571172,82.1,1
C019749,0.0,7.0,0
C019750,2763494.4981028307,90.8,1
C019751,0.0,7.0,0
C019752,693836.0759253594,80.4,1
C019753,353978.5384127745,66.2,0
C019754,243318.15633062788,47.4,0
C019755,274872.0659870427,54.0,0
C019756,638651.5415115792,77.9,0
C019757,659214.8480301264,78.7,0
C019758,0.0,7.0,0
C019759,285157.51661293494,55.9,0
C019760,56308.45457788883,17.1,0
C019761,331530.1011160918,63.6,0
C019762,153728.34931863545,31.1,0
C019763,335027.73494293564,64.0,0
C019764,41489.45566025428,15.9,0
C019765,0.0,7.0,0
C019766,305845.61802133545,59.6,0
C019767,0.0,7.0,0
C019768,0.0,7.0,0
C019769,3349151.155931557,91.7,1
C019770,694207.7076176207,80.5,1
C019771,4178078.739847366,96.6,1
C019772,295410.583165786,57.7,0
C019773,192847.88660469794,37.5,0
C019774,3980024.309910861,95.3,1
C019775,411045.7711318142,70.4,0
C019776,0.0,7.0,0
C019777,587099.2904241055,76.0,0
C019778,3826132.135040411,94.2,1
C019779,747682.9425954875,82.8,1
C019780,150079.4160075272,30.5,0
C019781,0.0,7.0,0
C019782,690573.9683025607,80.3,1
C019783,490267.7820595909,73.3,0
C019784,3696585.5771024693,93.3,1
C019785,185344.51664154418,36.1,0
C019786,261226.85705601212,51.2,0
C019787,232825.78119088343,45.2,0
C019788,0.0,7.0,0
C019789,266808.07688711863,52.4,0
C019790,365796.2828344853,67.2,0
C019791,220294.17791186683,42.8,0
C019792,262596.6845388205,51.5,0
C019793,4299415.337525472,97.7,1
C019794,0.0,7.0,0
C019795,875407.9307423364,87.9,1
C019796,0.0,7.0,0
C019797,826232.2027056206,86.2,1
C019798,289575.93135969463,56.7,0
C019799,817927.6061994503,85.8,1
C019800,224088.67634421706,43.5,0
C019801,326085.5840917992,62.8,0
C019802,221226.08864838904,42.9,0
C019803,211282.22045719746,41.0,0
C019804,4476531.59769905,98.6,1
C019805,97323.60319801093,22.3,0
C019806,911980.8141980392,88.9,1
C019807,305658.1271154718,59.6,0
C019808,941668.6823444188,89.4,1
C019809,178467.48937666125,34.9,0
C019810,320230.0183538032,61.9,0
C019811,32410.288316702765,15.3,0
C019812,282470.82434287685,55.4,0
C019813,4296621.778615666,97.6,1
C019814,110397.10055249878,24.3,0
C019815,652665.7916797537,78.4,0
C019816,804835.1490438438,85.3,1
C019817,186207.85573165462,36.3,0
C019818,0.0,7.0,0
C019819,371669.7825997916,67.7,0
C019820,167205.45552874508,33.2,0
C019821,934853.3125094426,89.3,1
C019822,3970810.67456037,95.2,1
C019823,0.0,7.0,0
C019824,822899.4144126294,86.0,1
C019825,367225.9529828393,67.4,0
C019826,148852.31621957803,30.4,0
C019827,608859.2494756967,76.8,0
C019828,254070.4161724751,49.6,0
C019829,188245.08956437834,36.7,0
C019830,96157.85796418517,22.1,0
C019831,374176.9552137752,68.0,0
C019832,395555.435006711,69.6,0
C019833,306650.7383986219,59.7,0
C019834,0.0,7.0,0
C019835,0.0,7.0,0
C019836,185466.48325470768,36.1,0
C019837,297611.71982844034,58.1,0
C019838,316449.4693945581,61.4,0
C019839,0.0,7.0,0
C019840,409758.131758193,70.4,0
C019841,145549.07417170046,29.9,0
C019842,295038.4280778207,57.7,0
C019843,180874.840303785,35.4,0
C019844,357244.4105376126,66.5,0
C019845,81602.86648781007,20.2,0
C019846,54208.05802335086,16.9,0
C019847,366988.5677418457,67.3,0
C019848,119265.7503520219,25.7,0
C019849,97274.5542806354,22.3,0
C019850,377039.006284942,68.2,0
C019851,307359.3676382341,59.9,0
C019852,69086.5888229289,18.5,0
C019853,109281.80799199406,24.1,0
C019854,594793.0859634972,76.2,0
C019855,674330.3555133049,79.5,0
C019856,90007.4054205235,21.3,0
C019857,0.0,7.0,0
C019858,0.0,7.0,0
C019859,539819.8321421598,74.6,0
C019860,3704016.795744825,93.4,1
C019861,179801.29241730392,35.2,0
C019862,431384.90318307065,71.4,0
C019863,388441.4975120907,69.1,0
C019864,30079.659421962097,15.1,0
C019865,289555.7622057882,56.7,0
C019866,0.0,7.0,0
C019867,861282.3152917022,87.4,1
C019868,372686.76696178113,67.8,0
C019869,455167.35681104066,72.3,0
C019870,108774.02461327461,24.0,0
C019871,154500.39918439253,31.2,0
C019872,116152.27743576697,25.3,0
C019873,835889.8278972001,86.5,1
C019874,786646.6282433553,84.5,1
C019875,126367.09023976761,26.8,0
C019876,315606.9112013567,61.3,0
C019877,331382.60046492616,63.6,0
C019878,1004876.6356169026,90.3,1
C019879,348309.4828149477,65.6,0
C019880,1046972.033155096,90.5,1
C019881,257808.97459641128,50.4,0
C019882,4363360.244863486,98.1,1
C019883,168317.18922607895,33.4,0
C019884,40661.10872163839,15.8,0
C019885,3572021.5784437736,92.6,1
C019886,174194.2328954223,34.3,0
C019887,263962.16453192855,51.8,0
C019888,609621.3806332137,76.8,0
C019889,754416.0791502615,83.1,1
C019890,258501.72294064716,50.5,0
C019891,47134.28015698526,16.3,0
C019892,0.0,7.0,0
C019893,198276.97469848837,38.6,0
C019894,95973.56754887482,22.1,0
C019895,217870.82461617663,42.3,0
C019896,383074.7105039411,68.6,0
C019897,289588.1095955836,56.7,0
C019898,3861143.6529634926,94.4,1
C019899,1082416.1203570159,90.6,1
C019900,321034.6763764523,62.0,0
C019901,80836.34372825327,20.1,0
C019902,231593.1679773161,44.9,0
C019903,794903.4053997468,84.9,1
C019904,268199.6842701205,52.7,0
C019905,127106.30817214561,27.0,0
C019906,303539.5442157523,59.2,0
C019907,56328.029455837386,17.1,0
C019908,296831.259577879,58.0,0
C019909,189726.22242629848,37.0,0
C019910,3983938.763414047,95.3,1
C019911,76749.21221807145,19.5,0
C019912,814264.5869428517,85.6,1
C019913,0.0,7.0,0
C019914,1113512.241222226,90.6,1
C019915,0.0,7.0,0
C019916,4449155.301162975,98.5,1
C019917,119807.33328434011,25.8,0
C019918,3986606.6292276154,95.4,1
C019919,236724.97452250746,46.0,0
C019920,3800867.9888524516,94.1,1
C019921,255865.80105808823,50.0,0
C019922,40187.39768079601,15.8,0
C019923,156629.9389794472,31.6,0
C019924,4069515.824437417,96.0,1
C019925,0.0,7.0,0
C019926,296049.2483924716,57.9,0
C019927,235741.58676089256,45.8,0
C019928,293168.76207024825,57.3,0
C019929,158724.6743291982,31.9,0
C019930,327745.8671655374,63.0,0
C019931,282344.54503216426,55.4,0
C019932,3453698.6765111927,92.0,1
C019933,604249.4501528585,76.6,0
C019934,85001.22033533,20.6,0
C019935,245520.76231207224,47.8,0
C019936,118354.72610324055,25.6,0
C019937,3949285.073925921,95.0,1
C019938,139802.34799161513,28.9,0
C019939,0.0,7.0,0
C019940,0.0,7.0,0
C019941,176038.10899186163,34.6,0
C019942,861267.1262617632,87.4,1
C019943,219283.97359134405,42.5,0
C019944,4100835.305610698,96.1,1
C019945,398311.16445955477,69.7,0
C019946,272187.4066335671,53.5,0
C019947,3369408.667202168,91.7,1
C019948,0.0,7.0,0
C019949,207336.38942136324,40.3,0
C019950,55383.880528777176,17.0,0
C019951,174727.3799284116,34.4,0
C019952,74752.46078515038,19.2,0
C019953,108418.48613736013,23.9,0
C019954,0.0,7.0,0
C019955,0.0,7.0,0
C019956,4143932.5673081623,96.4,1
C019957,665113.8361815456,79.0,0
C019958,4349292.822440079,98.0,1
C019959,0.0,7.0,0
C019960,315970.61303286767,61.3,0
C019961,816196.0096371911,85.7,1
C019962,0.0,7.0,0
C019963,209251.87169090268,40.6,0
C019964,262523.8085509416,51.5,0
C019965,99332.43327519853,22.6,0
C019966,325385.8599889438,62.7,0
C019967,3972067.0549407955,95.2,1
C019968,178786.856866139,35.0,0
C019969,393115.30190475134,69.4,0
C019970,119493.98484015425,25.8,0
C019971,0.0,7.0,0
C019972,249918.30625052674,48.7,0
C019973,117515.86122425021,25.5,0
C019974,624375.1360631459,77.4,0
C019975,0.0,7.0,0
C019976,0.0,7.0,0
C019977,379973.11872668116,68.4,0
C019978,132153.03593968926,27.8,0
C019979,240522.4953984483,46.8,0
C019980,0.0,7.0,0
C019981,263034.2361889784,51.6,0
C019982,171314.98300535514,33.8,0
C019983,314839.07036025805,61.1,0
C019984,222155.21527178117,43.0,0
C019985,253343.74554439998,49.5,0
C019986,77866.0182984838,19.6,0
C019987,3.919800608475886,14.0,0
C019988,413008.637156096,70.6,0
C019989,285801.8693020819,56.0,0
C019990,321408.46639904863,62.1,0
C019991,4039681.292225316,95.7,1
C019992,265736.27021489973,52.2,0
C019993,834563.4547812854,86.5,1
C019994,309991.3932017985,60.4,0
C019995,0.0,7.0,0
C019996,179053.3401377999,35.1,0
C019997,105697.67172572788,23.6,0
C019998,60622.2967576584,17.5,0
C019999,553972.1509203038,75.1,0
