scenario,budget,targeted_customers,total_cost,total_expected_gain,avg_roi,persuadables_pct
50%,25000000.0,2244,11220000,442235123.0,38.4149,2.5401069518716577
100%,50000000.0,2244,11220000,442235123.0,38.4149,2.5401069518716577
200%,100000000.0,2244,11220000,442235123.0,38.4149,2.5401069518716577
